player_name,player_id,team,injury_type,injury_reason,fixture_date
J. Butland,2930,Crystal Palace,Missing Fixture,Wrist Injury,2022-08-05T19:00:00+00:00
J. McArthur,18849,Crystal Palace,Missing Fixture,Groin Injury,2022-08-05T19:00:00+00:00
M. Olise,19617,Crystal Palace,Missing Fixture,Foot Injury,2022-08-05T19:00:00+00:00
J. Tomkins,18844,Crystal Palace,Missing Fixture,Muscle Injury,2022-08-05T19:00:00+00:00
E. Smith Rowe,1161,Arsenal,Questionable,Muscle Injury,2022-08-05T19:00:00+00:00
T. Tomiyasu,2597,Arsenal,Questionable,Thigh Injury,2022-08-05T19:00:00+00:00
F. Vieira,41725,Arsenal,Questionable,Ankle Injury,2022-08-05T19:00:00+00:00
N. Chalobah,18803,Fulham,Missing Fixture,Injury,2022-08-06T11:30:00+00:00
H. Wilson,19221,Fulham,Missing Fixture,Knee Injury,2022-08-06T11:30:00+00:00
Diogo Jota,2678,Liverpool,Missing Fixture,Muscle Injury,2022-08-06T11:30:00+00:00
C. Jones,293,Liverpool,Missing Fixture,Calf Injury,2022-08-06T11:30:00+00:00
C. Kelleher,281,Liverpool,Missing Fixture,Muscle Injury,2022-08-06T11:30:00+00:00
I. Konate,1145,Liverpool,Missing Fixture,Injury,2022-08-06T11:30:00+00:00
A. Oxlade-Chamberlain,297,Liverpool,Missing Fixture,Muscle Injury,2022-08-06T11:30:00+00:00
N. Keita,294,Liverpool,Questionable,Illness,2022-08-06T11:30:00+00:00
K. Tsimikas,1600,Liverpool,Questionable,Knock,2022-08-06T11:30:00+00:00
D. Brooks,18870,Bournemouth,Missing Fixture,Illness,2022-08-06T14:00:00+00:00
J. Rothwell,19482,Bournemouth,Missing Fixture,Thigh Injury,2022-08-06T14:00:00+00:00
R. Fredericks,18815,Bournemouth,Questionable,Calf Injury,2022-08-06T14:00:00+00:00
K. Hause,19177,Aston Villa,Missing Fixture,Knee Injury,2022-08-06T14:00:00+00:00
L. Ayling,19116,Leeds,Missing Fixture,Knee Injury,2022-08-06T14:00:00+00:00
M. Bogusz,19125,Leeds,Missing Fixture,Knee Injury,2022-08-06T14:00:00+00:00
L. Cooper,19118,Leeds,Missing Fixture,Achilles Tendon Injury,2022-08-06T14:00:00+00:00
S. Dallas,19126,Leeds,Missing Fixture,Broken Leg,2022-08-06T14:00:00+00:00
J. Firpo,1564,Leeds,Missing Fixture,Knee Injury,2022-08-06T14:00:00+00:00
A. Forshaw,19127,Leeds,Missing Fixture,Knee Injury,2022-08-06T14:00:00+00:00
D. James,19329,Leeds,Missing Fixture,Red Card,2022-08-06T14:00:00+00:00
L. Sinisterra,37161,Leeds,Missing Fixture,Thigh Injury,2022-08-06T14:00:00+00:00
Chiquinho,195962,Wolves,Missing Fixture,Knee Injury,2022-08-06T14:00:00+00:00
R. Jimenez,2887,Wolves,Missing Fixture,Knee Injury,2022-08-06T14:00:00+00:00
N. Semedo,130,Wolves,Questionable,Thigh Injury,2022-08-06T14:00:00+00:00
A. Traore,18753,Wolves,Questionable,Thigh Injury,2022-08-06T14:00:00+00:00
F. Fernandez,18893,Newcastle,Missing Fixture,Calf Injury,2022-08-06T14:00:00+00:00
J. Lewis,19076,Newcastle,Missing Fixture,Calf Injury,2022-08-06T14:00:00+00:00
J. Manquillo,18896,Newcastle,Missing Fixture,Groin Injury,2022-08-06T14:00:00+00:00
J. Shelvey,18904,Newcastle,Missing Fixture,Thigh Injury,2022-08-06T14:00:00+00:00
O. Richards,19610,Nottingham Forest,Missing Fixture,Calf Injury,2022-08-06T14:00:00+00:00
R. Yates,19305,Nottingham Forest,Questionable,Knee Injury,2022-08-06T14:00:00+00:00
Richarlison,2413,Tottenham,Missing Fixture,Suspended,2022-08-06T14:00:00+00:00
O. Skipp,180,Tottenham,Missing Fixture,Leg Injury,2022-08-06T14:00:00+00:00
V. Livramento,158694,Southampton,Missing Fixture,Knee Injury,2022-08-06T14:00:00+00:00
T. Walcott,18769,Southampton,Missing Fixture,Injury,2022-08-06T14:00:00+00:00
N. Tella,231029,Southampton,Questionable,Knee Injury,2022-08-06T14:00:00+00:00
D. Calvert-Lewin,18766,Everton,Missing Fixture,Knee Injury,2022-08-06T16:30:00+00:00
A. Gomes,18765,Everton,Missing Fixture,Injury,2022-08-06T16:30:00+00:00
S. Rondon,2461,Everton,Missing Fixture,Red Card,2022-08-06T16:30:00+00:00
A. Townsend,18854,Everton,Missing Fixture,Knee Injury,2022-08-06T16:30:00+00:00
T. Davies,18762,Everton,Questionable,Injury,2022-08-06T16:30:00+00:00
T. Werner,1166,Chelsea,Questionable,Muscle Injury,2022-08-06T16:30:00+00:00
H. Barnes,18778,Leicester,Missing Fixture,Knee Injury,2022-08-07T13:00:00+00:00
R. Bertrand,18936,Leicester,Missing Fixture,Knee Injury,2022-08-07T13:00:00+00:00
R. Pereira,18771,Leicester,Missing Fixture,Achilles Tendon Injury,2022-08-07T13:00:00+00:00
K. Ajer,1119,Brentford,Missing Fixture,Thigh Injury,2022-08-07T13:00:00+00:00
S. Canos,19352,Brentford,Missing Fixture,Thigh Injury,2022-08-07T13:00:00+00:00
E. Pinnock,19789,Brentford,Missing Fixture,Muscle Injury,2022-08-07T13:00:00+00:00
M. Greenwood,897,Manchester United,Missing Fixture,Inactive,2022-08-07T13:00:00+00:00
A. Martial,908,Manchester United,Missing Fixture,Thigh Injury,2022-08-07T13:00:00+00:00
B. Williams,138806,Manchester United,Missing Fixture,Injury,2022-08-07T13:00:00+00:00
F. Pellistri,70078,Manchester United,Questionable,Ankle Injury,2022-08-07T13:00:00+00:00
J. Moder,40911,Brighton,Missing Fixture,Knee Injury,2022-08-07T13:00:00+00:00
N. Aguerd,21694,West Ham,Missing Fixture,Ankle Injury,2022-08-07T15:30:00+00:00
I. Diop,18814,West Ham,Questionable,Knock,2022-08-07T15:30:00+00:00
A. Ogbonna,18817,West Ham,Questionable,Lacking Match Fitness,2022-08-07T15:30:00+00:00
A. Laporte,622,Manchester City,Missing Fixture,Knee Injury,2022-08-07T15:30:00+00:00
B. Mendy,623,Manchester City,Missing Fixture,Suspended,2022-08-07T15:30:00+00:00
K. Hause,19177,Aston Villa,Missing Fixture,Knee Injury,2022-08-13T11:30:00+00:00
D. Calvert-Lewin,18766,Everton,Missing Fixture,Knee Injury,2022-08-13T11:30:00+00:00
B. Godfrey,19073,Everton,Missing Fixture,Ankle Injury,2022-08-13T11:30:00+00:00
A. Gomes,18765,Everton,Missing Fixture,Injury,2022-08-13T11:30:00+00:00
Y. Mina,2484,Everton,Missing Fixture,Ankle Injury,2022-08-13T11:30:00+00:00
A. Townsend,18854,Everton,Missing Fixture,Knee Injury,2022-08-13T11:30:00+00:00
R. Nelson,727,Arsenal,Missing Fixture,Injury,2022-08-13T14:00:00+00:00
F. Vieira,41725,Arsenal,Questionable,Ankle Injury,2022-08-13T14:00:00+00:00
H. Barnes,18778,Leicester,Missing Fixture,Knee Injury,2022-08-13T14:00:00+00:00
R. Bertrand,18936,Leicester,Missing Fixture,Knee Injury,2022-08-13T14:00:00+00:00
R. Pereira,18771,Leicester,Missing Fixture,Achilles Tendon Injury,2022-08-13T14:00:00+00:00
J. Moder,40911,Brighton,Missing Fixture,Knee Injury,2022-08-13T14:00:00+00:00
J. Shelvey,18904,Newcastle,Missing Fixture,Thigh Injury,2022-08-13T14:00:00+00:00
F. Fernandez,18893,Newcastle,Questionable,Calf Injury,2022-08-13T14:00:00+00:00
E. Krafth,2855,Newcastle,Questionable,Thigh Injury,2022-08-13T14:00:00+00:00
J. Lewis,19076,Newcastle,Questionable,Calf Injury,2022-08-13T14:00:00+00:00
A. Laporte,622,Manchester City,Missing Fixture,Knee Injury,2022-08-13T14:00:00+00:00
B. Mendy,623,Manchester City,Missing Fixture,Suspended,2022-08-13T14:00:00+00:00
C. Palmer,152982,Manchester City,Questionable,Knock,2022-08-13T14:00:00+00:00
K. Phillips,19130,Manchester City,Questionable,Knock,2022-08-13T14:00:00+00:00
D. Brooks,18870,Bournemouth,Missing Fixture,Illness,2022-08-13T14:00:00+00:00
R. Fredericks,18815,Bournemouth,Missing Fixture,Calf Injury,2022-08-13T14:00:00+00:00
J. Rothwell,19482,Bournemouth,Missing Fixture,Thigh Injury,2022-08-13T14:00:00+00:00
V. Livramento,158694,Southampton,Missing Fixture,Knee Injury,2022-08-13T14:00:00+00:00
T. Walcott,18769,Southampton,Missing Fixture,Injury,2022-08-13T14:00:00+00:00
L. Ayling,19116,Leeds,Missing Fixture,Knee Injury,2022-08-13T14:00:00+00:00
M. Bogusz,19125,Leeds,Missing Fixture,Knee Injury,2022-08-13T14:00:00+00:00
S. Dallas,19126,Leeds,Missing Fixture,Broken Leg,2022-08-13T14:00:00+00:00
J. Firpo,1564,Leeds,Missing Fixture,Knee Injury,2022-08-13T14:00:00+00:00
Chiquinho,195962,Wolves,Missing Fixture,Knee Injury,2022-08-13T14:00:00+00:00
R. Jimenez,2887,Wolves,Missing Fixture,Knee Injury,2022-08-13T14:00:00+00:00
J. Moutinho,2677,Wolves,Questionable,Foot Injury,2022-08-13T14:00:00+00:00
M. Solomon,697,Fulham,Missing Fixture,Knee Injury,2022-08-13T14:00:00+00:00
H. Wilson,19221,Fulham,Missing Fixture,Knee Injury,2022-08-13T14:00:00+00:00
J. Bryan,19015,Fulham,Questionable,Wrist Injury,2022-08-13T14:00:00+00:00
K. Ajer,1119,Brentford,Missing Fixture,Thigh Injury,2022-08-13T16:30:00+00:00
S. Canos,19352,Brentford,Missing Fixture,Thigh Injury,2022-08-13T16:30:00+00:00
E. Pinnock,19789,Brentford,Missing Fixture,Muscle Injury,2022-08-13T16:30:00+00:00
M. Greenwood,897,Manchester United,Missing Fixture,Inactive,2022-08-13T16:30:00+00:00
V. Lindelof,889,Manchester United,Missing Fixture,Knock,2022-08-13T16:30:00+00:00
F. Pellistri,70078,Manchester United,Missing Fixture,Ankle Injury,2022-08-13T16:30:00+00:00
B. Williams,138806,Manchester United,Missing Fixture,Injury,2022-08-13T16:30:00+00:00
A. Martial,908,Manchester United,Questionable,Thigh Injury,2022-08-13T16:30:00+00:00
O. Richards,19610,Nottingham Forest,Missing Fixture,Calf Injury,2022-08-14T13:00:00+00:00
R. Yates,19305,Nottingham Forest,Questionable,Knee Injury,2022-08-14T13:00:00+00:00
N. Aguerd,21694,West Ham,Missing Fixture,Ankle Injury,2022-08-14T13:00:00+00:00
C. Dawson,19147,West Ham,Questionable,Thigh Injury,2022-08-14T13:00:00+00:00
A. Ogbonna,18817,West Ham,Questionable,Lacking Match Fitness,2022-08-14T13:00:00+00:00
M. Alonso,2278,Chelsea,Missing Fixture,Muscle Injury,2022-08-14T15:30:00+00:00
M. Kovacic,2291,Chelsea,Missing Fixture,Knee Injury,2022-08-14T15:30:00+00:00
C. Lenglet,133,Tottenham,Missing Fixture,Groin Injury,2022-08-14T15:30:00+00:00
O. Skipp,180,Tottenham,Missing Fixture,Leg Injury,2022-08-14T15:30:00+00:00
C. Jones,293,Liverpool,Missing Fixture,Calf Injury,2022-08-15T19:00:00+00:00
C. Kelleher,281,Liverpool,Missing Fixture,Muscle Injury,2022-08-15T19:00:00+00:00
I. Konate,1145,Liverpool,Missing Fixture,Injury,2022-08-15T19:00:00+00:00
A. Oxlade-Chamberlain,297,Liverpool,Missing Fixture,Muscle Injury,2022-08-15T19:00:00+00:00
Thiago,507,Liverpool,Missing Fixture,Hamstring Injury,2022-08-15T19:00:00+00:00
Diogo Jota,2678,Liverpool,Questionable,Muscle Injury,2022-08-15T19:00:00+00:00
J. Matip,286,Liverpool,Questionable,Groin Injury,2022-08-15T19:00:00+00:00
J. Butland,2930,Crystal Palace,Missing Fixture,Wrist Injury,2022-08-15T19:00:00+00:00
N. Ferguson,127605,Crystal Palace,Missing Fixture,Ankle Injury,2022-08-15T19:00:00+00:00
J. McArthur,18849,Crystal Palace,Missing Fixture,Groin Injury,2022-08-15T19:00:00+00:00
J. Tomkins,18844,Crystal Palace,Missing Fixture,Muscle Injury,2022-08-15T19:00:00+00:00
C. Romero,30776,Tottenham,Missing Fixture,Groin Injury,2022-08-20T11:30:00+00:00
O. Skipp,180,Tottenham,Missing Fixture,Leg Injury,2022-08-20T11:30:00+00:00
Chiquinho,195962,Wolves,Missing Fixture,Knee Injury,2022-08-20T11:30:00+00:00
J. Butland,2930,Crystal Palace,Missing Fixture,Wrist Injury,2022-08-20T14:00:00+00:00
N. Ferguson,127605,Crystal Palace,Missing Fixture,Ankle Injury,2022-08-20T14:00:00+00:00
J. McArthur,18849,Crystal Palace,Missing Fixture,Groin Injury,2022-08-20T14:00:00+00:00
J. Tomkins,18844,Crystal Palace,Missing Fixture,Muscle Injury,2022-08-20T14:00:00+00:00
Diego Carlos,21090,Aston Villa,Missing Fixture,Achilles Tendon Injury,2022-08-20T14:00:00+00:00
K. Hause,19177,Aston Villa,Questionable,Knee Injury,2022-08-20T14:00:00+00:00
D. Calvert-Lewin,18766,Everton,Missing Fixture,Knee Injury,2022-08-20T14:00:00+00:00
A. Doucoure,18805,Everton,Missing Fixture,Thigh Injury,2022-08-20T14:00:00+00:00
B. Godfrey,19073,Everton,Missing Fixture,Ankle Injury,2022-08-20T14:00:00+00:00
A. Gomes,18765,Everton,Missing Fixture,Injury,2022-08-20T14:00:00+00:00
Y. Mina,2484,Everton,Missing Fixture,Ankle Injury,2022-08-20T14:00:00+00:00
A. Townsend,18854,Everton,Missing Fixture,Knee Injury,2022-08-20T14:00:00+00:00
J. Colback,19299,Nottingham Forest,Missing Fixture,Illness,2022-08-20T14:00:00+00:00
O. Richards,19610,Nottingham Forest,Missing Fixture,Calf Injury,2022-08-20T14:00:00+00:00
M. Solomon,697,Fulham,Missing Fixture,Knee Injury,2022-08-20T14:00:00+00:00
H. Wilson,19221,Fulham,Missing Fixture,Knee Injury,2022-08-20T14:00:00+00:00
J. Bryan,19015,Fulham,Questionable,Wrist Injury,2022-08-20T14:00:00+00:00
K. Ajer,1119,Brentford,Missing Fixture,Thigh Injury,2022-08-20T14:00:00+00:00
S. Canos,19352,Brentford,Missing Fixture,Thigh Injury,2022-08-20T14:00:00+00:00
E. Pinnock,19789,Brentford,Missing Fixture,Muscle Injury,2022-08-20T14:00:00+00:00
R. Bertrand,18936,Leicester,Missing Fixture,Knee Injury,2022-08-20T14:00:00+00:00
R. Pereira,18771,Leicester,Missing Fixture,Achilles Tendon Injury,2022-08-20T14:00:00+00:00
V. Livramento,158694,Southampton,Missing Fixture,Knee Injury,2022-08-20T14:00:00+00:00
R. Perraud,20600,Southampton,Questionable,Ankle Injury,2022-08-20T14:00:00+00:00
D. Brooks,18870,Bournemouth,Missing Fixture,Illness,2022-08-20T16:30:00+00:00
R. Fredericks,18815,Bournemouth,Missing Fixture,Calf Injury,2022-08-20T16:30:00+00:00
J. Rothwell,19482,Bournemouth,Missing Fixture,Thigh Injury,2022-08-20T16:30:00+00:00
D. Solanke,18883,Bournemouth,Questionable,Ankle Injury,2022-08-20T16:30:00+00:00
R. Nelson,727,Arsenal,Missing Fixture,Injury,2022-08-20T16:30:00+00:00
N. Pepe,3246,Arsenal,Missing Fixture,Inactive,2022-08-20T16:30:00+00:00
L. Ayling,19116,Leeds,Missing Fixture,Knee Injury,2022-08-21T13:00:00+00:00
M. Bogusz,19125,Leeds,Missing Fixture,Knee Injury,2022-08-21T13:00:00+00:00
S. Dallas,19126,Leeds,Missing Fixture,Broken Leg,2022-08-21T13:00:00+00:00
J. Firpo,1564,Leeds,Missing Fixture,Knee Injury,2022-08-21T13:00:00+00:00
P. Bamford,19134,Leeds,Questionable,Muscle Injury,2022-08-21T13:00:00+00:00
L. Cooper,19118,Leeds,Questionable,Achilles Tendon Injury,2022-08-21T13:00:00+00:00
M. Alonso,2278,Chelsea,Missing Fixture,Coach's decision,2022-08-21T13:00:00+00:00
A. Broja,138822,Chelsea,Missing Fixture,Injury,2022-08-21T13:00:00+00:00
N. Kante,2290,Chelsea,Missing Fixture,Thigh Injury,2022-08-21T13:00:00+00:00
M. Kovacic,2291,Chelsea,Missing Fixture,Knee Injury,2022-08-21T13:00:00+00:00
N. Aguerd,21694,West Ham,Missing Fixture,Ankle Injury,2022-08-21T13:00:00+00:00
C. Dawson,19147,West Ham,Questionable,Thigh Injury,2022-08-21T13:00:00+00:00
J. Moder,40911,Brighton,Missing Fixture,Knee Injury,2022-08-21T13:00:00+00:00
J. Shelvey,18904,Newcastle,Missing Fixture,Thigh Injury,2022-08-21T15:30:00+00:00
F. Fernandez,18893,Newcastle,Questionable,Calf Injury,2022-08-21T15:30:00+00:00
J. Lewis,19076,Newcastle,Questionable,Calf Injury,2022-08-21T15:30:00+00:00
M. Targett,18941,Newcastle,Questionable,Thigh Injury,2022-08-21T15:30:00+00:00
A. Laporte,622,Manchester City,Missing Fixture,Knee Injury,2022-08-21T15:30:00+00:00
B. Mendy,623,Manchester City,Missing Fixture,Suspended,2022-08-21T15:30:00+00:00
Casemiro,747,Manchester United,Missing Fixture,Inactive,2022-08-22T19:00:00+00:00
M. Greenwood,897,Manchester United,Missing Fixture,Inactive,2022-08-22T19:00:00+00:00
V. Lindelof,889,Manchester United,Missing Fixture,Knock,2022-08-22T19:00:00+00:00
F. Pellistri,70078,Manchester United,Missing Fixture,Ankle Injury,2022-08-22T19:00:00+00:00
B. Williams,138806,Manchester United,Missing Fixture,Injury,2022-08-22T19:00:00+00:00
Diogo Jota,2678,Liverpool,Missing Fixture,Muscle Injury,2022-08-22T19:00:00+00:00
C. Jones,293,Liverpool,Missing Fixture,Calf Injury,2022-08-22T19:00:00+00:00
I. Konate,1145,Liverpool,Missing Fixture,Injury,2022-08-22T19:00:00+00:00
J. Matip,286,Liverpool,Missing Fixture,Groin Injury,2022-08-22T19:00:00+00:00
D. Nunez,51617,Liverpool,Missing Fixture,Red Card,2022-08-22T19:00:00+00:00
A. Oxlade-Chamberlain,297,Liverpool,Missing Fixture,Muscle Injury,2022-08-22T19:00:00+00:00
C. Ramsay,135525,Liverpool,Missing Fixture,Injury,2022-08-22T19:00:00+00:00
Thiago,507,Liverpool,Missing Fixture,Hamstring Injury,2022-08-22T19:00:00+00:00
C. Kelleher,281,Liverpool,Questionable,Muscle Injury,2022-08-22T19:00:00+00:00
V. Livramento,158694,Southampton,Missing Fixture,Knee Injury,2022-08-27T11:30:00+00:00
M. Greenwood,897,Manchester United,Missing Fixture,Inactive,2022-08-27T11:30:00+00:00
V. Lindelof,889,Manchester United,Missing Fixture,Knock,2022-08-27T11:30:00+00:00
A. Martial,908,Manchester United,Missing Fixture,Achilles Tendon Injury,2022-08-27T11:30:00+00:00
F. Pellistri,70078,Manchester United,Missing Fixture,Ankle Injury,2022-08-27T11:30:00+00:00
B. Williams,138806,Manchester United,Missing Fixture,Injury,2022-08-27T11:30:00+00:00
S. Canos,19352,Brentford,Missing Fixture,Thigh Injury,2022-08-27T14:00:00+00:00
E. Pinnock,19789,Brentford,Missing Fixture,Muscle Injury,2022-08-27T14:00:00+00:00
K. Ajer,1119,Brentford,Questionable,Thigh Injury,2022-08-27T14:00:00+00:00
D. Calvert-Lewin,18766,Everton,Missing Fixture,Knee Injury,2022-08-27T14:00:00+00:00
A. Doucoure,18805,Everton,Missing Fixture,Thigh Injury,2022-08-27T14:00:00+00:00
B. Godfrey,19073,Everton,Missing Fixture,Ankle Injury,2022-08-27T14:00:00+00:00
A. Gomes,18765,Everton,Missing Fixture,Injury,2022-08-27T14:00:00+00:00
Y. Mina,2484,Everton,Missing Fixture,Ankle Injury,2022-08-27T14:00:00+00:00
A. Townsend,18854,Everton,Missing Fixture,Knee Injury,2022-08-27T14:00:00+00:00
J. Moder,40911,Brighton,Missing Fixture,Knee Injury,2022-08-27T14:00:00+00:00
J. Sarmiento,202086,Brighton,Questionable,Knee Injury,2022-08-27T14:00:00+00:00
M. Bogusz,19125,Leeds,Missing Fixture,Knee Injury,2022-08-27T14:00:00+00:00
S. Dallas,19126,Leeds,Missing Fixture,Broken Leg,2022-08-27T14:00:00+00:00
L. Ayling,19116,Leeds,Questionable,Knee Injury,2022-08-27T14:00:00+00:00
P. Bamford,19134,Leeds,Questionable,Muscle Injury,2022-08-27T14:00:00+00:00
J. Firpo,1564,Leeds,Questionable,Knee Injury,2022-08-27T14:00:00+00:00
M. Alonso,2278,Chelsea,Missing Fixture,Coach's decision,2022-08-27T14:00:00+00:00
N. Kante,2290,Chelsea,Missing Fixture,Thigh Injury,2022-08-27T14:00:00+00:00
K. Koulibaly,318,Chelsea,Missing Fixture,Red Card,2022-08-27T14:00:00+00:00
R. Bertrand,18936,Leicester,Missing Fixture,Knee Injury,2022-08-27T14:00:00+00:00
W. Fofana,22094,Leicester,Missing Fixture,Personal Reasons,2022-08-27T14:00:00+00:00
R. Pereira,18771,Leicester,Missing Fixture,Achilles Tendon Injury,2022-08-27T14:00:00+00:00
J. Maddison,18784,Leicester,Questionable,Injury,2022-08-27T14:00:00+00:00
Diogo Jota,2678,Liverpool,Missing Fixture,Muscle Injury,2022-08-27T14:00:00+00:00
N. Keita,294,Liverpool,Missing Fixture,Lacking Match Fitness,2022-08-27T14:00:00+00:00
I. Konate,1145,Liverpool,Missing Fixture,Injury,2022-08-27T14:00:00+00:00
J. Matip,286,Liverpool,Missing Fixture,Groin Injury,2022-08-27T14:00:00+00:00
D. Nunez,51617,Liverpool,Missing Fixture,Red Card,2022-08-27T14:00:00+00:00
A. Oxlade-Chamberlain,297,Liverpool,Missing Fixture,Muscle Injury,2022-08-27T14:00:00+00:00
C. Ramsay,135525,Liverpool,Missing Fixture,Injury,2022-08-27T14:00:00+00:00
C. Jones,293,Liverpool,Questionable,Calf Injury,2022-08-27T14:00:00+00:00
C. Kelleher,281,Liverpool,Questionable,Muscle Injury,2022-08-27T14:00:00+00:00
Thiago,507,Liverpool,Questionable,Hamstring Injury,2022-08-27T14:00:00+00:00
D. Brooks,18870,Bournemouth,Missing Fixture,Illness,2022-08-27T14:00:00+00:00
R. Fredericks,18815,Bournemouth,Missing Fixture,Calf Injury,2022-08-27T14:00:00+00:00
J. Rothwell,19482,Bournemouth,Missing Fixture,Thigh Injury,2022-08-27T14:00:00+00:00
J. Stanislas,18878,Bournemouth,Questionable,Groin Injury,2022-08-27T14:00:00+00:00
A. Laporte,622,Manchester City,Missing Fixture,Knee Injury,2022-08-27T14:00:00+00:00
B. Mendy,623,Manchester City,Missing Fixture,Suspended,2022-08-27T14:00:00+00:00
N. Ake,18861,Manchester City,Questionable,Groin Injury,2022-08-27T14:00:00+00:00
J. Grealish,19187,Manchester City,Questionable,Knee Injury,2022-08-27T14:00:00+00:00
L. Mbete,278129,Manchester City,Questionable,Head Injury,2022-08-27T14:00:00+00:00
K. Phillips,19130,Manchester City,Questionable,Shoulder Injury,2022-08-27T14:00:00+00:00
J. Butland,2930,Crystal Palace,Missing Fixture,Wrist Injury,2022-08-27T14:00:00+00:00
N. Ferguson,127605,Crystal Palace,Missing Fixture,Ankle Injury,2022-08-27T14:00:00+00:00
J. McArthur,18849,Crystal Palace,Missing Fixture,Groin Injury,2022-08-27T14:00:00+00:00
J. Tomkins,18844,Crystal Palace,Missing Fixture,Muscle Injury,2022-08-27T14:00:00+00:00
W. Zaha,3247,Crystal Palace,Questionable,Knock,2022-08-27T14:00:00+00:00
R. Nelson,727,Arsenal,Missing Fixture,Injury,2022-08-27T16:30:00+00:00
T. Partey,49,Arsenal,Missing Fixture,Thigh Injury,2022-08-27T16:30:00+00:00
O. Zinchenko,641,Arsenal,Missing Fixture,Knee Injury,2022-08-27T16:30:00+00:00
M. Solomon,697,Fulham,Missing Fixture,Knee Injury,2022-08-27T16:30:00+00:00
H. Wilson,19221,Fulham,Missing Fixture,Knee Injury,2022-08-27T16:30:00+00:00
Diego Carlos,21090,Aston Villa,Missing Fixture,Achilles Tendon Injury,2022-08-28T13:00:00+00:00
N. Aguerd,21694,West Ham,Missing Fixture,Ankle Injury,2022-08-28T13:00:00+00:00
C. Dawson,19147,West Ham,Questionable,Thigh Injury,2022-08-28T13:00:00+00:00
Chiquinho,195962,Wolves,Missing Fixture,Knee Injury,2022-08-28T13:00:00+00:00
E. Krafth,2855,Newcastle,Missing Fixture,Knee Injury,2022-08-28T13:00:00+00:00
J. Shelvey,18904,Newcastle,Missing Fixture,Thigh Injury,2022-08-28T13:00:00+00:00
C. Wilson,2939,Newcastle,Missing Fixture,Thigh Injury,2022-08-28T13:00:00+00:00
M. Niakhate,25916,Nottingham Forest,Missing Fixture,Thigh Injury,2022-08-28T15:30:00+00:00
O. Richards,19610,Nottingham Forest,Missing Fixture,Calf Injury,2022-08-28T15:30:00+00:00
B. Gil,2061,Tottenham,Questionable,Injury,2022-08-28T15:30:00+00:00
Lucas Moura,178,Tottenham,Questionable,Injury,2022-08-28T15:30:00+00:00
C. Romero,30776,Tottenham,Questionable,Groin Injury,2022-08-28T15:30:00+00:00
O. Skipp,180,Tottenham,Questionable,Leg Injury,2022-08-28T15:30:00+00:00
J. Butland,2930,Crystal Palace,Missing Fixture,Wrist Injury,2022-08-30T18:30:00+00:00
N. Ferguson,127605,Crystal Palace,Missing Fixture,Ankle Injury,2022-08-30T18:30:00+00:00
J. McArthur,18849,Crystal Palace,Missing Fixture,Groin Injury,2022-08-30T18:30:00+00:00
J. Tomkins,18844,Crystal Palace,Missing Fixture,Muscle Injury,2022-08-30T18:30:00+00:00
S. Canos,19352,Brentford,Missing Fixture,Thigh Injury,2022-08-30T18:30:00+00:00
E. Pinnock,19789,Brentford,Missing Fixture,Muscle Injury,2022-08-30T18:30:00+00:00
K. Ajer,1119,Brentford,Questionable,Thigh Injury,2022-08-30T18:30:00+00:00
P. Jansson,19124,Brentford,Questionable,Foot Injury,2022-08-30T18:30:00+00:00
S. Duffy,18962,Fulham,Missing Fixture,Loan agreement,2022-08-30T18:30:00+00:00
M. Solomon,697,Fulham,Missing Fixture,Knee Injury,2022-08-30T18:30:00+00:00
H. Wilson,19221,Fulham,Missing Fixture,Knee Injury,2022-08-30T18:30:00+00:00
A. Lallana,295,Brighton,Missing Fixture,Calf Injury,2022-08-30T18:30:00+00:00
J. Moder,40911,Brighton,Missing Fixture,Knee Injury,2022-08-30T18:30:00+00:00
J. Sarmiento,202086,Brighton,Questionable,Knee Injury,2022-08-30T18:30:00+00:00
V. Livramento,158694,Southampton,Missing Fixture,Knee Injury,2022-08-30T18:45:00+00:00
M. Alonso,2278,Chelsea,Missing Fixture,Coach's decision,2022-08-30T18:45:00+00:00
C. Gallagher,67972,Chelsea,Missing Fixture,Red Card,2022-08-30T18:45:00+00:00
N. Kante,2290,Chelsea,Missing Fixture,Thigh Injury,2022-08-30T18:45:00+00:00
M. Bogusz,19125,Leeds,Missing Fixture,Knee Injury,2022-08-30T19:00:00+00:00
S. Dallas,19126,Leeds,Missing Fixture,Broken Leg,2022-08-30T19:00:00+00:00
L. Ayling,19116,Leeds,Questionable,Knee Injury,2022-08-30T19:00:00+00:00
L. Cooper,19118,Leeds,Questionable,Calf Injury,2022-08-30T19:00:00+00:00
J. Firpo,1564,Leeds,Questionable,Knee Injury,2022-08-30T19:00:00+00:00
D. Calvert-Lewin,18766,Everton,Missing Fixture,Knee Injury,2022-08-30T19:00:00+00:00
A. Doucoure,18805,Everton,Missing Fixture,Thigh Injury,2022-08-30T19:00:00+00:00
B. Godfrey,19073,Everton,Missing Fixture,Ankle Injury,2022-08-30T19:00:00+00:00
M. Holgate,19150,Everton,Missing Fixture,Knee Injury,2022-08-30T19:00:00+00:00
Y. Mina,2484,Everton,Missing Fixture,Ankle Injury,2022-08-30T19:00:00+00:00
A. Townsend,18854,Everton,Missing Fixture,Knee Injury,2022-08-30T19:00:00+00:00
M. Elneny,1452,Arsenal,Missing Fixture,Thigh Injury,2022-08-31T18:30:00+00:00
R. Nelson,727,Arsenal,Missing Fixture,Thigh Injury,2022-08-31T18:30:00+00:00
T. Partey,49,Arsenal,Missing Fixture,Thigh Injury,2022-08-31T18:30:00+00:00
O. Zinchenko,641,Arsenal,Questionable,Knee Injury,2022-08-31T18:30:00+00:00
Diego Carlos,21090,Aston Villa,Missing Fixture,Achilles Tendon Injury,2022-08-31T18:30:00+00:00
D. Brooks,18870,Bournemouth,Missing Fixture,Illness,2022-08-31T18:30:00+00:00
B. Pearson,19454,Bournemouth,Missing Fixture,Injury,2022-08-31T18:30:00+00:00
J. Rothwell,19482,Bournemouth,Missing Fixture,Thigh Injury,2022-08-31T18:30:00+00:00
J. Stanislas,18878,Bournemouth,Questionable,Groin Injury,2022-08-31T18:30:00+00:00
W. Boly,18739,Wolves,Missing Fixture,Suspended,2022-08-31T18:30:00+00:00
Chiquinho,195962,Wolves,Missing Fixture,Knee Injury,2022-08-31T18:30:00+00:00
A. Laporte,622,Manchester City,Missing Fixture,Knee Injury,2022-08-31T18:30:00+00:00
B. Mendy,623,Manchester City,Missing Fixture,Suspended,2022-08-31T18:30:00+00:00
N. Ake,18861,Manchester City,Questionable,Groin Injury,2022-08-31T18:30:00+00:00
J. Grealish,19187,Manchester City,Questionable,Knee Injury,2022-08-31T18:30:00+00:00
L. Mbete,278129,Manchester City,Questionable,Head Injury,2022-08-31T18:30:00+00:00
K. Phillips,19130,Manchester City,Questionable,Shoulder Injury,2022-08-31T18:30:00+00:00
O. Mangala,24882,Nottingham Forest,Missing Fixture,Muscle Injury,2022-08-31T18:30:00+00:00
M. Niakhate,25916,Nottingham Forest,Missing Fixture,Thigh Injury,2022-08-31T18:30:00+00:00
O. Richards,19610,Nottingham Forest,Missing Fixture,Calf Injury,2022-08-31T18:30:00+00:00
N. Aguerd,21694,West Ham,Missing Fixture,Ankle Injury,2022-08-31T18:45:00+00:00
C. Dawson,19147,West Ham,Questionable,Thigh Injury,2022-08-31T18:45:00+00:00
B. Johnson,18823,West Ham,Questionable,Thigh Injury,2022-08-31T18:45:00+00:00
Lucas Moura,178,Tottenham,Missing Fixture,Injury,2022-08-31T18:45:00+00:00
R. Bentancur,863,Tottenham,Questionable,Head Injury,2022-08-31T18:45:00+00:00
B. Gil,2061,Tottenham,Questionable,Injury,2022-08-31T18:45:00+00:00
C. Romero,30776,Tottenham,Questionable,Groin Injury,2022-08-31T18:45:00+00:00
Diogo Jota,2678,Liverpool,Missing Fixture,Muscle Injury,2022-08-31T19:00:00+00:00
N. Keita,294,Liverpool,Missing Fixture,Lacking Match Fitness,2022-08-31T19:00:00+00:00
I. Konate,1145,Liverpool,Missing Fixture,Injury,2022-08-31T19:00:00+00:00
D. Nunez,51617,Liverpool,Missing Fixture,Red Card,2022-08-31T19:00:00+00:00
A. Oxlade-Chamberlain,297,Liverpool,Missing Fixture,Muscle Injury,2022-08-31T19:00:00+00:00
C. Ramsay,135525,Liverpool,Missing Fixture,Injury,2022-08-31T19:00:00+00:00
C. Kelleher,281,Liverpool,Questionable,Muscle Injury,2022-08-31T19:00:00+00:00
Thiago,507,Liverpool,Questionable,Hamstring Injury,2022-08-31T19:00:00+00:00
E. Krafth,2855,Newcastle,Missing Fixture,Knee Injury,2022-08-31T19:00:00+00:00
J. Shelvey,18904,Newcastle,Missing Fixture,Thigh Injury,2022-08-31T19:00:00+00:00
C. Wilson,2939,Newcastle,Missing Fixture,Thigh Injury,2022-08-31T19:00:00+00:00
B. Guimaraes,10135,Newcastle,Questionable,Injury,2022-08-31T19:00:00+00:00
A. Saint-Maximin,22173,Newcastle,Questionable,Thigh Injury,2022-08-31T19:00:00+00:00
R. Bertrand,18936,Leicester,Missing Fixture,Knee Injury,2022-09-01T19:00:00+00:00
R. Pereira,18771,Leicester,Missing Fixture,Achilles Tendon Injury,2022-09-01T19:00:00+00:00
M. Greenwood,897,Manchester United,Missing Fixture,Inactive,2022-09-01T19:00:00+00:00
A. Martial,908,Manchester United,Missing Fixture,Achilles Tendon Injury,2022-09-01T19:00:00+00:00
F. Pellistri,70078,Manchester United,Missing Fixture,Ankle Injury,2022-09-01T19:00:00+00:00
B. Williams,138806,Manchester United,Missing Fixture,Injury,2022-09-01T19:00:00+00:00
D. Calvert-Lewin,18766,Everton,Missing Fixture,Knee Injury,2022-09-03T11:30:00+00:00
B. Godfrey,19073,Everton,Missing Fixture,Ankle Injury,2022-09-03T11:30:00+00:00
M. Holgate,19150,Everton,Missing Fixture,Knee Injury,2022-09-03T11:30:00+00:00
Y. Mina,2484,Everton,Missing Fixture,Ankle Injury,2022-09-03T11:30:00+00:00
A. Townsend,18854,Everton,Missing Fixture,Knee Injury,2022-09-03T11:30:00+00:00
A. Doucoure,18805,Everton,Questionable,Thigh Injury,2022-09-03T11:30:00+00:00
J. Henderson,292,Liverpool,Missing Fixture,Thigh Injury,2022-09-03T11:30:00+00:00
N. Keita,294,Liverpool,Missing Fixture,Lacking Match Fitness,2022-09-03T11:30:00+00:00
I. Konate,1145,Liverpool,Missing Fixture,Injury,2022-09-03T11:30:00+00:00
A. Oxlade-Chamberlain,297,Liverpool,Missing Fixture,Muscle Injury,2022-09-03T11:30:00+00:00
C. Ramsay,135525,Liverpool,Missing Fixture,Injury,2022-09-03T11:30:00+00:00
C. Kelleher,281,Liverpool,Questionable,Muscle Injury,2022-09-03T11:30:00+00:00
Thiago,507,Liverpool,Questionable,Hamstring Injury,2022-09-03T11:30:00+00:00
S. Canos,19352,Brentford,Missing Fixture,Thigh Injury,2022-09-03T14:00:00+00:00
E. Pinnock,19789,Brentford,Missing Fixture,Muscle Injury,2022-09-03T14:00:00+00:00
C. Norgaard,30407,Brentford,Questionable,Knock,2022-09-03T14:00:00+00:00
S. Dallas,19126,Leeds,Missing Fixture,Broken Leg,2022-09-03T14:00:00+00:00
Rodrigo,935,Leeds,Missing Fixture,Shoulder Injury,2022-09-03T14:00:00+00:00
J. Firpo,1564,Leeds,Questionable,Knee Injury,2022-09-03T14:00:00+00:00
P. Aubameyang,1465,Chelsea,Missing Fixture,Face Injury,2022-09-03T14:00:00+00:00
N. Kante,2290,Chelsea,Missing Fixture,Thigh Injury,2022-09-03T14:00:00+00:00
D. Zakaria,2810,Chelsea,Missing Fixture,Coach's decision,2022-09-03T14:00:00+00:00
N. Aguerd,21694,West Ham,Missing Fixture,Ankle Injury,2022-09-03T14:00:00+00:00
B. Johnson,18823,West Ham,Missing Fixture,Thigh Injury,2022-09-03T14:00:00+00:00
A. Cresswell,18813,West Ham,Questionable,Muscle Injury,2022-09-03T14:00:00+00:00
C. Dawson,19147,West Ham,Questionable,Thigh Injury,2022-09-03T14:00:00+00:00
G. Scamacca,30544,West Ham,Questionable,Illness,2022-09-03T14:00:00+00:00
E. Krafth,2855,Newcastle,Missing Fixture,Knee Injury,2022-09-03T14:00:00+00:00
J. Shelvey,18904,Newcastle,Missing Fixture,Thigh Injury,2022-09-03T14:00:00+00:00
C. Wilson,2939,Newcastle,Missing Fixture,Thigh Injury,2022-09-03T14:00:00+00:00
B. Guimaraes,10135,Newcastle,Questionable,Injury,2022-09-03T14:00:00+00:00
A. Saint-Maximin,22173,Newcastle,Questionable,Thigh Injury,2022-09-03T14:00:00+00:00
J. Butland,2930,Crystal Palace,Missing Fixture,Wrist Injury,2022-09-03T14:00:00+00:00
N. Ferguson,127605,Crystal Palace,Missing Fixture,Ankle Injury,2022-09-03T14:00:00+00:00
J. McArthur,18849,Crystal Palace,Missing Fixture,Groin Injury,2022-09-03T14:00:00+00:00
J. Tomkins,18844,Crystal Palace,Missing Fixture,Muscle Injury,2022-09-03T14:00:00+00:00
O. Mangala,24882,Nottingham Forest,Missing Fixture,Muscle Injury,2022-09-03T14:00:00+00:00
M. Niakhate,25916,Nottingham Forest,Missing Fixture,Thigh Injury,2022-09-03T14:00:00+00:00
O. Richards,19610,Nottingham Forest,Missing Fixture,Calf Injury,2022-09-03T14:00:00+00:00
D. Brooks,18870,Bournemouth,Missing Fixture,Illness,2022-09-03T14:00:00+00:00
B. Pearson,19454,Bournemouth,Missing Fixture,Injury,2022-09-03T14:00:00+00:00
J. Rothwell,19482,Bournemouth,Questionable,Thigh Injury,2022-09-03T14:00:00+00:00
J. Stanislas,18878,Bournemouth,Questionable,Groin Injury,2022-09-03T14:00:00+00:00
Lucas Moura,178,Tottenham,Missing Fixture,Injury,2022-09-03T14:00:00+00:00
B. Gil,2061,Tottenham,Questionable,Injury,2022-09-03T14:00:00+00:00
M. Solomon,697,Fulham,Missing Fixture,Knee Injury,2022-09-03T14:00:00+00:00
H. Wilson,19221,Fulham,Missing Fixture,Knee Injury,2022-09-03T14:00:00+00:00
Chiquinho,195962,Wolves,Missing Fixture,Knee Injury,2022-09-03T14:00:00+00:00
B. Traore,157912,Wolves,Missing Fixture,Inactive,2022-09-03T14:00:00+00:00
R. Lavia,282125,Southampton,Missing Fixture,Muscle Injury,2022-09-03T14:00:00+00:00
V. Livramento,158694,Southampton,Missing Fixture,Knee Injury,2022-09-03T14:00:00+00:00
D. Caleta-Car,1902,Southampton,Questionable,Lacking Match Fitness,2022-09-03T14:00:00+00:00
Diego Carlos,21090,Aston Villa,Missing Fixture,Achilles Tendon Injury,2022-09-03T16:30:00+00:00
L. Dendoncker,2922,Aston Villa,Questionable,Illness,2022-09-03T16:30:00+00:00
A. Laporte,622,Manchester City,Missing Fixture,Knee Injury,2022-09-03T16:30:00+00:00
B. Mendy,623,Manchester City,Missing Fixture,Suspended,2022-09-03T16:30:00+00:00
K. Phillips,19130,Manchester City,Questionable,Shoulder Injury,2022-09-03T16:30:00+00:00
A. Lallana,295,Brighton,Missing Fixture,Calf Injury,2022-09-04T13:00:00+00:00
J. Moder,40911,Brighton,Missing Fixture,Knee Injury,2022-09-04T13:00:00+00:00
J. Sarmiento,202086,Brighton,Questionable,Knee Injury,2022-09-04T13:00:00+00:00
R. Bertrand,18936,Leicester,Missing Fixture,Knee Injury,2022-09-04T13:00:00+00:00
R. Pereira,18771,Leicester,Missing Fixture,Achilles Tendon Injury,2022-09-04T13:00:00+00:00
M. Greenwood,897,Manchester United,Missing Fixture,Inactive,2022-09-04T15:30:00+00:00
A. Martial,908,Manchester United,Missing Fixture,Achilles Tendon Injury,2022-09-04T15:30:00+00:00
F. Pellistri,70078,Manchester United,Missing Fixture,Ankle Injury,2022-09-04T15:30:00+00:00
B. Williams,138806,Manchester United,Missing Fixture,Injury,2022-09-04T15:30:00+00:00
A. Wan-Bissaka,18846,Manchester United,Questionable,Knock,2022-09-04T15:30:00+00:00
M. Elneny,1452,Arsenal,Missing Fixture,Thigh Injury,2022-09-04T15:30:00+00:00
R. Nelson,727,Arsenal,Missing Fixture,Thigh Injury,2022-09-04T15:30:00+00:00
T. Partey,49,Arsenal,Missing Fixture,Thigh Injury,2022-09-04T15:30:00+00:00
J. Bednarek,2999,Aston Villa,Missing Fixture,Loan agreement,2022-09-16T19:00:00+00:00
M. Cash,19298,Aston Villa,Missing Fixture,Muscle Injury,2022-09-16T19:00:00+00:00
Diego Carlos,21090,Aston Villa,Missing Fixture,Achilles Tendon Injury,2022-09-16T19:00:00+00:00
R. Lavia,282125,Southampton,Missing Fixture,Muscle Injury,2022-09-16T19:00:00+00:00
V. Livramento,158694,Southampton,Missing Fixture,Knee Injury,2022-09-16T19:00:00+00:00
O. Mangala,24882,Nottingham Forest,Missing Fixture,Muscle Injury,2022-09-16T19:00:00+00:00
M. Niakhate,25916,Nottingham Forest,Missing Fixture,Thigh Injury,2022-09-16T19:00:00+00:00
O. Richards,19610,Nottingham Forest,Missing Fixture,Calf Injury,2022-09-16T19:00:00+00:00
M. Solomon,697,Fulham,Missing Fixture,Knee Injury,2022-09-16T19:00:00+00:00
H. Wilson,19221,Fulham,Missing Fixture,Knee Injury,2022-09-16T19:00:00+00:00
A. Robinson,19549,Fulham,Questionable,Ankle Injury,2022-09-16T19:00:00+00:00
Chiquinho,195962,Wolves,Missing Fixture,Knee Injury,2022-09-17T11:30:00+00:00
R. Jimenez,2887,Wolves,Missing Fixture,Muscle Injury,2022-09-17T11:30:00+00:00
S. Kalajdzic,7722,Wolves,Missing Fixture,Knee Injury,2022-09-17T11:30:00+00:00
D. Costa,54,Wolves,Questionable,Lacking Match Fitness,2022-09-17T11:30:00+00:00
B. Mendy,623,Manchester City,Missing Fixture,Suspended,2022-09-17T11:30:00+00:00
A. Laporte,622,Manchester City,Questionable,Knee Injury,2022-09-17T11:30:00+00:00
K. Darlow,18885,Newcastle,Missing Fixture,Ankle Injury,2022-09-17T14:00:00+00:00
E. Krafth,2855,Newcastle,Missing Fixture,Knee Injury,2022-09-17T14:00:00+00:00
J. Shelvey,18904,Newcastle,Missing Fixture,Thigh Injury,2022-09-17T14:00:00+00:00
A. Saint-Maximin,22173,Newcastle,Questionable,Thigh Injury,2022-09-17T14:00:00+00:00
C. Wilson,2939,Newcastle,Questionable,Thigh Injury,2022-09-17T14:00:00+00:00
D. Brooks,18870,Bournemouth,Missing Fixture,Thigh Injury,2022-09-17T14:00:00+00:00
B. Pearson,19454,Bournemouth,Missing Fixture,Injury,2022-09-17T14:00:00+00:00
J. Rothwell,19482,Bournemouth,Missing Fixture,Thigh Injury,2022-09-17T14:00:00+00:00
Lucas Moura,178,Tottenham,Missing Fixture,Calf Injury,2022-09-17T16:30:00+00:00
R. Bertrand,18936,Leicester,Missing Fixture,Knee Injury,2022-09-17T16:30:00+00:00
R. Pereira,18771,Leicester,Missing Fixture,Achilles Tendon Injury,2022-09-17T16:30:00+00:00
C. Norgaard,30407,Brentford,Missing Fixture,Knock,2022-09-18T11:00:00+00:00
E. Pinnock,19789,Brentford,Questionable,Muscle Injury,2022-09-18T11:00:00+00:00
M. Elneny,1452,Arsenal,Missing Fixture,Thigh Injury,2022-09-18T11:00:00+00:00
R. Nelson,727,Arsenal,Missing Fixture,Thigh Injury,2022-09-18T11:00:00+00:00
M. Odegaard,37127,Arsenal,Missing Fixture,Injury,2022-09-18T11:00:00+00:00
E. Smith Rowe,1161,Arsenal,Missing Fixture,Muscle Injury,2022-09-18T11:00:00+00:00
O. Zinchenko,641,Arsenal,Missing Fixture,Muscle Injury,2022-09-18T11:00:00+00:00
B. Godfrey,19073,Everton,Missing Fixture,Ankle Injury,2022-09-18T13:15:00+00:00
M. Holgate,19150,Everton,Missing Fixture,Knee Injury,2022-09-18T13:15:00+00:00
Y. Mina,2484,Everton,Missing Fixture,Ankle Injury,2022-09-18T13:15:00+00:00
A. Townsend,18854,Everton,Missing Fixture,Knee Injury,2022-09-18T13:15:00+00:00
J. Pickford,2932,Everton,Questionable,Muscle Injury,2022-09-18T13:15:00+00:00
N. Aguerd,21694,West Ham,Missing Fixture,Ankle Injury,2022-09-18T13:15:00+00:00
B. Johnson,18823,West Ham,Missing Fixture,Thigh Injury,2022-09-18T13:15:00+00:00
M. Elneny,1452,Arsenal,Missing Fixture,Thigh Injury,2022-10-01T11:30:00+00:00
E. Smith Rowe,1161,Arsenal,Missing Fixture,Groin Injury,2022-10-01T11:30:00+00:00
Cedric,190,Arsenal,Questionable,Knock,2022-10-01T11:30:00+00:00
B. Davies,164,Tottenham,Questionable,Knee Injury,2022-10-01T11:30:00+00:00
D. Kulusevski,30435,Tottenham,Questionable,Thigh Injury,2022-10-01T11:30:00+00:00
Lucas Moura,178,Tottenham,Questionable,Calf Injury,2022-10-01T11:30:00+00:00
D. Brooks,18870,Bournemouth,Missing Fixture,Thigh Injury,2022-10-01T14:00:00+00:00
L. Kelly,19263,Bournemouth,Missing Fixture,Ankle Injury,2022-10-01T14:00:00+00:00
R. Fredericks,18815,Bournemouth,Questionable,Injury,2022-10-01T14:00:00+00:00
B. Pearson,19454,Bournemouth,Questionable,Injury,2022-10-01T14:00:00+00:00
J. Rothwell,19482,Bournemouth,Questionable,Thigh Injury,2022-10-01T14:00:00+00:00
K. Lewis-Potter,106725,Brentford,Missing Fixture,Ankle Injury,2022-10-01T14:00:00+00:00
C. Norgaard,30407,Brentford,Missing Fixture,Knock,2022-10-01T14:00:00+00:00
E. Pinnock,19789,Brentford,Questionable,Muscle Injury,2022-10-01T14:00:00+00:00
J. Butland,2930,Crystal Palace,Missing Fixture,Wrist Injury,2022-10-01T14:00:00+00:00
N. Ferguson,127605,Crystal Palace,Missing Fixture,Ankle Injury,2022-10-01T14:00:00+00:00
J. McArthur,18849,Crystal Palace,Missing Fixture,Groin Injury,2022-10-01T14:00:00+00:00
C. Chukwuemeka,138935,Chelsea,Missing Fixture,Illness,2022-10-01T14:00:00+00:00
M. Cucurella,47380,Chelsea,Missing Fixture,Illness,2022-10-01T14:00:00+00:00
N. Kante,2290,Chelsea,Missing Fixture,Lacking Match Fitness,2022-10-01T14:00:00+00:00
E. Mendy,2986,Chelsea,Questionable,Knee Injury,2022-10-01T14:00:00+00:00
J. Palhinha,41104,Fulham,Missing Fixture,Yellow Cards,2022-10-01T14:00:00+00:00
M. Solomon,697,Fulham,Missing Fixture,Knee Injury,2022-10-01T14:00:00+00:00
H. Wilson,19221,Fulham,Missing Fixture,Knee Injury,2022-10-01T14:00:00+00:00
A. Robinson,19549,Fulham,Questionable,Ankle Injury,2022-10-01T14:00:00+00:00
K. Darlow,18885,Newcastle,Missing Fixture,Ankle Injury,2022-10-01T14:00:00+00:00
A. Isak,2864,Newcastle,Missing Fixture,Injury,2022-10-01T14:00:00+00:00
E. Krafth,2855,Newcastle,Missing Fixture,Knee Injury,2022-10-01T14:00:00+00:00
M. Ritchie,18903,Newcastle,Missing Fixture,Calf Injury,2022-10-01T14:00:00+00:00
J. Shelvey,18904,Newcastle,Missing Fixture,Thigh Injury,2022-10-01T14:00:00+00:00
A. Saint-Maximin,22173,Newcastle,Questionable,Thigh Injury,2022-10-01T14:00:00+00:00
C. Jones,293,Liverpool,Missing Fixture,Leg Injury,2022-10-01T14:00:00+00:00
N. Keita,294,Liverpool,Missing Fixture,Lacking Match Fitness,2022-10-01T14:00:00+00:00
A. Oxlade-Chamberlain,297,Liverpool,Missing Fixture,Muscle Injury,2022-10-01T14:00:00+00:00
C. Ramsay,135525,Liverpool,Missing Fixture,Injury,2022-10-01T14:00:00+00:00
C. Kelleher,281,Liverpool,Questionable,Muscle Injury,2022-10-01T14:00:00+00:00
I. Konate,1145,Liverpool,Questionable,Knee Injury,2022-10-01T14:00:00+00:00
A. Robertson,289,Liverpool,Questionable,Knee Injury,2022-10-01T14:00:00+00:00
J. Moder,40911,Brighton,Missing Fixture,Knee Injury,2022-10-01T14:00:00+00:00
E. Mwepu,1093,Brighton,Missing Fixture,Illness,2022-10-01T14:00:00+00:00
R. Lavia,282125,Southampton,Missing Fixture,Muscle Injury,2022-10-01T14:00:00+00:00
V. Livramento,158694,Southampton,Missing Fixture,Knee Injury,2022-10-01T14:00:00+00:00
D. Calvert-Lewin,18766,Everton,Missing Fixture,Muscle Injury,2022-10-01T14:00:00+00:00
B. Godfrey,19073,Everton,Missing Fixture,Ankle Injury,2022-10-01T14:00:00+00:00
M. Holgate,19150,Everton,Missing Fixture,Knee Injury,2022-10-01T14:00:00+00:00
Y. Mina,2484,Everton,Missing Fixture,Ankle Injury,2022-10-01T14:00:00+00:00
N. Patterson,138417,Everton,Missing Fixture,Knee Injury,2022-10-01T14:00:00+00:00
A. Townsend,18854,Everton,Missing Fixture,Knee Injury,2022-10-01T14:00:00+00:00
N. Aguerd,21694,West Ham,Missing Fixture,Ankle Injury,2022-10-01T16:30:00+00:00
B. Johnson,18823,West Ham,Questionable,Thigh Injury,2022-10-01T16:30:00+00:00
Chiquinho,195962,Wolves,Missing Fixture,Knee Injury,2022-10-01T16:30:00+00:00
N. Collins,19495,Wolves,Missing Fixture,Red Card,2022-10-01T16:30:00+00:00
Hwang Hee-Chan,24888,Wolves,Missing Fixture,Muscle Injury,2022-10-01T16:30:00+00:00
R. Jimenez,2887,Wolves,Missing Fixture,Muscle Injury,2022-10-01T16:30:00+00:00
S. Kalajdzic,7722,Wolves,Missing Fixture,Knee Injury,2022-10-01T16:30:00+00:00
B. Mendy,623,Manchester City,Missing Fixture,Suspended,2022-10-02T13:00:00+00:00
K. Phillips,19130,Manchester City,Missing Fixture,Shoulder Injury,2022-10-02T13:00:00+00:00
J. Stones,626,Manchester City,Missing Fixture,Thigh Injury,2022-10-02T13:00:00+00:00
M. Greenwood,897,Manchester United,Missing Fixture,Inactive,2022-10-02T13:00:00+00:00
H. Maguire,2935,Manchester United,Missing Fixture,Muscle Injury,2022-10-02T13:00:00+00:00
B. Williams,138806,Manchester United,Missing Fixture,Injury,2022-10-02T13:00:00+00:00
M. Dubravka,18886,Manchester United,Questionable,Injury,2022-10-02T13:00:00+00:00
D. van de Beek,547,Manchester United,Questionable,Knock,2022-10-02T13:00:00+00:00
S. Dallas,19126,Leeds,Missing Fixture,Broken Leg,2022-10-02T15:30:00+00:00
A. Gray,328089,Leeds,Missing Fixture,Foot Injury,2022-10-02T15:30:00+00:00
A. Forshaw,19127,Leeds,Questionable,Ankle Injury,2022-10-02T15:30:00+00:00
Diego Carlos,21090,Aston Villa,Missing Fixture,Achilles Tendon Injury,2022-10-02T15:30:00+00:00
L. Digne,2724,Aston Villa,Missing Fixture,Ankle Injury,2022-10-02T15:30:00+00:00
B. Kamara,1904,Aston Villa,Missing Fixture,Knee Injury,2022-10-02T15:30:00+00:00
M. Cash,19298,Aston Villa,Questionable,Muscle Injury,2022-10-02T15:30:00+00:00
R. Bertrand,18936,Leicester,Missing Fixture,Knee Injury,2022-10-03T19:00:00+00:00
R. Pereira,18771,Leicester,Missing Fixture,Achilles Tendon Injury,2022-10-03T19:00:00+00:00
M. Niakhate,25916,Nottingham Forest,Missing Fixture,Thigh Injury,2022-10-03T19:00:00+00:00
O. Richards,19610,Nottingham Forest,Missing Fixture,Calf Injury,2022-10-03T19:00:00+00:00
D. Brooks,18870,Bournemouth,Missing Fixture,Thigh Injury,2022-10-08T14:00:00+00:00
L. Kelly,19263,Bournemouth,Missing Fixture,Ankle Injury,2022-10-08T14:00:00+00:00
J. Stanislas,18878,Bournemouth,Missing Fixture,Injury,2022-10-08T14:00:00+00:00
B. Pearson,19454,Bournemouth,Questionable,Injury,2022-10-08T14:00:00+00:00
J. Rothwell,19482,Bournemouth,Questionable,Thigh Injury,2022-10-08T14:00:00+00:00
R. Bertrand,18936,Leicester,Missing Fixture,Knee Injury,2022-10-08T14:00:00+00:00
N. Mendy,18785,Leicester,Missing Fixture,Injury,2022-10-08T14:00:00+00:00
W. Ndidi,18786,Leicester,Missing Fixture,Thigh Injury,2022-10-08T14:00:00+00:00
R. Pereira,18771,Leicester,Missing Fixture,Achilles Tendon Injury,2022-10-08T14:00:00+00:00
W. Fofana,22094,Chelsea,Missing Fixture,Knee Injury,2022-10-08T14:00:00+00:00
N. Kante,2290,Chelsea,Questionable,Lacking Match Fitness,2022-10-08T14:00:00+00:00
Chiquinho,195962,Wolves,Missing Fixture,Knee Injury,2022-10-08T14:00:00+00:00
N. Collins,19495,Wolves,Missing Fixture,Red Card,2022-10-08T14:00:00+00:00
R. Jimenez,2887,Wolves,Missing Fixture,Muscle Injury,2022-10-08T14:00:00+00:00
S. Kalajdzic,7722,Wolves,Missing Fixture,Knee Injury,2022-10-08T14:00:00+00:00
P. Neto,1864,Wolves,Missing Fixture,Ankle Injury,2022-10-08T14:00:00+00:00
R. Neves,2676,Wolves,Missing Fixture,Yellow Cards,2022-10-08T14:00:00+00:00
B. Mendy,623,Manchester City,Missing Fixture,Suspended,2022-10-08T14:00:00+00:00
K. Phillips,19130,Manchester City,Missing Fixture,Shoulder Injury,2022-10-08T14:00:00+00:00
J. Stones,626,Manchester City,Missing Fixture,Thigh Injury,2022-10-08T14:00:00+00:00
K. Walker,627,Manchester City,Missing Fixture,Muscle Injury,2022-10-08T14:00:00+00:00
R. Lavia,282125,Southampton,Missing Fixture,Muscle Injury,2022-10-08T14:00:00+00:00
V. Livramento,158694,Southampton,Missing Fixture,Knee Injury,2022-10-08T14:00:00+00:00
K. Darlow,18885,Newcastle,Missing Fixture,Ankle Injury,2022-10-08T14:00:00+00:00
E. Krafth,2855,Newcastle,Missing Fixture,Knee Injury,2022-10-08T14:00:00+00:00
M. Ritchie,18903,Newcastle,Missing Fixture,Calf Injury,2022-10-08T14:00:00+00:00
J. Shelvey,18904,Newcastle,Missing Fixture,Thigh Injury,2022-10-08T14:00:00+00:00
A. Isak,2864,Newcastle,Questionable,Injury,2022-10-08T14:00:00+00:00
P. Jansson,19124,Brentford,Missing Fixture,Thigh Injury,2022-10-08T14:00:00+00:00
K. Lewis-Potter,106725,Brentford,Missing Fixture,Ankle Injury,2022-10-08T14:00:00+00:00
C. Norgaard,30407,Brentford,Missing Fixture,Knock,2022-10-08T14:00:00+00:00
J. Moder,40911,Brighton,Missing Fixture,Knee Injury,2022-10-08T16:30:00+00:00
E. Mwepu,1093,Brighton,Questionable,Illness,2022-10-08T16:30:00+00:00
Emerson Royal,1566,Tottenham,Missing Fixture,Red Card,2022-10-08T16:30:00+00:00
D. Kulusevski,30435,Tottenham,Missing Fixture,Thigh Injury,2022-10-08T16:30:00+00:00
Lucas Moura,178,Tottenham,Missing Fixture,Calf Injury,2022-10-08T16:30:00+00:00
J. Tanganga,149550,Tottenham,Missing Fixture,Knock,2022-10-08T16:30:00+00:00
J. Butland,2930,Crystal Palace,Missing Fixture,Wrist Injury,2022-10-09T13:00:00+00:00
N. Clyne,18862,Crystal Palace,Missing Fixture,Ankle Injury,2022-10-09T13:00:00+00:00
N. Ferguson,127605,Crystal Palace,Missing Fixture,Ankle Injury,2022-10-09T13:00:00+00:00
J. McArthur,18849,Crystal Palace,Missing Fixture,Groin Injury,2022-10-09T13:00:00+00:00
C. Richards,126949,Crystal Palace,Questionable,Leg Injury,2022-10-09T13:00:00+00:00
S. Dallas,19126,Leeds,Missing Fixture,Broken Leg,2022-10-09T13:00:00+00:00
A. Forshaw,19127,Leeds,Missing Fixture,Ankle Injury,2022-10-09T13:00:00+00:00
A. Gray,328089,Leeds,Missing Fixture,Foot Injury,2022-10-09T13:00:00+00:00
L. Sinisterra,37161,Leeds,Missing Fixture,Red Card,2022-10-09T13:00:00+00:00
N. Aguerd,21694,West Ham,Missing Fixture,Ankle Injury,2022-10-09T13:00:00+00:00
M. Cornet,665,West Ham,Questionable,Calf Injury,2022-10-09T13:00:00+00:00
N. Chalobah,18803,Fulham,Missing Fixture,Red Card,2022-10-09T13:00:00+00:00
L. Kurzawa,263,Fulham,Missing Fixture,Knock,2022-10-09T13:00:00+00:00
M. Solomon,697,Fulham,Missing Fixture,Knee Injury,2022-10-09T13:00:00+00:00
A. Mitrovic,2825,Fulham,Questionable,Ankle Injury,2022-10-09T13:00:00+00:00
K. Tete,657,Fulham,Questionable,Knock,2022-10-09T13:00:00+00:00
Willian,2294,Fulham,Questionable,Calf Injury,2022-10-09T13:00:00+00:00
M. Elneny,1452,Arsenal,Missing Fixture,Thigh Injury,2022-10-09T15:30:00+00:00
E. Smith Rowe,1161,Arsenal,Missing Fixture,Groin Injury,2022-10-09T15:30:00+00:00
Arthur,150,Liverpool,Missing Fixture,Muscle Injury,2022-10-09T15:30:00+00:00
N. Keita,294,Liverpool,Missing Fixture,Lacking Match Fitness,2022-10-09T15:30:00+00:00
A. Oxlade-Chamberlain,297,Liverpool,Missing Fixture,Muscle Injury,2022-10-09T15:30:00+00:00
C. Jones,293,Liverpool,Questionable,Leg Injury,2022-10-09T15:30:00+00:00
A. Robertson,289,Liverpool,Questionable,Knee Injury,2022-10-09T15:30:00+00:00
B. Godfrey,19073,Everton,Missing Fixture,Ankle Injury,2022-10-09T18:00:00+00:00
N. Patterson,138417,Everton,Missing Fixture,Knee Injury,2022-10-09T18:00:00+00:00
A. Townsend,18854,Everton,Missing Fixture,Knee Injury,2022-10-09T18:00:00+00:00
M. Holgate,19150,Everton,Questionable,Knee Injury,2022-10-09T18:00:00+00:00
Y. Mina,2484,Everton,Questionable,Ankle Injury,2022-10-09T18:00:00+00:00
M. Greenwood,897,Manchester United,Missing Fixture,Inactive,2022-10-09T18:00:00+00:00
H. Maguire,2935,Manchester United,Missing Fixture,Muscle Injury,2022-10-09T18:00:00+00:00
A. Wan-Bissaka,18846,Manchester United,Missing Fixture,Injury,2022-10-09T18:00:00+00:00
B. Williams,138806,Manchester United,Missing Fixture,Injury,2022-10-09T18:00:00+00:00
D. van de Beek,547,Manchester United,Missing Fixture,Muscle Injury,2022-10-09T18:00:00+00:00
M. Niakhate,25916,Nottingham Forest,Missing Fixture,Thigh Injury,2022-10-10T19:00:00+00:00
O. Richards,19610,Nottingham Forest,Missing Fixture,Calf Injury,2022-10-10T19:00:00+00:00
L. Augustinsson,2852,Aston Villa,Missing Fixture,Thigh Injury,2022-10-10T19:00:00+00:00
Diego Carlos,21090,Aston Villa,Missing Fixture,Achilles Tendon Injury,2022-10-10T19:00:00+00:00
L. Digne,2724,Aston Villa,Missing Fixture,Ankle Injury,2022-10-10T19:00:00+00:00
B. Kamara,1904,Aston Villa,Missing Fixture,Knee Injury,2022-10-10T19:00:00+00:00
L. Bailey,983,Aston Villa,Questionable,Muscle Injury,2022-10-10T19:00:00+00:00
C. Norgaard,30407,Brentford,Missing Fixture,Knock,2022-10-14T19:00:00+00:00
T. Strakosha,1835,Brentford,Missing Fixture,Ankle Injury,2022-10-14T19:00:00+00:00
P. Jansson,19124,Brentford,Questionable,Thigh Injury,2022-10-14T19:00:00+00:00
J. Moder,40911,Brighton,Missing Fixture,Knee Injury,2022-10-14T19:00:00+00:00
R. Bertrand,18936,Leicester,Missing Fixture,Knee Injury,2022-10-15T11:30:00+00:00
W. Ndidi,18786,Leicester,Missing Fixture,Thigh Injury,2022-10-15T11:30:00+00:00
R. Pereira,18771,Leicester,Missing Fixture,Achilles Tendon Injury,2022-10-15T11:30:00+00:00
J. Evans,18772,Leicester,Questionable,Calf Injury,2022-10-15T11:30:00+00:00
J. Butland,2930,Crystal Palace,Missing Fixture,Wrist Injury,2022-10-15T11:30:00+00:00
N. Clyne,18862,Crystal Palace,Missing Fixture,Ankle Injury,2022-10-15T11:30:00+00:00
N. Ferguson,127605,Crystal Palace,Missing Fixture,Ankle Injury,2022-10-15T11:30:00+00:00
J. McArthur,18849,Crystal Palace,Missing Fixture,Groin Injury,2022-10-15T11:30:00+00:00
C. Richards,126949,Crystal Palace,Missing Fixture,Leg Injury,2022-10-15T11:30:00+00:00
W. Hughes,18806,Crystal Palace,Questionable,Illness,2022-10-15T11:30:00+00:00
N. Chalobah,18803,Fulham,Missing Fixture,Red Card,2022-10-15T14:00:00+00:00
L. Kurzawa,263,Fulham,Missing Fixture,Knock,2022-10-15T14:00:00+00:00
M. Solomon,697,Fulham,Missing Fixture,Knee Injury,2022-10-15T14:00:00+00:00
K. Tete,657,Fulham,Questionable,Knock,2022-10-15T14:00:00+00:00
D. Brooks,18870,Bournemouth,Missing Fixture,Thigh Injury,2022-10-15T14:00:00+00:00
L. Kelly,19263,Bournemouth,Missing Fixture,Ankle Injury,2022-10-15T14:00:00+00:00
Chiquinho,195962,Wolves,Missing Fixture,Knee Injury,2022-10-15T14:00:00+00:00
N. Collins,19495,Wolves,Missing Fixture,Red Card,2022-10-15T14:00:00+00:00
R. Jimenez,2887,Wolves,Missing Fixture,Muscle Injury,2022-10-15T14:00:00+00:00
S. Kalajdzic,7722,Wolves,Missing Fixture,Knee Injury,2022-10-15T14:00:00+00:00
P. Neto,1864,Wolves,Missing Fixture,Ankle Injury,2022-10-15T14:00:00+00:00
J. Colback,19299,Nottingham Forest,Missing Fixture,Back Injury,2022-10-15T14:00:00+00:00
M. Niakhate,25916,Nottingham Forest,Missing Fixture,Thigh Injury,2022-10-15T14:00:00+00:00
O. Richards,19610,Nottingham Forest,Missing Fixture,Calf Injury,2022-10-15T14:00:00+00:00
Emerson Royal,1566,Tottenham,Missing Fixture,Red Card,2022-10-15T16:30:00+00:00
D. Kulusevski,30435,Tottenham,Missing Fixture,Thigh Injury,2022-10-15T16:30:00+00:00
J. Tanganga,149550,Tottenham,Missing Fixture,Knock,2022-10-15T16:30:00+00:00
B. Godfrey,19073,Everton,Missing Fixture,Ankle Injury,2022-10-15T16:30:00+00:00
A. Gordon,138787,Everton,Missing Fixture,Yellow Cards,2022-10-15T16:30:00+00:00
N. Patterson,138417,Everton,Missing Fixture,Knee Injury,2022-10-15T16:30:00+00:00
A. Townsend,18854,Everton,Missing Fixture,Knee Injury,2022-10-15T16:30:00+00:00
M. Holgate,19150,Everton,Questionable,Knee Injury,2022-10-15T16:30:00+00:00
Y. Mina,2484,Everton,Questionable,Ankle Injury,2022-10-15T16:30:00+00:00
L. Augustinsson,2852,Aston Villa,Missing Fixture,Thigh Injury,2022-10-16T13:00:00+00:00
Diego Carlos,21090,Aston Villa,Missing Fixture,Achilles Tendon Injury,2022-10-16T13:00:00+00:00
L. Digne,2724,Aston Villa,Missing Fixture,Ankle Injury,2022-10-16T13:00:00+00:00
B. Kamara,1904,Aston Villa,Missing Fixture,Knee Injury,2022-10-16T13:00:00+00:00
W. Fofana,22094,Chelsea,Missing Fixture,Knee Injury,2022-10-16T13:00:00+00:00
R. James,19545,Chelsea,Missing Fixture,Knee Injury,2022-10-16T13:00:00+00:00
N. Kante,2290,Chelsea,Missing Fixture,Hamstring Injury,2022-10-16T13:00:00+00:00
M. Dubravka,18886,Manchester United,Missing Fixture,Loan agreement,2022-10-16T13:00:00+00:00
M. Greenwood,897,Manchester United,Missing Fixture,Inactive,2022-10-16T13:00:00+00:00
S. McTominay,903,Manchester United,Missing Fixture,Yellow Cards,2022-10-16T13:00:00+00:00
A. Wan-Bissaka,18846,Manchester United,Missing Fixture,Injury,2022-10-16T13:00:00+00:00
B. Williams,138806,Manchester United,Missing Fixture,Injury,2022-10-16T13:00:00+00:00
D. van de Beek,547,Manchester United,Missing Fixture,Muscle Injury,2022-10-16T13:00:00+00:00
H. Maguire,2935,Manchester United,Questionable,Muscle Injury,2022-10-16T13:00:00+00:00
A. Martial,908,Manchester United,Questionable,Back Injury,2022-10-16T13:00:00+00:00
K. Darlow,18885,Newcastle,Missing Fixture,Ankle Injury,2022-10-16T13:00:00+00:00
E. Krafth,2855,Newcastle,Missing Fixture,Knee Injury,2022-10-16T13:00:00+00:00
M. Ritchie,18903,Newcastle,Missing Fixture,Calf Injury,2022-10-16T13:00:00+00:00
A. Saint-Maximin,22173,Newcastle,Missing Fixture,Muscle Injury,2022-10-16T13:00:00+00:00
A. Isak,2864,Newcastle,Questionable,Injury,2022-10-16T13:00:00+00:00
V. Livramento,158694,Southampton,Missing Fixture,Knee Injury,2022-10-16T13:00:00+00:00
R. Lavia,282125,Southampton,Questionable,Muscle Injury,2022-10-16T13:00:00+00:00
N. Aguerd,21694,West Ham,Missing Fixture,Ankle Injury,2022-10-16T13:00:00+00:00
M. Cornet,665,West Ham,Questionable,Calf Injury,2022-10-16T13:00:00+00:00
S. Dallas,19126,Leeds,Missing Fixture,Broken Leg,2022-10-16T13:00:00+00:00
A. Forshaw,19127,Leeds,Missing Fixture,Ankle Injury,2022-10-16T13:00:00+00:00
A. Gray,328089,Leeds,Questionable,Foot Injury,2022-10-16T13:00:00+00:00
M. Elneny,1452,Arsenal,Missing Fixture,Thigh Injury,2022-10-16T13:00:00+00:00
E. Smith Rowe,1161,Arsenal,Missing Fixture,Groin Injury,2022-10-16T13:00:00+00:00
O. Zinchenko,641,Arsenal,Missing Fixture,Muscle Injury,2022-10-16T13:00:00+00:00
Arthur,150,Liverpool,Missing Fixture,Muscle Injury,2022-10-16T15:30:00+00:00
L. Diaz,2489,Liverpool,Missing Fixture,Knee Injury,2022-10-16T15:30:00+00:00
N. Keita,294,Liverpool,Missing Fixture,Lacking Match Fitness,2022-10-16T15:30:00+00:00
J. Matip,286,Liverpool,Missing Fixture,Calf Injury,2022-10-16T15:30:00+00:00
A. Oxlade-Chamberlain,297,Liverpool,Missing Fixture,Muscle Injury,2022-10-16T15:30:00+00:00
I. Konate,1145,Liverpool,Questionable,Muscle Injury,2022-10-16T15:30:00+00:00
B. Mendy,623,Manchester City,Missing Fixture,Suspended,2022-10-16T15:30:00+00:00
K. Phillips,19130,Manchester City,Missing Fixture,Shoulder Injury,2022-10-16T15:30:00+00:00
J. Stones,626,Manchester City,Missing Fixture,Thigh Injury,2022-10-16T15:30:00+00:00
K. Walker,627,Manchester City,Missing Fixture,Muscle Injury,2022-10-16T15:30:00+00:00
K. Mitoma,106835,Brighton,Missing Fixture,Ankle Injury,2022-10-18T18:30:00+00:00
J. Moder,40911,Brighton,Missing Fixture,Knee Injury,2022-10-18T18:30:00+00:00
J. Colback,19299,Nottingham Forest,Missing Fixture,Back Injury,2022-10-18T18:30:00+00:00
M. Niakhate,25916,Nottingham Forest,Missing Fixture,Thigh Injury,2022-10-18T18:30:00+00:00
O. Richards,19610,Nottingham Forest,Missing Fixture,Calf Injury,2022-10-18T18:30:00+00:00
R. Lodi,10122,Nottingham Forest,Questionable,Ankle Injury,2022-10-18T18:30:00+00:00
L. O'Brien,20503,Nottingham Forest,Questionable,Illness,2022-10-18T18:30:00+00:00
J. Butland,2930,Crystal Palace,Missing Fixture,Wrist Injury,2022-10-18T19:15:00+00:00
N. Clyne,18862,Crystal Palace,Missing Fixture,Ankle Injury,2022-10-18T19:15:00+00:00
J. McArthur,18849,Crystal Palace,Missing Fixture,Groin Injury,2022-10-18T19:15:00+00:00
C. Richards,126949,Crystal Palace,Missing Fixture,Leg Injury,2022-10-18T19:15:00+00:00
N. Ferguson,127605,Crystal Palace,Questionable,Ankle Injury,2022-10-18T19:15:00+00:00
W. Hughes,18806,Crystal Palace,Questionable,Illness,2022-10-18T19:15:00+00:00
Chiquinho,195962,Wolves,Missing Fixture,Knee Injury,2022-10-18T19:15:00+00:00
R. Jimenez,2887,Wolves,Missing Fixture,Muscle Injury,2022-10-18T19:15:00+00:00
S. Kalajdzic,7722,Wolves,Missing Fixture,Knee Injury,2022-10-18T19:15:00+00:00
P. Neto,1864,Wolves,Missing Fixture,Ankle Injury,2022-10-18T19:15:00+00:00
D. Brooks,18870,Bournemouth,Missing Fixture,Thigh Injury,2022-10-19T18:30:00+00:00
L. Kelly,19263,Bournemouth,Missing Fixture,Ankle Injury,2022-10-19T18:30:00+00:00
A. Bella-Kotchap,25061,Southampton,Missing Fixture,Shoulder Injury,2022-10-19T18:30:00+00:00
V. Livramento,158694,Southampton,Missing Fixture,Knee Injury,2022-10-19T18:30:00+00:00
R. Lavia,282125,Southampton,Questionable,Muscle Injury,2022-10-19T18:30:00+00:00
A. Hickey,44871,Brentford,Missing Fixture,Ankle Injury,2022-10-19T18:30:00+00:00
P. Jansson,19124,Brentford,Missing Fixture,Thigh Injury,2022-10-19T18:30:00+00:00
C. Norgaard,30407,Brentford,Missing Fixture,Knock,2022-10-19T18:30:00+00:00
T. Strakosha,1835,Brentford,Missing Fixture,Ankle Injury,2022-10-19T18:30:00+00:00
W. Fofana,22094,Chelsea,Missing Fixture,Knee Injury,2022-10-19T18:30:00+00:00
R. James,19545,Chelsea,Missing Fixture,Knee Injury,2022-10-19T18:30:00+00:00
N. Kante,2290,Chelsea,Missing Fixture,Hamstring Injury,2022-10-19T18:30:00+00:00
Arthur,150,Liverpool,Missing Fixture,Muscle Injury,2022-10-19T18:30:00+00:00
L. Diaz,2489,Liverpool,Missing Fixture,Knee Injury,2022-10-19T18:30:00+00:00
Diogo Jota,2678,Liverpool,Missing Fixture,Calf Injury,2022-10-19T18:30:00+00:00
N. Keita,294,Liverpool,Missing Fixture,Lacking Match Fitness,2022-10-19T18:30:00+00:00
J. Matip,286,Liverpool,Missing Fixture,Calf Injury,2022-10-19T18:30:00+00:00
I. Konate,1145,Liverpool,Questionable,Muscle Injury,2022-10-19T18:30:00+00:00
N. Aguerd,21694,West Ham,Missing Fixture,Ankle Injury,2022-10-19T18:30:00+00:00
M. Cornet,665,West Ham,Questionable,Calf Injury,2022-10-19T18:30:00+00:00
C. Dawson,19147,West Ham,Questionable,Thigh Injury,2022-10-19T18:30:00+00:00
K. Darlow,18885,Newcastle,Missing Fixture,Ankle Injury,2022-10-19T18:30:00+00:00
A. Isak,2864,Newcastle,Missing Fixture,Injury,2022-10-19T18:30:00+00:00
E. Krafth,2855,Newcastle,Missing Fixture,Knee Injury,2022-10-19T18:30:00+00:00
M. Ritchie,18903,Newcastle,Missing Fixture,Calf Injury,2022-10-19T18:30:00+00:00
A. Saint-Maximin,22173,Newcastle,Questionable,Muscle Injury,2022-10-19T18:30:00+00:00
B. Godfrey,19073,Everton,Missing Fixture,Ankle Injury,2022-10-19T18:30:00+00:00
Y. Mina,2484,Everton,Missing Fixture,Ankle Injury,2022-10-19T18:30:00+00:00
N. Patterson,138417,Everton,Missing Fixture,Knee Injury,2022-10-19T18:30:00+00:00
A. Townsend,18854,Everton,Missing Fixture,Knee Injury,2022-10-19T18:30:00+00:00
M. Greenwood,897,Manchester United,Missing Fixture,Inactive,2022-10-19T19:15:00+00:00
A. Martial,908,Manchester United,Missing Fixture,Back Injury,2022-10-19T19:15:00+00:00
A. Tuanzebe,19182,Manchester United,Missing Fixture,Lacking Match Fitness,2022-10-19T19:15:00+00:00
A. Wan-Bissaka,18846,Manchester United,Missing Fixture,Injury,2022-10-19T19:15:00+00:00
B. Williams,138806,Manchester United,Missing Fixture,Injury,2022-10-19T19:15:00+00:00
D. van de Beek,547,Manchester United,Missing Fixture,Muscle Injury,2022-10-19T19:15:00+00:00
H. Maguire,2935,Manchester United,Questionable,Muscle Injury,2022-10-19T19:15:00+00:00
Emerson Royal,1566,Tottenham,Missing Fixture,Red Card,2022-10-19T19:15:00+00:00
Richarlison,2413,Tottenham,Missing Fixture,Calf Injury,2022-10-19T19:15:00+00:00
D. Kulusevski,30435,Tottenham,Questionable,Thigh Injury,2022-10-19T19:15:00+00:00
N. Chalobah,18803,Fulham,Missing Fixture,Red Card,2022-10-20T18:30:00+00:00
L. Kurzawa,263,Fulham,Missing Fixture,Knock,2022-10-20T18:30:00+00:00
M. Solomon,697,Fulham,Missing Fixture,Knee Injury,2022-10-20T18:30:00+00:00
K. Tete,657,Fulham,Questionable,Knock,2022-10-20T18:30:00+00:00
L. Augustinsson,2852,Aston Villa,Missing Fixture,Thigh Injury,2022-10-20T18:30:00+00:00
Diego Carlos,21090,Aston Villa,Missing Fixture,Achilles Tendon Injury,2022-10-20T18:30:00+00:00
L. Digne,2724,Aston Villa,Missing Fixture,Ankle Injury,2022-10-20T18:30:00+00:00
B. Kamara,1904,Aston Villa,Missing Fixture,Knee Injury,2022-10-20T18:30:00+00:00
R. Bertrand,18936,Leicester,Missing Fixture,Knee Injury,2022-10-20T19:15:00+00:00
J. Maddison,18784,Leicester,Missing Fixture,Yellow Cards,2022-10-20T19:15:00+00:00
W. Ndidi,18786,Leicester,Missing Fixture,Thigh Injury,2022-10-20T19:15:00+00:00
R. Pereira,18771,Leicester,Missing Fixture,Achilles Tendon Injury,2022-10-20T19:15:00+00:00
J. Evans,18772,Leicester,Questionable,Calf Injury,2022-10-20T19:15:00+00:00
C. Soyuncu,18776,Leicester,Questionable,Knee Injury,2022-10-20T19:15:00+00:00
S. Dallas,19126,Leeds,Missing Fixture,Broken Leg,2022-10-20T19:15:00+00:00
A. Forshaw,19127,Leeds,Missing Fixture,Ankle Injury,2022-10-20T19:15:00+00:00
P. Struijk,64003,Leeds,Missing Fixture,Injury,2022-10-20T19:15:00+00:00
A. Gray,328089,Leeds,Questionable,Foot Injury,2022-10-20T19:15:00+00:00
J. Colback,19299,Nottingham Forest,Missing Fixture,Back Injury,2022-10-22T11:30:00+00:00
M. Niakhate,25916,Nottingham Forest,Missing Fixture,Thigh Injury,2022-10-22T11:30:00+00:00
L. O'Brien,20503,Nottingham Forest,Missing Fixture,Illness,2022-10-22T11:30:00+00:00
O. Richards,19610,Nottingham Forest,Missing Fixture,Calf Injury,2022-10-22T11:30:00+00:00
H. Toffolo,17365,Nottingham Forest,Questionable,Thigh Injury,2022-10-22T11:30:00+00:00
Arthur,150,Liverpool,Missing Fixture,Muscle Injury,2022-10-22T11:30:00+00:00
L. Diaz,2489,Liverpool,Missing Fixture,Knee Injury,2022-10-22T11:30:00+00:00
Diogo Jota,2678,Liverpool,Missing Fixture,Calf Injury,2022-10-22T11:30:00+00:00
N. Keita,294,Liverpool,Missing Fixture,Lacking Match Fitness,2022-10-22T11:30:00+00:00
J. Matip,286,Liverpool,Missing Fixture,Calf Injury,2022-10-22T11:30:00+00:00
Thiago,507,Liverpool,Missing Fixture,Illness,2022-10-22T11:30:00+00:00
I. Konate,1145,Liverpool,Questionable,Muscle Injury,2022-10-22T11:30:00+00:00
D. Nunez,51617,Liverpool,Questionable,Muscle Injury,2022-10-22T11:30:00+00:00
B. Godfrey,19073,Everton,Missing Fixture,Ankle Injury,2022-10-22T14:00:00+00:00
Y. Mina,2484,Everton,Missing Fixture,Ankle Injury,2022-10-22T14:00:00+00:00
A. Townsend,18854,Everton,Missing Fixture,Knee Injury,2022-10-22T14:00:00+00:00
N. Patterson,138417,Everton,Questionable,Knee Injury,2022-10-22T14:00:00+00:00
J. Butland,2930,Crystal Palace,Missing Fixture,Wrist Injury,2022-10-22T14:00:00+00:00
N. Clyne,18862,Crystal Palace,Missing Fixture,Ankle Injury,2022-10-22T14:00:00+00:00
J. McArthur,18849,Crystal Palace,Missing Fixture,Groin Injury,2022-10-22T14:00:00+00:00
C. Richards,126949,Crystal Palace,Missing Fixture,Leg Injury,2022-10-22T14:00:00+00:00
N. Ferguson,127605,Crystal Palace,Questionable,Ankle Injury,2022-10-22T14:00:00+00:00
B. Mendy,623,Manchester City,Missing Fixture,Suspended,2022-10-22T14:00:00+00:00
K. Phillips,19130,Manchester City,Missing Fixture,Shoulder Injury,2022-10-22T14:00:00+00:00
K. Walker,627,Manchester City,Missing Fixture,Muscle Injury,2022-10-22T14:00:00+00:00
K. Mitoma,106835,Brighton,Missing Fixture,Ankle Injury,2022-10-22T14:00:00+00:00
J. Moder,40911,Brighton,Missing Fixture,Knee Injury,2022-10-22T14:00:00+00:00
W. Fofana,22094,Chelsea,Missing Fixture,Knee Injury,2022-10-22T16:30:00+00:00
R. James,19545,Chelsea,Missing Fixture,Knee Injury,2022-10-22T16:30:00+00:00
N. Kante,2290,Chelsea,Missing Fixture,Hamstring Injury,2022-10-22T16:30:00+00:00
M. Greenwood,897,Manchester United,Missing Fixture,Inactive,2022-10-22T16:30:00+00:00
A. Martial,908,Manchester United,Missing Fixture,Back Injury,2022-10-22T16:30:00+00:00
C. Ronaldo,874,Manchester United,Missing Fixture,Coach's decision,2022-10-22T16:30:00+00:00
A. Tuanzebe,19182,Manchester United,Missing Fixture,Lacking Match Fitness,2022-10-22T16:30:00+00:00
A. Wan-Bissaka,18846,Manchester United,Missing Fixture,Injury,2022-10-22T16:30:00+00:00
B. Williams,138806,Manchester United,Missing Fixture,Injury,2022-10-22T16:30:00+00:00
D. van de Beek,547,Manchester United,Missing Fixture,Muscle Injury,2022-10-22T16:30:00+00:00
H. Maguire,2935,Manchester United,Questionable,Muscle Injury,2022-10-22T16:30:00+00:00
L. Augustinsson,2852,Aston Villa,Missing Fixture,Thigh Injury,2022-10-23T13:00:00+00:00
Diego Carlos,21090,Aston Villa,Missing Fixture,Achilles Tendon Injury,2022-10-23T13:00:00+00:00
L. Digne,2724,Aston Villa,Missing Fixture,Ankle Injury,2022-10-23T13:00:00+00:00
B. Kamara,1904,Aston Villa,Missing Fixture,Knee Injury,2022-10-23T13:00:00+00:00
A. Hickey,44871,Brentford,Missing Fixture,Ankle Injury,2022-10-23T13:00:00+00:00
P. Jansson,19124,Brentford,Missing Fixture,Thigh Injury,2022-10-23T13:00:00+00:00
C. Norgaard,30407,Brentford,Missing Fixture,Knock,2022-10-23T13:00:00+00:00
T. Strakosha,1835,Brentford,Missing Fixture,Ankle Injury,2022-10-23T13:00:00+00:00
S. Dallas,19126,Leeds,Missing Fixture,Broken Leg,2022-10-23T13:00:00+00:00
A. Forshaw,19127,Leeds,Missing Fixture,Ankle Injury,2022-10-23T13:00:00+00:00
A. Gray,328089,Leeds,Questionable,Foot Injury,2022-10-23T13:00:00+00:00
D. James,19329,Fulham,Missing Fixture,Loan agreement,2022-10-23T13:00:00+00:00
L. Kurzawa,263,Fulham,Missing Fixture,Knock,2022-10-23T13:00:00+00:00
M. Solomon,697,Fulham,Missing Fixture,Knee Injury,2022-10-23T13:00:00+00:00
K. Tete,657,Fulham,Questionable,Knock,2022-10-23T13:00:00+00:00
A. Bella-Kotchap,25061,Southampton,Missing Fixture,Shoulder Injury,2022-10-23T13:00:00+00:00
V. Livramento,158694,Southampton,Missing Fixture,Knee Injury,2022-10-23T13:00:00+00:00
A. Maitland-Niles,1456,Southampton,Missing Fixture,Loan agreement,2022-10-23T13:00:00+00:00
K. Walker-Peters,171,Southampton,Missing Fixture,Muscle Injury,2022-10-23T13:00:00+00:00
R. Lavia,282125,Southampton,Questionable,Muscle Injury,2022-10-23T13:00:00+00:00
M. Elneny,1452,Arsenal,Missing Fixture,Thigh Injury,2022-10-23T13:00:00+00:00
E. Smith Rowe,1161,Arsenal,Missing Fixture,Groin Injury,2022-10-23T13:00:00+00:00
O. Zinchenko,641,Arsenal,Questionable,Muscle Injury,2022-10-23T13:00:00+00:00
Chiquinho,195962,Wolves,Missing Fixture,Knee Injury,2022-10-23T13:00:00+00:00
R. Jimenez,2887,Wolves,Missing Fixture,Muscle Injury,2022-10-23T13:00:00+00:00
S. Kalajdzic,7722,Wolves,Missing Fixture,Knee Injury,2022-10-23T13:00:00+00:00
P. Neto,1864,Wolves,Missing Fixture,Ankle Injury,2022-10-23T13:00:00+00:00
R. Bertrand,18936,Leicester,Missing Fixture,Knee Injury,2022-10-23T13:00:00+00:00
W. Ndidi,18786,Leicester,Missing Fixture,Thigh Injury,2022-10-23T13:00:00+00:00
R. Pereira,18771,Leicester,Missing Fixture,Achilles Tendon Injury,2022-10-23T13:00:00+00:00
J. Evans,18772,Leicester,Questionable,Calf Injury,2022-10-23T13:00:00+00:00
D. Kulusevski,30435,Tottenham,Missing Fixture,Thigh Injury,2022-10-23T15:30:00+00:00
Richarlison,2413,Tottenham,Missing Fixture,Calf Injury,2022-10-23T15:30:00+00:00
K. Darlow,18885,Newcastle,Missing Fixture,Ankle Injury,2022-10-23T15:30:00+00:00
A. Isak,2864,Newcastle,Missing Fixture,Injury,2022-10-23T15:30:00+00:00
E. Krafth,2855,Newcastle,Missing Fixture,Knee Injury,2022-10-23T15:30:00+00:00
M. Ritchie,18903,Newcastle,Missing Fixture,Calf Injury,2022-10-23T15:30:00+00:00
A. Saint-Maximin,22173,Newcastle,Questionable,Muscle Injury,2022-10-23T15:30:00+00:00
N. Aguerd,21694,West Ham,Missing Fixture,Ankle Injury,2022-10-24T19:00:00+00:00
L. Paqueta,1646,West Ham,Missing Fixture,Shoulder Injury,2022-10-24T19:00:00+00:00
M. Cornet,665,West Ham,Questionable,Calf Injury,2022-10-24T19:00:00+00:00
C. Dawson,19147,West Ham,Questionable,Thigh Injury,2022-10-24T19:00:00+00:00
D. Brooks,18870,Bournemouth,Missing Fixture,Thigh Injury,2022-10-24T19:00:00+00:00
L. Kelly,19263,Bournemouth,Missing Fixture,Ankle Injury,2022-10-24T19:00:00+00:00
R. Bertrand,18936,Leicester,Missing Fixture,Knee Injury,2022-10-29T11:30:00+00:00
R. Pereira,18771,Leicester,Missing Fixture,Achilles Tendon Injury,2022-10-29T11:30:00+00:00
J. Evans,18772,Leicester,Questionable,Calf Injury,2022-10-29T11:30:00+00:00
B. Mendy,623,Manchester City,Missing Fixture,Suspended,2022-10-29T11:30:00+00:00
K. Phillips,19130,Manchester City,Missing Fixture,Shoulder Injury,2022-10-29T11:30:00+00:00
K. Walker,627,Manchester City,Missing Fixture,Muscle Injury,2022-10-29T11:30:00+00:00
E. Haaland,1100,Manchester City,Questionable,Foot Injury,2022-10-29T11:30:00+00:00
D. Brooks,18870,Bournemouth,Missing Fixture,Thigh Injury,2022-10-29T14:00:00+00:00
L. Kelly,19263,Bournemouth,Missing Fixture,Ankle Injury,2022-10-29T14:00:00+00:00
Neto,912,Bournemouth,Missing Fixture,Thigh Injury,2022-10-29T14:00:00+00:00
D. Kulusevski,30435,Tottenham,Missing Fixture,Thigh Injury,2022-10-29T14:00:00+00:00
Richarlison,2413,Tottenham,Missing Fixture,Calf Injury,2022-10-29T14:00:00+00:00
A. Hickey,44871,Brentford,Missing Fixture,Ankle Injury,2022-10-29T14:00:00+00:00
P. Jansson,19124,Brentford,Missing Fixture,Thigh Injury,2022-10-29T14:00:00+00:00
T. Strakosha,1835,Brentford,Missing Fixture,Ankle Injury,2022-10-29T14:00:00+00:00
C. Norgaard,30407,Brentford,Questionable,Knock,2022-10-29T14:00:00+00:00
Chiquinho,195962,Wolves,Missing Fixture,Knee Injury,2022-10-29T14:00:00+00:00
R. Jimenez,2887,Wolves,Missing Fixture,Muscle Injury,2022-10-29T14:00:00+00:00
S. Kalajdzic,7722,Wolves,Missing Fixture,Knee Injury,2022-10-29T14:00:00+00:00
P. Neto,1864,Wolves,Missing Fixture,Ankle Injury,2022-10-29T14:00:00+00:00
J. Moder,40911,Brighton,Missing Fixture,Knee Injury,2022-10-29T14:00:00+00:00
J. Veltman,537,Brighton,Questionable,Muscle Injury,2022-10-29T14:00:00+00:00
W. Fofana,22094,Chelsea,Missing Fixture,Knee Injury,2022-10-29T14:00:00+00:00
R. James,19545,Chelsea,Missing Fixture,Knee Injury,2022-10-29T14:00:00+00:00
N. Kante,2290,Chelsea,Missing Fixture,Hamstring Injury,2022-10-29T14:00:00+00:00
K. Koulibaly,318,Chelsea,Questionable,Knee Injury,2022-10-29T14:00:00+00:00
J. Butland,2930,Crystal Palace,Missing Fixture,Wrist Injury,2022-10-29T14:00:00+00:00
J. McArthur,18849,Crystal Palace,Missing Fixture,Groin Injury,2022-10-29T14:00:00+00:00
C. Richards,126949,Crystal Palace,Missing Fixture,Leg Injury,2022-10-29T14:00:00+00:00
N. Ferguson,127605,Crystal Palace,Questionable,Ankle Injury,2022-10-29T14:00:00+00:00
V. Livramento,158694,Southampton,Missing Fixture,Knee Injury,2022-10-29T14:00:00+00:00
K. Walker-Peters,171,Southampton,Missing Fixture,Muscle Injury,2022-10-29T14:00:00+00:00
A. Bella-Kotchap,25061,Southampton,Questionable,Shoulder Injury,2022-10-29T14:00:00+00:00
R. Lavia,282125,Southampton,Questionable,Muscle Injury,2022-10-29T14:00:00+00:00
K. Darlow,18885,Newcastle,Missing Fixture,Ankle Injury,2022-10-29T14:00:00+00:00
P. Dummett,18892,Newcastle,Missing Fixture,Calf Injury,2022-10-29T14:00:00+00:00
A. Isak,2864,Newcastle,Missing Fixture,Injury,2022-10-29T14:00:00+00:00
E. Krafth,2855,Newcastle,Missing Fixture,Knee Injury,2022-10-29T14:00:00+00:00
M. Ritchie,18903,Newcastle,Missing Fixture,Calf Injury,2022-10-29T14:00:00+00:00
L. Augustinsson,2852,Aston Villa,Missing Fixture,Thigh Injury,2022-10-29T14:00:00+00:00
Diego Carlos,21090,Aston Villa,Missing Fixture,Achilles Tendon Injury,2022-10-29T14:00:00+00:00
B. Kamara,1904,Aston Villa,Missing Fixture,Knee Injury,2022-10-29T14:00:00+00:00
L. Kurzawa,263,Fulham,Missing Fixture,Knock,2022-10-29T16:30:00+00:00
M. Solomon,697,Fulham,Missing Fixture,Knee Injury,2022-10-29T16:30:00+00:00
B. Godfrey,19073,Everton,Missing Fixture,Ankle Injury,2022-10-29T16:30:00+00:00
Y. Mina,2484,Everton,Missing Fixture,Ankle Injury,2022-10-29T16:30:00+00:00
A. Townsend,18854,Everton,Missing Fixture,Knee Injury,2022-10-29T16:30:00+00:00
Arthur,150,Liverpool,Missing Fixture,Muscle Injury,2022-10-29T18:45:00+00:00
L. Diaz,2489,Liverpool,Missing Fixture,Knee Injury,2022-10-29T18:45:00+00:00
Diogo Jota,2678,Liverpool,Missing Fixture,Calf Injury,2022-10-29T18:45:00+00:00
N. Keita,294,Liverpool,Missing Fixture,Lacking Match Fitness,2022-10-29T18:45:00+00:00
J. Matip,286,Liverpool,Missing Fixture,Calf Injury,2022-10-29T18:45:00+00:00
S. Dallas,19126,Leeds,Missing Fixture,Broken Leg,2022-10-29T18:45:00+00:00
A. Forshaw,19127,Leeds,Missing Fixture,Ankle Injury,2022-10-29T18:45:00+00:00
A. Gray,328089,Leeds,Questionable,Foot Injury,2022-10-29T18:45:00+00:00
L. Sinisterra,37161,Leeds,Questionable,Foot Injury,2022-10-29T18:45:00+00:00
M. Elneny,1452,Arsenal,Missing Fixture,Thigh Injury,2022-10-30T14:00:00+00:00
E. Smith Rowe,1161,Arsenal,Missing Fixture,Groin Injury,2022-10-30T14:00:00+00:00
M. Turner,50999,Arsenal,Questionable,Groin Injury,2022-10-30T14:00:00+00:00
O. Zinchenko,641,Arsenal,Questionable,Muscle Injury,2022-10-30T14:00:00+00:00
J. Colback,19299,Nottingham Forest,Missing Fixture,Back Injury,2022-10-30T14:00:00+00:00
M. Niakhate,25916,Nottingham Forest,Missing Fixture,Thigh Injury,2022-10-30T14:00:00+00:00
O. Richards,19610,Nottingham Forest,Missing Fixture,Calf Injury,2022-10-30T14:00:00+00:00
H. Toffolo,17365,Nottingham Forest,Missing Fixture,Thigh Injury,2022-10-30T14:00:00+00:00
M. Greenwood,897,Manchester United,Missing Fixture,Inactive,2022-10-30T16:15:00+00:00
A. Tuanzebe,19182,Manchester United,Missing Fixture,Lacking Match Fitness,2022-10-30T16:15:00+00:00
R. Varane,742,Manchester United,Missing Fixture,Muscle Injury,2022-10-30T16:15:00+00:00
B. Williams,138806,Manchester United,Missing Fixture,Injury,2022-10-30T16:15:00+00:00
A. Martial,908,Manchester United,Questionable,Back Injury,2022-10-30T16:15:00+00:00
A. Wan-Bissaka,18846,Manchester United,Questionable,Injury,2022-10-30T16:15:00+00:00
L. Paqueta,1646,West Ham,Missing Fixture,Shoulder Injury,2022-10-30T16:15:00+00:00
M. Cornet,665,West Ham,Questionable,Calf Injury,2022-10-30T16:15:00+00:00
S. Dallas,19126,Leeds,Missing Fixture,Broken Leg,2022-11-05T15:00:00+00:00
A. Forshaw,19127,Leeds,Missing Fixture,Ankle Injury,2022-11-05T15:00:00+00:00
L. Sinisterra,37161,Leeds,Missing Fixture,Foot Injury,2022-11-05T15:00:00+00:00
A. Gray,328089,Leeds,Questionable,Foot Injury,2022-11-05T15:00:00+00:00
D. Brooks,18870,Bournemouth,Missing Fixture,Thigh Injury,2022-11-05T15:00:00+00:00
L. Kelly,19263,Bournemouth,Missing Fixture,Ankle Injury,2022-11-05T15:00:00+00:00
Neto,912,Bournemouth,Missing Fixture,Thigh Injury,2022-11-05T15:00:00+00:00
B. Mendy,623,Manchester City,Missing Fixture,Suspended,2022-11-05T15:00:00+00:00
K. Phillips,19130,Manchester City,Missing Fixture,Shoulder Injury,2022-11-05T15:00:00+00:00
K. Walker,627,Manchester City,Missing Fixture,Muscle Injury,2022-11-05T15:00:00+00:00
N. Kebano,19027,Fulham,Missing Fixture,Achilles Tendon Injury,2022-11-05T15:00:00+00:00
A. Mitrovic,2825,Fulham,Missing Fixture,Ankle Injury,2022-11-05T15:00:00+00:00
B. Reid,19004,Fulham,Missing Fixture,Yellow Cards,2022-11-05T15:00:00+00:00
M. Solomon,697,Fulham,Missing Fixture,Knee Injury,2022-11-05T15:00:00+00:00
G. Biancone,84081,Nottingham Forest,Missing Fixture,Knee Injury,2022-11-05T15:00:00+00:00
J. Colback,19299,Nottingham Forest,Missing Fixture,Back Injury,2022-11-05T15:00:00+00:00
M. Niakhate,25916,Nottingham Forest,Missing Fixture,Thigh Injury,2022-11-05T15:00:00+00:00
O. Richards,19610,Nottingham Forest,Missing Fixture,Calf Injury,2022-11-05T15:00:00+00:00
H. Toffolo,17365,Nottingham Forest,Missing Fixture,Thigh Injury,2022-11-05T15:00:00+00:00
C. Goode,17772,Brentford,Missing Fixture,Knee Injury,2022-11-05T15:00:00+00:00
A. Hickey,44871,Brentford,Missing Fixture,Ankle Injury,2022-11-05T15:00:00+00:00
P. Jansson,19124,Brentford,Missing Fixture,Thigh Injury,2022-11-05T15:00:00+00:00
T. Strakosha,1835,Brentford,Missing Fixture,Ankle Injury,2022-11-05T15:00:00+00:00
I. Toney,19974,Brentford,Missing Fixture,Yellow Cards,2022-11-05T15:00:00+00:00
C. Norgaard,30407,Brentford,Questionable,Knock,2022-11-05T15:00:00+00:00
Chiquinho,195962,Wolves,Missing Fixture,Knee Injury,2022-11-05T15:00:00+00:00
D. Costa,54,Wolves,Missing Fixture,Red Card,2022-11-05T15:00:00+00:00
R. Jimenez,2887,Wolves,Missing Fixture,Muscle Injury,2022-11-05T15:00:00+00:00
S. Kalajdzic,7722,Wolves,Missing Fixture,Knee Injury,2022-11-05T15:00:00+00:00
P. Neto,1864,Wolves,Missing Fixture,Ankle Injury,2022-11-05T15:00:00+00:00
Matheus Nunes,41621,Wolves,Questionable,Shoulder Injury,2022-11-05T15:00:00+00:00
J. Moder,40911,Brighton,Missing Fixture,Knee Injury,2022-11-05T15:00:00+00:00
B. Godfrey,19073,Everton,Missing Fixture,Ankle Injury,2022-11-05T17:30:00+00:00
Y. Mina,2484,Everton,Missing Fixture,Ankle Injury,2022-11-05T17:30:00+00:00
A. Townsend,18854,Everton,Missing Fixture,Knee Injury,2022-11-05T17:30:00+00:00
R. Bertrand,18936,Leicester,Missing Fixture,Knee Injury,2022-11-05T17:30:00+00:00
R. Pereira,18771,Leicester,Missing Fixture,Achilles Tendon Injury,2022-11-05T17:30:00+00:00
J. Evans,18772,Leicester,Questionable,Calf Injury,2022-11-05T17:30:00+00:00
K. Arrizabalaga,2273,Chelsea,Missing Fixture,Injury,2022-11-06T12:00:00+00:00
B. Chilwell,2933,Chelsea,Missing Fixture,Thigh Injury,2022-11-06T12:00:00+00:00
C. Chukwuemeka,138935,Chelsea,Missing Fixture,Thigh Injury,2022-11-06T12:00:00+00:00
W. Fofana,22094,Chelsea,Missing Fixture,Knee Injury,2022-11-06T12:00:00+00:00
R. James,19545,Chelsea,Missing Fixture,Knee Injury,2022-11-06T12:00:00+00:00
N. Kante,2290,Chelsea,Missing Fixture,Hamstring Injury,2022-11-06T12:00:00+00:00
E. Smith Rowe,1161,Arsenal,Missing Fixture,Groin Injury,2022-11-06T12:00:00+00:00
T. Tomiyasu,2597,Arsenal,Questionable,Injury,2022-11-06T12:00:00+00:00
Diego Carlos,21090,Aston Villa,Missing Fixture,Achilles Tendon Injury,2022-11-06T14:00:00+00:00
B. Fernandes,1485,Manchester United,Missing Fixture,Yellow Cards,2022-11-06T14:00:00+00:00
M. Greenwood,897,Manchester United,Missing Fixture,Inactive,2022-11-06T14:00:00+00:00
A. Tuanzebe,19182,Manchester United,Missing Fixture,Lacking Match Fitness,2022-11-06T14:00:00+00:00
R. Varane,742,Manchester United,Missing Fixture,Muscle Injury,2022-11-06T14:00:00+00:00
B. Williams,138806,Manchester United,Missing Fixture,Injury,2022-11-06T14:00:00+00:00
Antony,9971,Manchester United,Questionable,Injury,2022-11-06T14:00:00+00:00
J. Sancho,18,Manchester United,Questionable,Illness,2022-11-06T14:00:00+00:00
V. Livramento,158694,Southampton,Missing Fixture,Knee Injury,2022-11-06T14:00:00+00:00
K. Walker-Peters,171,Southampton,Missing Fixture,Muscle Injury,2022-11-06T14:00:00+00:00
P. Dummett,18892,Newcastle,Missing Fixture,Calf Injury,2022-11-06T14:00:00+00:00
A. Isak,2864,Newcastle,Missing Fixture,Injury,2022-11-06T14:00:00+00:00
Joelinton,723,Newcastle,Missing Fixture,Yellow Cards,2022-11-06T14:00:00+00:00
E. Krafth,2855,Newcastle,Missing Fixture,Knee Injury,2022-11-06T14:00:00+00:00
M. Ritchie,18903,Newcastle,Missing Fixture,Calf Injury,2022-11-06T14:00:00+00:00
M. Cornet,665,West Ham,Questionable,Calf Injury,2022-11-06T14:00:00+00:00
J. Butland,2930,Crystal Palace,Missing Fixture,Wrist Injury,2022-11-06T14:00:00+00:00
J. McArthur,18849,Crystal Palace,Missing Fixture,Groin Injury,2022-11-06T14:00:00+00:00
C. Richards,126949,Crystal Palace,Missing Fixture,Leg Injury,2022-11-06T14:00:00+00:00
O. Edouard,1135,Crystal Palace,Questionable,Knock,2022-11-06T14:00:00+00:00
Richarlison,2413,Tottenham,Missing Fixture,Calf Injury,2022-11-06T16:30:00+00:00
C. Romero,30776,Tottenham,Missing Fixture,Muscle Injury,2022-11-06T16:30:00+00:00
Son Heung-Min,186,Tottenham,Missing Fixture,Face Injury,2022-11-06T16:30:00+00:00
Arthur,150,Liverpool,Missing Fixture,Muscle Injury,2022-11-06T16:30:00+00:00
L. Diaz,2489,Liverpool,Missing Fixture,Knee Injury,2022-11-06T16:30:00+00:00
Diogo Jota,2678,Liverpool,Missing Fixture,Calf Injury,2022-11-06T16:30:00+00:00
N. Keita,294,Liverpool,Missing Fixture,Lacking Match Fitness,2022-11-06T16:30:00+00:00
J. Matip,286,Liverpool,Missing Fixture,Calf Injury,2022-11-06T16:30:00+00:00
J. Milner,296,Liverpool,Questionable,Head Injury,2022-11-06T16:30:00+00:00
N. Ake,18861,Manchester City,Missing Fixture,Coach's decision,2022-11-12T12:30:00+00:00
B. Mendy,623,Manchester City,Missing Fixture,Suspended,2022-11-12T12:30:00+00:00
K. Walker,627,Manchester City,Missing Fixture,Muscle Injury,2022-11-12T12:30:00+00:00
K. Ajer,1119,Brentford,Missing Fixture,Knee Injury,2022-11-12T12:30:00+00:00
S. Baptiste,20110,Brentford,Missing Fixture,Muscle Injury,2022-11-12T12:30:00+00:00
C. Goode,17772,Brentford,Missing Fixture,Knee Injury,2022-11-12T12:30:00+00:00
A. Hickey,44871,Brentford,Missing Fixture,Ankle Injury,2022-11-12T12:30:00+00:00
P. Jansson,19124,Brentford,Missing Fixture,Thigh Injury,2022-11-12T12:30:00+00:00
T. Strakosha,1835,Brentford,Missing Fixture,Ankle Injury,2022-11-12T12:30:00+00:00
D. Brooks,18870,Bournemouth,Missing Fixture,Thigh Injury,2022-11-12T15:00:00+00:00
L. Kelly,19263,Bournemouth,Missing Fixture,Ankle Injury,2022-11-12T15:00:00+00:00
C. Mepham,18866,Bournemouth,Missing Fixture,Yellow Cards,2022-11-12T15:00:00+00:00
Neto,912,Bournemouth,Missing Fixture,Thigh Injury,2022-11-12T15:00:00+00:00
D. Calvert-Lewin,18766,Everton,Missing Fixture,Thigh Injury,2022-11-12T15:00:00+00:00
A. Townsend,18854,Everton,Missing Fixture,Knee Injury,2022-11-12T15:00:00+00:00
M. Holgate,19150,Everton,Questionable,Knee Injury,2022-11-12T15:00:00+00:00
Arthur,150,Liverpool,Missing Fixture,Muscle Injury,2022-11-12T15:00:00+00:00
L. Diaz,2489,Liverpool,Missing Fixture,Knee Injury,2022-11-12T15:00:00+00:00
Diogo Jota,2678,Liverpool,Missing Fixture,Calf Injury,2022-11-12T15:00:00+00:00
N. Keita,294,Liverpool,Missing Fixture,Lacking Match Fitness,2022-11-12T15:00:00+00:00
J. Matip,286,Liverpool,Missing Fixture,Calf Injury,2022-11-12T15:00:00+00:00
V. Livramento,158694,Southampton,Missing Fixture,Knee Injury,2022-11-12T15:00:00+00:00
K. Walker-Peters,171,Southampton,Missing Fixture,Muscle Injury,2022-11-12T15:00:00+00:00
J. Larios,284264,Southampton,Questionable,Muscle Injury,2022-11-12T15:00:00+00:00
G. Biancone,84081,Nottingham Forest,Missing Fixture,Knee Injury,2022-11-12T15:00:00+00:00
O. Mangala,24882,Nottingham Forest,Missing Fixture,Red Card,2022-11-12T15:00:00+00:00
M. Niakhate,25916,Nottingham Forest,Missing Fixture,Thigh Injury,2022-11-12T15:00:00+00:00
O. Richards,19610,Nottingham Forest,Missing Fixture,Calf Injury,2022-11-12T15:00:00+00:00
H. Toffolo,17365,Nottingham Forest,Missing Fixture,Thigh Injury,2022-11-12T15:00:00+00:00
J. Butland,2930,Crystal Palace,Missing Fixture,Wrist Injury,2022-11-12T15:00:00+00:00
J. McArthur,18849,Crystal Palace,Missing Fixture,Groin Injury,2022-11-12T15:00:00+00:00
C. Richards,126949,Crystal Palace,Missing Fixture,Leg Injury,2022-11-12T15:00:00+00:00
C. Romero,30776,Tottenham,Missing Fixture,Muscle Injury,2022-11-12T15:00:00+00:00
R. Sessegnon,19032,Tottenham,Missing Fixture,Muscle Injury,2022-11-12T15:00:00+00:00
Son Heung-Min,186,Tottenham,Missing Fixture,Face Injury,2022-11-12T15:00:00+00:00
P. Bamford,19134,Leeds,Missing Fixture,Muscle Injury,2022-11-12T15:00:00+00:00
S. Dallas,19126,Leeds,Missing Fixture,Broken Leg,2022-11-12T15:00:00+00:00
A. Forshaw,19127,Leeds,Missing Fixture,Ankle Injury,2022-11-12T15:00:00+00:00
M. Klich,3008,Leeds,Missing Fixture,Knee Injury,2022-11-12T15:00:00+00:00
L. Sinisterra,37161,Leeds,Missing Fixture,Foot Injury,2022-11-12T15:00:00+00:00
A. Gray,328089,Leeds,Questionable,Foot Injury,2022-11-12T15:00:00+00:00
J. Harrison,19128,Leeds,Questionable,Muscle Injury,2022-11-12T15:00:00+00:00
M. Cornet,665,West Ham,Missing Fixture,Calf Injury,2022-11-12T15:00:00+00:00
R. Bertrand,18936,Leicester,Missing Fixture,Knee Injury,2022-11-12T15:00:00+00:00
J. Justin,19760,Leicester,Missing Fixture,Knee Injury,2022-11-12T15:00:00+00:00
R. Pereira,18771,Leicester,Missing Fixture,Achilles Tendon Injury,2022-11-12T15:00:00+00:00
C. Soyuncu,18776,Leicester,Missing Fixture,Thigh Injury,2022-11-12T15:00:00+00:00
P. Dummett,18892,Newcastle,Missing Fixture,Calf Injury,2022-11-12T17:30:00+00:00
A. Isak,2864,Newcastle,Missing Fixture,Injury,2022-11-12T17:30:00+00:00
E. Krafth,2855,Newcastle,Missing Fixture,Knee Injury,2022-11-12T17:30:00+00:00
M. Ritchie,18903,Newcastle,Missing Fixture,Calf Injury,2022-11-12T17:30:00+00:00
R. Fraser,18873,Newcastle,Questionable,Calf Injury,2022-11-12T17:30:00+00:00
K. Arrizabalaga,2273,Chelsea,Missing Fixture,Injury,2022-11-12T17:30:00+00:00
B. Chilwell,2933,Chelsea,Missing Fixture,Thigh Injury,2022-11-12T17:30:00+00:00
C. Chukwuemeka,138935,Chelsea,Missing Fixture,Thigh Injury,2022-11-12T17:30:00+00:00
W. Fofana,22094,Chelsea,Missing Fixture,Knee Injury,2022-11-12T17:30:00+00:00
R. James,19545,Chelsea,Missing Fixture,Knee Injury,2022-11-12T17:30:00+00:00
N. Kante,2290,Chelsea,Missing Fixture,Hamstring Injury,2022-11-12T17:30:00+00:00
Chiquinho,195962,Wolves,Missing Fixture,Knee Injury,2022-11-12T19:45:00+00:00
D. Costa,54,Wolves,Missing Fixture,Red Card,2022-11-12T19:45:00+00:00
R. Jimenez,2887,Wolves,Missing Fixture,Muscle Injury,2022-11-12T19:45:00+00:00
S. Kalajdzic,7722,Wolves,Missing Fixture,Knee Injury,2022-11-12T19:45:00+00:00
P. Neto,1864,Wolves,Missing Fixture,Ankle Injury,2022-11-12T19:45:00+00:00
Jonny,18740,Wolves,Questionable,Muscle Injury,2022-11-12T19:45:00+00:00
E. Smith Rowe,1161,Arsenal,Missing Fixture,Groin Injury,2022-11-12T19:45:00+00:00
T. Tomiyasu,2597,Arsenal,Missing Fixture,Injury,2022-11-12T19:45:00+00:00
J. Moder,40911,Brighton,Missing Fixture,Knee Injury,2022-11-13T14:00:00+00:00
Coutinho,147,Aston Villa,Missing Fixture,Thigh Injury,2022-11-13T14:00:00+00:00
Diego Carlos,21090,Aston Villa,Missing Fixture,Achilles Tendon Injury,2022-11-13T14:00:00+00:00
N. Kebano,19027,Fulham,Missing Fixture,Achilles Tendon Injury,2022-11-13T16:30:00+00:00
A. Mitrovic,2825,Fulham,Missing Fixture,Ankle Injury,2022-11-13T16:30:00+00:00
H. Reed,19480,Fulham,Missing Fixture,Yellow Cards,2022-11-13T16:30:00+00:00
M. Solomon,697,Fulham,Missing Fixture,Knee Injury,2022-11-13T16:30:00+00:00
K. Tete,657,Fulham,Missing Fixture,Yellow Cards,2022-11-13T16:30:00+00:00
D. Dalot,886,Manchester United,Missing Fixture,Yellow Cards,2022-11-13T16:30:00+00:00
M. Greenwood,897,Manchester United,Missing Fixture,Inactive,2022-11-13T16:30:00+00:00
C. Ronaldo,874,Manchester United,Missing Fixture,Illness,2022-11-13T16:30:00+00:00
A. Tuanzebe,19182,Manchester United,Missing Fixture,Lacking Match Fitness,2022-11-13T16:30:00+00:00
R. Varane,742,Manchester United,Missing Fixture,Muscle Injury,2022-11-13T16:30:00+00:00
B. Williams,138806,Manchester United,Missing Fixture,Injury,2022-11-13T16:30:00+00:00
Antony,9971,Manchester United,Questionable,Injury,2022-11-13T16:30:00+00:00
J. Sancho,18,Manchester United,Questionable,Illness,2022-11-13T16:30:00+00:00
K. Ajer,1119,Brentford,Missing Fixture,Knee Injury,2022-12-26T12:30:00+00:00
S. Baptiste,20110,Brentford,Missing Fixture,Muscle Injury,2022-12-26T12:30:00+00:00
A. Hickey,44871,Brentford,Missing Fixture,Ankle Injury,2022-12-26T12:30:00+00:00
T. Strakosha,1835,Brentford,Missing Fixture,Ankle Injury,2022-12-26T12:30:00+00:00
Richarlison,2413,Tottenham,Missing Fixture,Thigh Injury,2022-12-26T12:30:00+00:00
C. Romero,30776,Tottenham,Missing Fixture,Rest,2022-12-26T12:30:00+00:00
N. Ferguson,127605,Crystal Palace,Missing Fixture,Injury,2022-12-26T15:00:00+00:00
M. Guehi,67971,Crystal Palace,Missing Fixture,Yellow Cards,2022-12-26T15:00:00+00:00
S. Johnstone,19143,Crystal Palace,Missing Fixture,Lower Back Injury,2022-12-26T15:00:00+00:00
J. McArthur,18849,Crystal Palace,Missing Fixture,Groin Injury,2022-12-26T15:00:00+00:00
N. Kebano,19027,Fulham,Missing Fixture,Achilles Tendon Injury,2022-12-26T15:00:00+00:00
M. Solomon,697,Fulham,Missing Fixture,Knee Injury,2022-12-26T15:00:00+00:00
L. Kurzawa,263,Fulham,Questionable,Injury,2022-12-26T15:00:00+00:00
C. Coady,18741,Everton,Missing Fixture,Loan agreement,2022-12-26T15:00:00+00:00
J. Garner,895,Everton,Missing Fixture,Back Injury,2022-12-26T15:00:00+00:00
A. Townsend,18854,Everton,Missing Fixture,Knee Injury,2022-12-26T15:00:00+00:00
D. Calvert-Lewin,18766,Everton,Questionable,Thigh Injury,2022-12-26T15:00:00+00:00
Chiquinho,195962,Wolves,Missing Fixture,Knee Injury,2022-12-26T15:00:00+00:00
S. Kalajdzic,7722,Wolves,Missing Fixture,Knee Injury,2022-12-26T15:00:00+00:00
P. Neto,1864,Wolves,Missing Fixture,Ankle Injury,2022-12-26T15:00:00+00:00
Jonny,18740,Wolves,Questionable,Muscle Injury,2022-12-26T15:00:00+00:00
B. Traore,157912,Wolves,Questionable,Knock,2022-12-26T15:00:00+00:00
R. Bertrand,18936,Leicester,Missing Fixture,Knee Injury,2022-12-26T15:00:00+00:00
J. Evans,18772,Leicester,Missing Fixture,Muscle Injury,2022-12-26T15:00:00+00:00
J. Justin,19760,Leicester,Missing Fixture,Knee Injury,2022-12-26T15:00:00+00:00
R. Pereira,18771,Leicester,Missing Fixture,Achilles Tendon Injury,2022-12-26T15:00:00+00:00
J. Maddison,18784,Leicester,Questionable,Knee Injury,2022-12-26T15:00:00+00:00
P. Dummett,18892,Newcastle,Missing Fixture,Calf Injury,2022-12-26T15:00:00+00:00
A. Isak,2864,Newcastle,Missing Fixture,Muscle Injury,2022-12-26T15:00:00+00:00
E. Krafth,2855,Newcastle,Missing Fixture,Knee Injury,2022-12-26T15:00:00+00:00
J. Larios,284264,Southampton,Missing Fixture,Muscle Injury,2022-12-26T15:00:00+00:00
V. Livramento,158694,Southampton,Missing Fixture,Knee Injury,2022-12-26T15:00:00+00:00
T. Walcott,18769,Southampton,Missing Fixture,Calf Injury,2022-12-26T15:00:00+00:00
R. Lavia,282125,Southampton,Questionable,Thigh Injury,2022-12-26T15:00:00+00:00
A. Mac Allister,6716,Brighton,Missing Fixture,Rest,2022-12-26T15:00:00+00:00
J. Moder,40911,Brighton,Missing Fixture,Knee Injury,2022-12-26T15:00:00+00:00
A. Webster,19265,Brighton,Missing Fixture,Knock,2022-12-26T15:00:00+00:00
D. Welbeck,1469,Brighton,Questionable,Knock,2022-12-26T15:00:00+00:00
Diego Carlos,21090,Aston Villa,Missing Fixture,Achilles Tendon Injury,2022-12-26T17:30:00+00:00
J. Ramsey,19192,Aston Villa,Missing Fixture,Thigh Injury,2022-12-26T17:30:00+00:00
E. Martinez,19599,Aston Villa,Questionable,Rest,2022-12-26T17:30:00+00:00
Arthur,150,Liverpool,Missing Fixture,Muscle Injury,2022-12-26T17:30:00+00:00
L. Diaz,2489,Liverpool,Missing Fixture,Knee Injury,2022-12-26T17:30:00+00:00
Diogo Jota,2678,Liverpool,Missing Fixture,Calf Injury,2022-12-26T17:30:00+00:00
R. Firmino,302,Liverpool,Missing Fixture,Calf Injury,2022-12-26T17:30:00+00:00
C. Jones,293,Liverpool,Missing Fixture,Calf Injury,2022-12-26T17:30:00+00:00
J. Milner,296,Liverpool,Missing Fixture,Thigh Injury,2022-12-26T17:30:00+00:00
I. Konate,1145,Liverpool,Questionable,Rest,2022-12-26T17:30:00+00:00
G. Jesus,643,Arsenal,Missing Fixture,Knee Injury,2022-12-26T20:00:00+00:00
R. Nelson,727,Arsenal,Missing Fixture,Thigh Injury,2022-12-26T20:00:00+00:00
E. Smith Rowe,1161,Arsenal,Questionable,Groin Injury,2022-12-26T20:00:00+00:00
T. Tomiyasu,2597,Arsenal,Questionable,Thigh Injury,2022-12-26T20:00:00+00:00
K. Zouma,2726,West Ham,Missing Fixture,Knee Injury,2022-12-26T20:00:00+00:00
N. Aguerd,21694,West Ham,Questionable,Muscle Injury,2022-12-26T20:00:00+00:00
M. Cornet,665,West Ham,Questionable,Calf Injury,2022-12-26T20:00:00+00:00
G. Scamacca,30544,West Ham,Questionable,Ankle Injury,2022-12-26T20:00:00+00:00
A. Broja,138822,Chelsea,Missing Fixture,Knee Injury,2022-12-27T17:30:00+00:00
W. Fofana,22094,Chelsea,Missing Fixture,Knee Injury,2022-12-27T17:30:00+00:00
N. Kante,2290,Chelsea,Missing Fixture,Hamstring Injury,2022-12-27T17:30:00+00:00
B. Chilwell,2933,Chelsea,Questionable,Thigh Injury,2022-12-27T17:30:00+00:00
M. Kovacic,2291,Chelsea,Questionable,Rest,2022-12-27T17:30:00+00:00
R. Loftus-Cheek,2292,Chelsea,Questionable,Calf Injury,2022-12-27T17:30:00+00:00
H. Ziyech,548,Chelsea,Questionable,Rest,2022-12-27T17:30:00+00:00
D. Brooks,18870,Bournemouth,Missing Fixture,Thigh Injury,2022-12-27T17:30:00+00:00
Neto,912,Bournemouth,Missing Fixture,Thigh Injury,2022-12-27T17:30:00+00:00
R. Fredericks,18815,Bournemouth,Questionable,Illness,2022-12-27T17:30:00+00:00
M. Tavernier,19245,Bournemouth,Questionable,Injury,2022-12-27T17:30:00+00:00
M. Greenwood,897,Manchester United,Missing Fixture,Inactive,2022-12-27T20:00:00+00:00
V. Lindelof,889,Manchester United,Missing Fixture,Illness,2022-12-27T20:00:00+00:00
L. Martinez,2467,Manchester United,Missing Fixture,Rest,2022-12-27T20:00:00+00:00
S. McTominay,903,Manchester United,Missing Fixture,Illness,2022-12-27T20:00:00+00:00
J. Sancho,18,Manchester United,Missing Fixture,Lacking Match Fitness,2022-12-27T20:00:00+00:00
A. Tuanzebe,19182,Manchester United,Missing Fixture,Lacking Match Fitness,2022-12-27T20:00:00+00:00
D. Dalot,886,Manchester United,Questionable,Muscle Injury,2022-12-27T20:00:00+00:00
G. Biancone,84081,Nottingham Forest,Missing Fixture,Knee Injury,2022-12-27T20:00:00+00:00
D. Henderson,19088,Nottingham Forest,Missing Fixture,Injury,2022-12-27T20:00:00+00:00
C. Kouyate,2991,Nottingham Forest,Missing Fixture,Muscle Injury,2022-12-27T20:00:00+00:00
M. Niakhate,25916,Nottingham Forest,Missing Fixture,Thigh Injury,2022-12-27T20:00:00+00:00
O. Richards,19610,Nottingham Forest,Missing Fixture,Calf Injury,2022-12-27T20:00:00+00:00
M. Gibbs-White,18746,Nottingham Forest,Questionable,Knock,2022-12-27T20:00:00+00:00
T. Adams,1150,Leeds,Missing Fixture,Red Card,2022-12-28T20:00:00+00:00
S. Dallas,19126,Leeds,Missing Fixture,Broken Leg,2022-12-28T20:00:00+00:00
A. Gray,328089,Leeds,Missing Fixture,Foot Injury,2022-12-28T20:00:00+00:00
L. Sinisterra,37161,Leeds,Missing Fixture,Foot Injury,2022-12-28T20:00:00+00:00
P. Bamford,19134,Leeds,Questionable,Muscle Injury,2022-12-28T20:00:00+00:00
J. Alvarez,6009,Manchester City,Missing Fixture,Rest,2022-12-28T20:00:00+00:00
R. Dias,567,Manchester City,Missing Fixture,Thigh Injury,2022-12-28T20:00:00+00:00
B. Mendy,623,Manchester City,Missing Fixture,Suspended,2022-12-28T20:00:00+00:00
M. Cornet,665,West Ham,Missing Fixture,Calf Injury,2022-12-30T19:45:00+00:00
K. Zouma,2726,West Ham,Missing Fixture,Knee Injury,2022-12-30T19:45:00+00:00
K. Ajer,1119,Brentford,Missing Fixture,Knee Injury,2022-12-30T19:45:00+00:00
S. Baptiste,20110,Brentford,Missing Fixture,Muscle Injury,2022-12-30T19:45:00+00:00
A. Hickey,44871,Brentford,Missing Fixture,Ankle Injury,2022-12-30T19:45:00+00:00
F. Onyeka,15799,Brentford,Questionable,Thigh Injury,2022-12-30T19:45:00+00:00
T. Strakosha,1835,Brentford,Questionable,Ankle Injury,2022-12-30T19:45:00+00:00
Arthur,150,Liverpool,Missing Fixture,Muscle Injury,2022-12-30T20:00:00+00:00
L. Diaz,2489,Liverpool,Missing Fixture,Knee Injury,2022-12-30T20:00:00+00:00
Diogo Jota,2678,Liverpool,Missing Fixture,Calf Injury,2022-12-30T20:00:00+00:00
R. Firmino,302,Liverpool,Missing Fixture,Calf Injury,2022-12-30T20:00:00+00:00
C. Jones,293,Liverpool,Missing Fixture,Calf Injury,2022-12-30T20:00:00+00:00
J. Milner,296,Liverpool,Missing Fixture,Thigh Injury,2022-12-30T20:00:00+00:00
R. Bertrand,18936,Leicester,Missing Fixture,Knee Injury,2022-12-30T20:00:00+00:00
J. Evans,18772,Leicester,Missing Fixture,Muscle Injury,2022-12-30T20:00:00+00:00
J. Justin,19760,Leicester,Missing Fixture,Knee Injury,2022-12-30T20:00:00+00:00
J. Maddison,18784,Leicester,Missing Fixture,Knee Injury,2022-12-30T20:00:00+00:00
R. Pereira,18771,Leicester,Missing Fixture,Achilles Tendon Injury,2022-12-30T20:00:00+00:00
D. Praet,2925,Leicester,Missing Fixture,Back Injury,2022-12-30T20:00:00+00:00
Chiquinho,195962,Wolves,Missing Fixture,Knee Injury,2022-12-31T12:30:00+00:00
S. Kalajdzic,7722,Wolves,Missing Fixture,Knee Injury,2022-12-31T12:30:00+00:00
P. Neto,1864,Wolves,Missing Fixture,Ankle Injury,2022-12-31T12:30:00+00:00
M. Greenwood,897,Manchester United,Missing Fixture,Inactive,2022-12-31T12:30:00+00:00
J. Sancho,18,Manchester United,Missing Fixture,Lacking Match Fitness,2022-12-31T12:30:00+00:00
A. Tuanzebe,19182,Manchester United,Missing Fixture,Lacking Match Fitness,2022-12-31T12:30:00+00:00
S. McTominay,903,Manchester United,Questionable,Illness,2022-12-31T12:30:00+00:00
D. Brooks,18870,Bournemouth,Missing Fixture,Thigh Injury,2022-12-31T15:00:00+00:00
Neto,912,Bournemouth,Missing Fixture,Thigh Injury,2022-12-31T15:00:00+00:00
R. Fredericks,18815,Bournemouth,Questionable,Illness,2022-12-31T15:00:00+00:00
J. Stanislas,18878,Bournemouth,Questionable,Injury,2022-12-31T15:00:00+00:00
M. Tavernier,19245,Bournemouth,Questionable,Injury,2022-12-31T15:00:00+00:00
N. Ferguson,127605,Crystal Palace,Missing Fixture,Injury,2022-12-31T15:00:00+00:00
S. Johnstone,19143,Crystal Palace,Missing Fixture,Lower Back Injury,2022-12-31T15:00:00+00:00
J. McArthur,18849,Crystal Palace,Missing Fixture,Groin Injury,2022-12-31T15:00:00+00:00
T. Mitchell,182201,Crystal Palace,Missing Fixture,Red Card,2022-12-31T15:00:00+00:00
J. Tomkins,18844,Crystal Palace,Missing Fixture,Red Card,2022-12-31T15:00:00+00:00
N. Kebano,19027,Fulham,Missing Fixture,Achilles Tendon Injury,2022-12-31T15:00:00+00:00
M. Solomon,697,Fulham,Missing Fixture,Knee Injury,2022-12-31T15:00:00+00:00
L. Kurzawa,263,Fulham,Questionable,Injury,2022-12-31T15:00:00+00:00
J. Larios,284264,Southampton,Missing Fixture,Muscle Injury,2022-12-31T15:00:00+00:00
V. Livramento,158694,Southampton,Missing Fixture,Knee Injury,2022-12-31T15:00:00+00:00
T. Walcott,18769,Southampton,Missing Fixture,Calf Injury,2022-12-31T15:00:00+00:00
A. McCarthy,18935,Southampton,Questionable,Ankle Injury,2022-12-31T15:00:00+00:00
R. Dias,567,Manchester City,Missing Fixture,Thigh Injury,2022-12-31T15:00:00+00:00
B. Mendy,623,Manchester City,Missing Fixture,Suspended,2022-12-31T15:00:00+00:00
J. Garner,895,Everton,Missing Fixture,Back Injury,2022-12-31T15:00:00+00:00
A. Townsend,18854,Everton,Missing Fixture,Knee Injury,2022-12-31T15:00:00+00:00
Y. Mina,2484,Everton,Questionable,Thigh Injury,2022-12-31T15:00:00+00:00
P. Dummett,18892,Newcastle,Missing Fixture,Calf Injury,2022-12-31T15:00:00+00:00
A. Isak,2864,Newcastle,Missing Fixture,Muscle Injury,2022-12-31T15:00:00+00:00
E. Krafth,2855,Newcastle,Missing Fixture,Knee Injury,2022-12-31T15:00:00+00:00
J. Shelvey,18904,Newcastle,Missing Fixture,Calf Injury,2022-12-31T15:00:00+00:00
S. Dallas,19126,Leeds,Missing Fixture,Broken Leg,2022-12-31T15:00:00+00:00
A. Gray,328089,Leeds,Missing Fixture,Foot Injury,2022-12-31T15:00:00+00:00
L. Sinisterra,37161,Leeds,Missing Fixture,Foot Injury,2022-12-31T15:00:00+00:00
P. Bamford,19134,Leeds,Questionable,Muscle Injury,2022-12-31T15:00:00+00:00
M. Caicedo,116117,Brighton,Missing Fixture,Suspended,2022-12-31T17:30:00+00:00
A. Mac Allister,6716,Brighton,Missing Fixture,Rest,2022-12-31T17:30:00+00:00
J. Moder,40911,Brighton,Missing Fixture,Knee Injury,2022-12-31T17:30:00+00:00
A. Webster,19265,Brighton,Missing Fixture,Knock,2022-12-31T17:30:00+00:00
D. Welbeck,1469,Brighton,Questionable,Knock,2022-12-31T17:30:00+00:00
G. Jesus,643,Arsenal,Missing Fixture,Knee Injury,2022-12-31T17:30:00+00:00
R. Nelson,727,Arsenal,Missing Fixture,Thigh Injury,2022-12-31T17:30:00+00:00
E. Smith Rowe,1161,Arsenal,Missing Fixture,Groin Injury,2022-12-31T17:30:00+00:00
R. Bentancur,863,Tottenham,Missing Fixture,Muscle Injury,2023-01-01T14:00:00+00:00
Lucas Moura,178,Tottenham,Missing Fixture,Calf Injury,2023-01-01T14:00:00+00:00
Richarlison,2413,Tottenham,Missing Fixture,Thigh Injury,2023-01-01T14:00:00+00:00
Diego Carlos,21090,Aston Villa,Missing Fixture,Achilles Tendon Injury,2023-01-01T14:00:00+00:00
J. Ramsey,19192,Aston Villa,Missing Fixture,Thigh Injury,2023-01-01T14:00:00+00:00
G. Biancone,84081,Nottingham Forest,Missing Fixture,Knee Injury,2023-01-01T16:30:00+00:00
C. Kouyate,2991,Nottingham Forest,Missing Fixture,Muscle Injury,2023-01-01T16:30:00+00:00
M. Niakhate,25916,Nottingham Forest,Missing Fixture,Thigh Injury,2023-01-01T16:30:00+00:00
O. Richards,19610,Nottingham Forest,Missing Fixture,Calf Injury,2023-01-01T16:30:00+00:00
J. Lingard,900,Nottingham Forest,Questionable,Thigh Injury,2023-01-01T16:30:00+00:00
A. Broja,138822,Chelsea,Missing Fixture,Knee Injury,2023-01-01T16:30:00+00:00
W. Fofana,22094,Chelsea,Missing Fixture,Knee Injury,2023-01-01T16:30:00+00:00
R. James,19545,Chelsea,Missing Fixture,Knee Injury,2023-01-01T16:30:00+00:00
N. Kante,2290,Chelsea,Missing Fixture,Hamstring Injury,2023-01-01T16:30:00+00:00
B. Chilwell,2933,Chelsea,Questionable,Thigh Injury,2023-01-01T16:30:00+00:00
R. Loftus-Cheek,2292,Chelsea,Questionable,Calf Injury,2023-01-01T16:30:00+00:00
E. Mendy,2986,Chelsea,Questionable,Shoulder Injury,2023-01-01T16:30:00+00:00
K. Ajer,1119,Brentford,Missing Fixture,Knee Injury,2023-01-02T17:30:00+00:00
S. Baptiste,20110,Brentford,Missing Fixture,Muscle Injury,2023-01-02T17:30:00+00:00
A. Hickey,44871,Brentford,Missing Fixture,Ankle Injury,2023-01-02T17:30:00+00:00
F. Onyeka,15799,Brentford,Questionable,Thigh Injury,2023-01-02T17:30:00+00:00
Arthur,150,Liverpool,Missing Fixture,Muscle Injury,2023-01-02T17:30:00+00:00
L. Diaz,2489,Liverpool,Missing Fixture,Knee Injury,2023-01-02T17:30:00+00:00
Diogo Jota,2678,Liverpool,Missing Fixture,Calf Injury,2023-01-02T17:30:00+00:00
J. Henderson,292,Liverpool,Missing Fixture,Concussion,2023-01-02T17:30:00+00:00
R. Firmino,302,Liverpool,Questionable,Calf Injury,2023-01-02T17:30:00+00:00
J. Milner,296,Liverpool,Questionable,Thigh Injury,2023-01-02T17:30:00+00:00
G. Jesus,643,Arsenal,Missing Fixture,Knee Injury,2023-01-03T19:45:00+00:00
R. Nelson,727,Arsenal,Missing Fixture,Thigh Injury,2023-01-03T19:45:00+00:00
E. Smith Rowe,1161,Arsenal,Missing Fixture,Groin Injury,2023-01-03T19:45:00+00:00
P. Dummett,18892,Newcastle,Missing Fixture,Calf Injury,2023-01-03T19:45:00+00:00
A. Isak,2864,Newcastle,Missing Fixture,Muscle Injury,2023-01-03T19:45:00+00:00
E. Krafth,2855,Newcastle,Missing Fixture,Knee Injury,2023-01-03T19:45:00+00:00
J. Shelvey,18904,Newcastle,Missing Fixture,Calf Injury,2023-01-03T19:45:00+00:00
M. Targett,18941,Newcastle,Missing Fixture,Heel Injury,2023-01-03T19:45:00+00:00
J. Garner,895,Everton,Missing Fixture,Back Injury,2023-01-03T19:45:00+00:00
M. Keane,2934,Everton,Missing Fixture,Knee Injury,2023-01-03T19:45:00+00:00
A. Onana,162714,Everton,Missing Fixture,Yellow Cards,2023-01-03T19:45:00+00:00
A. Townsend,18854,Everton,Missing Fixture,Knee Injury,2023-01-03T19:45:00+00:00
A. Gordon,138787,Everton,Questionable,Illness,2023-01-03T19:45:00+00:00
J. Moder,40911,Brighton,Missing Fixture,Knee Injury,2023-01-03T19:45:00+00:00
A. Webster,19265,Brighton,Missing Fixture,Knock,2023-01-03T19:45:00+00:00
D. Welbeck,1469,Brighton,Questionable,Knock,2023-01-03T19:45:00+00:00
R. Bertrand,18936,Leicester,Missing Fixture,Knee Injury,2023-01-03T19:45:00+00:00
P. Daka,1098,Leicester,Missing Fixture,Muscle Injury,2023-01-03T19:45:00+00:00
J. Evans,18772,Leicester,Missing Fixture,Muscle Injury,2023-01-03T19:45:00+00:00
J. Justin,19760,Leicester,Missing Fixture,Knee Injury,2023-01-03T19:45:00+00:00
J. Maddison,18784,Leicester,Missing Fixture,Knee Injury,2023-01-03T19:45:00+00:00
R. Pereira,18771,Leicester,Missing Fixture,Achilles Tendon Injury,2023-01-03T19:45:00+00:00
D. Praet,2925,Leicester,Missing Fixture,Back Injury,2023-01-03T19:45:00+00:00
N. Kebano,19027,Fulham,Missing Fixture,Achilles Tendon Injury,2023-01-03T19:45:00+00:00
M. Greenwood,897,Manchester United,Missing Fixture,Inactive,2023-01-03T20:00:00+00:00
J. Sancho,18,Manchester United,Missing Fixture,Lacking Match Fitness,2023-01-03T20:00:00+00:00
A. Tuanzebe,19182,Manchester United,Missing Fixture,Lacking Match Fitness,2023-01-03T20:00:00+00:00
D. Brooks,18870,Bournemouth,Missing Fixture,Thigh Injury,2023-01-03T20:00:00+00:00
Neto,912,Bournemouth,Missing Fixture,Thigh Injury,2023-01-03T20:00:00+00:00
R. Fredericks,18815,Bournemouth,Questionable,Illness,2023-01-03T20:00:00+00:00
J. Stanislas,18878,Bournemouth,Questionable,Injury,2023-01-03T20:00:00+00:00
M. Tavernier,19245,Bournemouth,Questionable,Injury,2023-01-03T20:00:00+00:00
J. Larios,284264,Southampton,Missing Fixture,Muscle Injury,2023-01-04T19:30:00+00:00
V. Livramento,158694,Southampton,Missing Fixture,Knee Injury,2023-01-04T19:30:00+00:00
T. Walcott,18769,Southampton,Missing Fixture,Calf Injury,2023-01-04T19:30:00+00:00
A. McCarthy,18935,Southampton,Questionable,Ankle Injury,2023-01-04T19:30:00+00:00
G. Biancone,84081,Nottingham Forest,Missing Fixture,Knee Injury,2023-01-04T19:30:00+00:00
C. Kouyate,2991,Nottingham Forest,Missing Fixture,Muscle Injury,2023-01-04T19:30:00+00:00
J. Lingard,900,Nottingham Forest,Missing Fixture,Thigh Injury,2023-01-04T19:30:00+00:00
M. Niakhate,25916,Nottingham Forest,Missing Fixture,Thigh Injury,2023-01-04T19:30:00+00:00
O. Richards,19610,Nottingham Forest,Missing Fixture,Calf Injury,2023-01-04T19:30:00+00:00
S. Dallas,19126,Leeds,Missing Fixture,Broken Leg,2023-01-04T19:45:00+00:00
A. Gray,328089,Leeds,Missing Fixture,Foot Injury,2023-01-04T19:45:00+00:00
L. Sinisterra,37161,Leeds,Missing Fixture,Foot Injury,2023-01-04T19:45:00+00:00
P. Bamford,19134,Leeds,Questionable,Muscle Injury,2023-01-04T19:45:00+00:00
M. Cornet,665,West Ham,Missing Fixture,Calf Injury,2023-01-04T19:45:00+00:00
K. Zouma,2726,West Ham,Missing Fixture,Knee Injury,2023-01-04T19:45:00+00:00
Diego Carlos,21090,Aston Villa,Missing Fixture,Achilles Tendon Injury,2023-01-04T20:00:00+00:00
J. Ramsey,19192,Aston Villa,Missing Fixture,Thigh Injury,2023-01-04T20:00:00+00:00
J. McGinn,19191,Aston Villa,Questionable,Thigh Injury,2023-01-04T20:00:00+00:00
Chiquinho,195962,Wolves,Missing Fixture,Knee Injury,2023-01-04T20:00:00+00:00
S. Kalajdzic,7722,Wolves,Missing Fixture,Knee Injury,2023-01-04T20:00:00+00:00
P. Neto,1864,Wolves,Missing Fixture,Ankle Injury,2023-01-04T20:00:00+00:00
N. Ferguson,127605,Crystal Palace,Missing Fixture,Injury,2023-01-04T20:00:00+00:00
J. McArthur,18849,Crystal Palace,Missing Fixture,Groin Injury,2023-01-04T20:00:00+00:00
T. Mitchell,182201,Crystal Palace,Missing Fixture,Red Card,2023-01-04T20:00:00+00:00
R. Bentancur,863,Tottenham,Missing Fixture,Muscle Injury,2023-01-04T20:00:00+00:00
Y. Bissouma,18968,Tottenham,Missing Fixture,Yellow Cards,2023-01-04T20:00:00+00:00
Lucas Moura,178,Tottenham,Missing Fixture,Calf Injury,2023-01-04T20:00:00+00:00
Richarlison,2413,Tottenham,Missing Fixture,Thigh Injury,2023-01-04T20:00:00+00:00
D. Kulusevski,30435,Tottenham,Questionable,Muscle Injury,2023-01-04T20:00:00+00:00
A. Broja,138822,Chelsea,Missing Fixture,Knee Injury,2023-01-05T20:00:00+00:00
W. Fofana,22094,Chelsea,Missing Fixture,Knee Injury,2023-01-05T20:00:00+00:00
R. James,19545,Chelsea,Missing Fixture,Knee Injury,2023-01-05T20:00:00+00:00
N. Kante,2290,Chelsea,Missing Fixture,Hamstring Injury,2023-01-05T20:00:00+00:00
M. Mount,19220,Chelsea,Missing Fixture,Injury,2023-01-05T20:00:00+00:00
B. Chilwell,2933,Chelsea,Questionable,Thigh Injury,2023-01-05T20:00:00+00:00
R. Loftus-Cheek,2292,Chelsea,Questionable,Calf Injury,2023-01-05T20:00:00+00:00
E. Mendy,2986,Chelsea,Questionable,Shoulder Injury,2023-01-05T20:00:00+00:00
R. Dias,567,Manchester City,Missing Fixture,Thigh Injury,2023-01-05T20:00:00+00:00
B. Mendy,623,Manchester City,Missing Fixture,Suspended,2023-01-05T20:00:00+00:00
A. Laporte,622,Manchester City,Questionable,Back Injury,2023-01-05T20:00:00+00:00
N. Kebano,19027,Fulham,Missing Fixture,Achilles Tendon Injury,2023-01-12T20:00:00+00:00
A. Mitrovic,2825,Fulham,Missing Fixture,Yellow Cards,2023-01-12T20:00:00+00:00
S. Duffy,18962,Fulham,Questionable,Illness,2023-01-12T20:00:00+00:00
A. Broja,138822,Chelsea,Missing Fixture,Knee Injury,2023-01-12T20:00:00+00:00
B. Chilwell,2933,Chelsea,Missing Fixture,Thigh Injury,2023-01-12T20:00:00+00:00
W. Fofana,22094,Chelsea,Missing Fixture,Knee Injury,2023-01-12T20:00:00+00:00
R. James,19545,Chelsea,Missing Fixture,Knee Injury,2023-01-12T20:00:00+00:00
N. Kante,2290,Chelsea,Missing Fixture,Hamstring Injury,2023-01-12T20:00:00+00:00
R. Loftus-Cheek,2292,Chelsea,Missing Fixture,Calf Injury,2023-01-12T20:00:00+00:00
E. Mendy,2986,Chelsea,Missing Fixture,Finger Injury,2023-01-12T20:00:00+00:00
C. Pulisic,17,Chelsea,Missing Fixture,Knee Injury,2023-01-12T20:00:00+00:00
R. Sterling,645,Chelsea,Missing Fixture,Thigh Injury,2023-01-12T20:00:00+00:00
L. Dendoncker,2922,Aston Villa,Missing Fixture,Red Card,2023-01-13T20:00:00+00:00
Diego Carlos,21090,Aston Villa,Missing Fixture,Achilles Tendon Injury,2023-01-13T20:00:00+00:00
J. McGinn,19191,Aston Villa,Missing Fixture,Thigh Injury,2023-01-13T20:00:00+00:00
J. Steer,19174,Aston Villa,Missing Fixture,Muscle Injury,2023-01-13T20:00:00+00:00
L. Augustinsson,2852,Aston Villa,Questionable,Knock,2023-01-13T20:00:00+00:00
M. Cash,19298,Aston Villa,Questionable,Knock,2023-01-13T20:00:00+00:00
S. Dallas,19126,Leeds,Missing Fixture,Broken Leg,2023-01-13T20:00:00+00:00
A. Gray,328089,Leeds,Missing Fixture,Foot Injury,2023-01-13T20:00:00+00:00
L. Sinisterra,37161,Leeds,Missing Fixture,Foot Injury,2023-01-13T20:00:00+00:00
C. Summerville,37724,Leeds,Missing Fixture,Ankle Injury,2023-01-13T20:00:00+00:00
A. Forshaw,19127,Leeds,Questionable,Muscle Injury,2023-01-13T20:00:00+00:00
M. Greenwood,897,Manchester United,Missing Fixture,Inactive,2023-01-14T12:30:00+00:00
J. Sancho,18,Manchester United,Missing Fixture,Lacking Match Fitness,2023-01-14T12:30:00+00:00
A. Tuanzebe,19182,Manchester United,Missing Fixture,Lacking Match Fitness,2023-01-14T12:30:00+00:00
D. van de Beek,547,Manchester United,Missing Fixture,Knee Injury,2023-01-14T12:30:00+00:00
D. Dalot,886,Manchester United,Questionable,Thigh Injury,2023-01-14T12:30:00+00:00
R. Dias,567,Manchester City,Missing Fixture,Thigh Injury,2023-01-14T12:30:00+00:00
B. Mendy,623,Manchester City,Missing Fixture,Suspended,2023-01-14T12:30:00+00:00
J. Stones,626,Manchester City,Missing Fixture,Injury,2023-01-14T12:30:00+00:00
J. Moder,40911,Brighton,Missing Fixture,Knee Injury,2023-01-14T15:00:00+00:00
L. Trossard,1946,Brighton,Missing Fixture,Coach's decision,2023-01-14T15:00:00+00:00
Arthur,150,Liverpool,Missing Fixture,Muscle Injury,2023-01-14T15:00:00+00:00
L. Diaz,2489,Liverpool,Missing Fixture,Knee Injury,2023-01-14T15:00:00+00:00
Diogo Jota,2678,Liverpool,Missing Fixture,Calf Injury,2023-01-14T15:00:00+00:00
R. Firmino,302,Liverpool,Missing Fixture,Calf Injury,2023-01-14T15:00:00+00:00
V. van Dijk,290,Liverpool,Missing Fixture,Thigh Injury,2023-01-14T15:00:00+00:00
D. Nunez,51617,Liverpool,Questionable,Knock,2023-01-14T15:00:00+00:00
J. Garner,895,Everton,Missing Fixture,Back Injury,2023-01-14T15:00:00+00:00
M. Keane,2934,Everton,Missing Fixture,Knee Injury,2023-01-14T15:00:00+00:00
N. Patterson,138417,Everton,Missing Fixture,Knee Injury,2023-01-14T15:00:00+00:00
A. Townsend,18854,Everton,Missing Fixture,Knee Injury,2023-01-14T15:00:00+00:00
A. Bella-Kotchap,25061,Southampton,Missing Fixture,Knee Injury,2023-01-14T15:00:00+00:00
J. Larios,284264,Southampton,Missing Fixture,Muscle Injury,2023-01-14T15:00:00+00:00
V. Livramento,158694,Southampton,Missing Fixture,Knee Injury,2023-01-14T15:00:00+00:00
T. Walcott,18769,Southampton,Missing Fixture,Calf Injury,2023-01-14T15:00:00+00:00
A. McCarthy,18935,Southampton,Questionable,Ankle Injury,2023-01-14T15:00:00+00:00
G. Biancone,84081,Nottingham Forest,Missing Fixture,Knee Injury,2023-01-14T15:00:00+00:00
W. Boly,18739,Nottingham Forest,Missing Fixture,Ankle Injury,2023-01-14T15:00:00+00:00
C. Kouyate,2991,Nottingham Forest,Missing Fixture,Muscle Injury,2023-01-14T15:00:00+00:00
J. Lingard,900,Nottingham Forest,Missing Fixture,Thigh Injury,2023-01-14T15:00:00+00:00
M. Niakhate,25916,Nottingham Forest,Missing Fixture,Thigh Injury,2023-01-14T15:00:00+00:00
O. Richards,19610,Nottingham Forest,Missing Fixture,Calf Injury,2023-01-14T15:00:00+00:00
T. Awoniyi,8598,Nottingham Forest,Questionable,Lacking Match Fitness,2023-01-14T15:00:00+00:00
R. Bertrand,18936,Leicester,Missing Fixture,Knee Injury,2023-01-14T15:00:00+00:00
J. Evans,18772,Leicester,Missing Fixture,Muscle Injury,2023-01-14T15:00:00+00:00
J. Justin,19760,Leicester,Missing Fixture,Knee Injury,2023-01-14T15:00:00+00:00
J. Maddison,18784,Leicester,Missing Fixture,Knee Injury,2023-01-14T15:00:00+00:00
R. Pereira,18771,Leicester,Missing Fixture,Achilles Tendon Injury,2023-01-14T15:00:00+00:00
B. Soumare,22233,Leicester,Missing Fixture,Thigh Injury,2023-01-14T15:00:00+00:00
K. Dewsbury-Hall,148099,Leicester,Questionable,Injury,2023-01-14T15:00:00+00:00
A. Perez,18906,Leicester,Questionable,Injury,2023-01-14T15:00:00+00:00
Chiquinho,195962,Wolves,Missing Fixture,Knee Injury,2023-01-14T15:00:00+00:00
S. Kalajdzic,7722,Wolves,Missing Fixture,Knee Injury,2023-01-14T15:00:00+00:00
P. Neto,1864,Wolves,Missing Fixture,Ankle Injury,2023-01-14T15:00:00+00:00
B. Traore,157912,Wolves,Missing Fixture,Injury,2023-01-14T15:00:00+00:00
D. Costa,54,Wolves,Questionable,Knock,2023-01-14T15:00:00+00:00
M. Cornet,665,West Ham,Missing Fixture,Calf Injury,2023-01-14T15:00:00+00:00
P. Jansson,19124,Brentford,Missing Fixture,Thigh Injury,2023-01-14T17:30:00+00:00
F. Onyeka,15799,Brentford,Missing Fixture,Thigh Injury,2023-01-14T17:30:00+00:00
S. Baptiste,20110,Brentford,Questionable,Muscle Injury,2023-01-14T17:30:00+00:00
D. Brooks,18870,Bournemouth,Missing Fixture,Thigh Injury,2023-01-14T17:30:00+00:00
R. Fredericks,18815,Bournemouth,Missing Fixture,Injury,2023-01-14T17:30:00+00:00
A. Smith,18869,Bournemouth,Missing Fixture,Yellow Cards,2023-01-14T17:30:00+00:00
J. Stanislas,18878,Bournemouth,Missing Fixture,Injury,2023-01-14T17:30:00+00:00
M. Tavernier,19245,Bournemouth,Missing Fixture,Injury,2023-01-14T17:30:00+00:00
A. Broja,138822,Chelsea,Missing Fixture,Knee Injury,2023-01-15T14:00:00+00:00
B. Chilwell,2933,Chelsea,Missing Fixture,Thigh Injury,2023-01-15T14:00:00+00:00
W. Fofana,22094,Chelsea,Missing Fixture,Knee Injury,2023-01-15T14:00:00+00:00
R. James,19545,Chelsea,Missing Fixture,Knee Injury,2023-01-15T14:00:00+00:00
Joao Felix,583,Chelsea,Missing Fixture,Red Card,2023-01-15T14:00:00+00:00
N. Kante,2290,Chelsea,Missing Fixture,Hamstring Injury,2023-01-15T14:00:00+00:00
E. Mendy,2986,Chelsea,Missing Fixture,Finger Injury,2023-01-15T14:00:00+00:00
C. Pulisic,17,Chelsea,Missing Fixture,Knee Injury,2023-01-15T14:00:00+00:00
R. Sterling,645,Chelsea,Missing Fixture,Thigh Injury,2023-01-15T14:00:00+00:00
D. Zakaria,2810,Chelsea,Missing Fixture,Muscle Injury,2023-01-15T14:00:00+00:00
N. Ferguson,127605,Crystal Palace,Missing Fixture,Injury,2023-01-15T14:00:00+00:00
J. McArthur,18849,Crystal Palace,Missing Fixture,Groin Injury,2023-01-15T14:00:00+00:00
E. Krafth,2855,Newcastle,Missing Fixture,Knee Injury,2023-01-15T14:00:00+00:00
J. Shelvey,18904,Newcastle,Missing Fixture,Calf Injury,2023-01-15T14:00:00+00:00
M. Targett,18941,Newcastle,Missing Fixture,Heel Injury,2023-01-15T14:00:00+00:00
N. Kebano,19027,Fulham,Missing Fixture,Achilles Tendon Injury,2023-01-15T14:00:00+00:00
A. Robinson,19549,Fulham,Missing Fixture,Yellow Cards,2023-01-15T14:00:00+00:00
S. Duffy,18962,Fulham,Questionable,Illness,2023-01-15T14:00:00+00:00
Lucas Moura,178,Tottenham,Missing Fixture,Calf Injury,2023-01-15T16:30:00+00:00
R. Bentancur,863,Tottenham,Questionable,Muscle Injury,2023-01-15T16:30:00+00:00
G. Jesus,643,Arsenal,Missing Fixture,Knee Injury,2023-01-15T16:30:00+00:00
R. Nelson,727,Arsenal,Missing Fixture,Thigh Injury,2023-01-15T16:30:00+00:00
N. Ferguson,127605,Crystal Palace,Missing Fixture,Injury,2023-01-18T20:00:00+00:00
J. McArthur,18849,Crystal Palace,Missing Fixture,Groin Injury,2023-01-18T20:00:00+00:00
J. Andersen,2729,Crystal Palace,Questionable,Calf Injury,2023-01-18T20:00:00+00:00
J. Butland,2930,Manchester United,Missing Fixture,Loan agreement,2023-01-18T20:00:00+00:00
D. Dalot,886,Manchester United,Missing Fixture,Thigh Injury,2023-01-18T20:00:00+00:00
M. Greenwood,897,Manchester United,Missing Fixture,Inactive,2023-01-18T20:00:00+00:00
J. Sancho,18,Manchester United,Missing Fixture,Lacking Match Fitness,2023-01-18T20:00:00+00:00
A. Tuanzebe,19182,Manchester United,Missing Fixture,Lacking Match Fitness,2023-01-18T20:00:00+00:00
D. van de Beek,547,Manchester United,Missing Fixture,Knee Injury,2023-01-18T20:00:00+00:00
A. Martial,908,Manchester United,Questionable,Injury,2023-01-18T20:00:00+00:00
B. Mendy,623,Manchester City,Missing Fixture,Suspended,2023-01-19T20:00:00+00:00
Lucas Moura,178,Tottenham,Missing Fixture,Calf Injury,2023-01-19T20:00:00+00:00
Arthur,150,Liverpool,Missing Fixture,Muscle Injury,2023-01-21T12:30:00+00:00
L. Diaz,2489,Liverpool,Missing Fixture,Knee Injury,2023-01-21T12:30:00+00:00
Diogo Jota,2678,Liverpool,Missing Fixture,Calf Injury,2023-01-21T12:30:00+00:00
R. Firmino,302,Liverpool,Missing Fixture,Calf Injury,2023-01-21T12:30:00+00:00
V. van Dijk,290,Liverpool,Missing Fixture,Thigh Injury,2023-01-21T12:30:00+00:00
A. Broja,138822,Chelsea,Missing Fixture,Knee Injury,2023-01-21T12:30:00+00:00
B. Chilwell,2933,Chelsea,Missing Fixture,Thigh Injury,2023-01-21T12:30:00+00:00
W. Fofana,22094,Chelsea,Missing Fixture,Knee Injury,2023-01-21T12:30:00+00:00
R. James,19545,Chelsea,Missing Fixture,Knee Injury,2023-01-21T12:30:00+00:00
Joao Felix,583,Chelsea,Missing Fixture,Red Card,2023-01-21T12:30:00+00:00
N. Kante,2290,Chelsea,Missing Fixture,Hamstring Injury,2023-01-21T12:30:00+00:00
E. Mendy,2986,Chelsea,Missing Fixture,Finger Injury,2023-01-21T12:30:00+00:00
C. Pulisic,17,Chelsea,Missing Fixture,Knee Injury,2023-01-21T12:30:00+00:00
R. Sterling,645,Chelsea,Missing Fixture,Thigh Injury,2023-01-21T12:30:00+00:00
D. Zakaria,2810,Chelsea,Missing Fixture,Muscle Injury,2023-01-21T12:30:00+00:00
D. Brooks,18870,Bournemouth,Missing Fixture,Thigh Injury,2023-01-21T15:00:00+00:00
L. Cook,18872,Bournemouth,Missing Fixture,Knee Injury,2023-01-21T15:00:00+00:00
R. Fredericks,18815,Bournemouth,Missing Fixture,Injury,2023-01-21T15:00:00+00:00
D. Solanke,18883,Bournemouth,Missing Fixture,Knee Injury,2023-01-21T15:00:00+00:00
J. Stanislas,18878,Bournemouth,Missing Fixture,Injury,2023-01-21T15:00:00+00:00
M. Tavernier,19245,Bournemouth,Missing Fixture,Injury,2023-01-21T15:00:00+00:00
T. Awoniyi,8598,Nottingham Forest,Missing Fixture,Lacking Match Fitness,2023-01-21T15:00:00+00:00
G. Biancone,84081,Nottingham Forest,Missing Fixture,Knee Injury,2023-01-21T15:00:00+00:00
D. Henderson,19088,Nottingham Forest,Missing Fixture,Thigh Injury,2023-01-21T15:00:00+00:00
C. Kouyate,2991,Nottingham Forest,Missing Fixture,Muscle Injury,2023-01-21T15:00:00+00:00
M. Niakhate,25916,Nottingham Forest,Missing Fixture,Thigh Injury,2023-01-21T15:00:00+00:00
O. Richards,19610,Nottingham Forest,Missing Fixture,Calf Injury,2023-01-21T15:00:00+00:00
R. Bertrand,18936,Leicester,Missing Fixture,Knee Injury,2023-01-21T15:00:00+00:00
J. Evans,18772,Leicester,Missing Fixture,Muscle Injury,2023-01-21T15:00:00+00:00
J. Justin,19760,Leicester,Missing Fixture,Knee Injury,2023-01-21T15:00:00+00:00
R. Pereira,18771,Leicester,Missing Fixture,Achilles Tendon Injury,2023-01-21T15:00:00+00:00
B. Soumare,22233,Leicester,Missing Fixture,Thigh Injury,2023-01-21T15:00:00+00:00
A. Perez,18906,Leicester,Questionable,Injury,2023-01-21T15:00:00+00:00
J. Moder,40911,Brighton,Missing Fixture,Knee Injury,2023-01-21T15:00:00+00:00
M. Cornet,665,West Ham,Missing Fixture,Calf Injury,2023-01-21T15:00:00+00:00
G. Scamacca,30544,West Ham,Missing Fixture,Knee Injury,2023-01-21T15:00:00+00:00
J. Garner,895,Everton,Missing Fixture,Back Injury,2023-01-21T15:00:00+00:00
M. Keane,2934,Everton,Missing Fixture,Knee Injury,2023-01-21T15:00:00+00:00
N. Patterson,138417,Everton,Missing Fixture,Knee Injury,2023-01-21T15:00:00+00:00
A. Townsend,18854,Everton,Missing Fixture,Knee Injury,2023-01-21T15:00:00+00:00
J. Larios,284264,Southampton,Missing Fixture,Muscle Injury,2023-01-21T15:00:00+00:00
V. Livramento,158694,Southampton,Missing Fixture,Knee Injury,2023-01-21T15:00:00+00:00
A. Bella-Kotchap,25061,Southampton,Questionable,Knee Injury,2023-01-21T15:00:00+00:00
A. McCarthy,18935,Southampton,Questionable,Ankle Injury,2023-01-21T15:00:00+00:00
T. Walcott,18769,Southampton,Questionable,Calf Injury,2023-01-21T15:00:00+00:00
Diego Carlos,21090,Aston Villa,Missing Fixture,Achilles Tendon Injury,2023-01-21T15:00:00+00:00
J. McGinn,19191,Aston Villa,Missing Fixture,Thigh Injury,2023-01-21T15:00:00+00:00
J. Steer,19174,Aston Villa,Missing Fixture,Muscle Injury,2023-01-21T15:00:00+00:00
L. Digne,2724,Aston Villa,Questionable,Shoulder Injury,2023-01-21T15:00:00+00:00
J. Andersen,2729,Crystal Palace,Missing Fixture,Calf Injury,2023-01-21T17:30:00+00:00
N. Ferguson,127605,Crystal Palace,Missing Fixture,Injury,2023-01-21T17:30:00+00:00
J. McArthur,18849,Crystal Palace,Missing Fixture,Groin Injury,2023-01-21T17:30:00+00:00
E. Krafth,2855,Newcastle,Missing Fixture,Knee Injury,2023-01-21T17:30:00+00:00
J. Shelvey,18904,Newcastle,Missing Fixture,Calf Injury,2023-01-21T17:30:00+00:00
M. Targett,18941,Newcastle,Missing Fixture,Heel Injury,2023-01-21T17:30:00+00:00
S. Dallas,19126,Leeds,Missing Fixture,Broken Leg,2023-01-22T14:00:00+00:00
A. Forshaw,19127,Leeds,Missing Fixture,Muscle Injury,2023-01-22T14:00:00+00:00
C. Summerville,37724,Leeds,Missing Fixture,Ankle Injury,2023-01-22T14:00:00+00:00
A. Gray,328089,Leeds,Questionable,Foot Injury,2023-01-22T14:00:00+00:00
P. Jansson,19124,Brentford,Missing Fixture,Thigh Injury,2023-01-22T14:00:00+00:00
F. Onyeka,15799,Brentford,Missing Fixture,Thigh Injury,2023-01-22T14:00:00+00:00
S. Baptiste,20110,Brentford,Questionable,Muscle Injury,2023-01-22T14:00:00+00:00
B. Mendy,623,Manchester City,Missing Fixture,Suspended,2023-01-22T14:00:00+00:00
Chiquinho,195962,Wolves,Missing Fixture,Knee Injury,2023-01-22T14:00:00+00:00
S. Kalajdzic,7722,Wolves,Missing Fixture,Knee Injury,2023-01-22T14:00:00+00:00
P. Neto,1864,Wolves,Missing Fixture,Ankle Injury,2023-01-22T14:00:00+00:00
B. Traore,157912,Wolves,Missing Fixture,Injury,2023-01-22T14:00:00+00:00
G. Jesus,643,Arsenal,Missing Fixture,Knee Injury,2023-01-22T16:30:00+00:00
R. Nelson,727,Arsenal,Missing Fixture,Thigh Injury,2023-01-22T16:30:00+00:00
M. Elneny,1452,Arsenal,Questionable,Knock,2023-01-22T16:30:00+00:00
Casemiro,747,Manchester United,Missing Fixture,Yellow Cards,2023-01-22T16:30:00+00:00
D. Dalot,886,Manchester United,Missing Fixture,Thigh Injury,2023-01-22T16:30:00+00:00
M. Greenwood,897,Manchester United,Missing Fixture,Inactive,2023-01-22T16:30:00+00:00
J. Sancho,18,Manchester United,Missing Fixture,Lacking Match Fitness,2023-01-22T16:30:00+00:00
A. Tuanzebe,19182,Manchester United,Missing Fixture,Lacking Match Fitness,2023-01-22T16:30:00+00:00
D. van de Beek,547,Manchester United,Missing Fixture,Knee Injury,2023-01-22T16:30:00+00:00
A. Martial,908,Manchester United,Questionable,Injury,2023-01-22T16:30:00+00:00
N. Kebano,19027,Fulham,Missing Fixture,Achilles Tendon Injury,2023-01-23T20:15:00+00:00
S. Duffy,18962,Fulham,Questionable,Illness,2023-01-23T20:15:00+00:00
Lucas Moura,178,Tottenham,Missing Fixture,Calf Injury,2023-01-23T20:15:00+00:00
A. Broja,138822,Chelsea,Missing Fixture,Knee Injury,2023-02-03T20:00:00+00:00
W. Fofana,22094,Chelsea,Missing Fixture,Knee Injury,2023-02-03T20:00:00+00:00
Joao Felix,583,Chelsea,Missing Fixture,Red Card,2023-02-03T20:00:00+00:00
N. Kante,2290,Chelsea,Missing Fixture,Hamstring Injury,2023-02-03T20:00:00+00:00
M. Kovacic,2291,Chelsea,Missing Fixture,Calf Injury,2023-02-03T20:00:00+00:00
E. Mendy,2986,Chelsea,Missing Fixture,Finger Injury,2023-02-03T20:00:00+00:00
C. Pulisic,17,Chelsea,Missing Fixture,Knee Injury,2023-02-03T20:00:00+00:00
D. Zakaria,2810,Chelsea,Missing Fixture,Muscle Injury,2023-02-03T20:00:00+00:00
N. Kebano,19027,Fulham,Missing Fixture,Achilles Tendon Injury,2023-02-03T20:00:00+00:00
J. Garner,895,Everton,Missing Fixture,Back Injury,2023-02-04T12:30:00+00:00
N. Patterson,138417,Everton,Missing Fixture,Knee Injury,2023-02-04T12:30:00+00:00
A. Townsend,18854,Everton,Missing Fixture,Knee Injury,2023-02-04T12:30:00+00:00
M. Keane,2934,Everton,Questionable,Knee Injury,2023-02-04T12:30:00+00:00
M. Elneny,1452,Arsenal,Missing Fixture,Knock,2023-02-04T12:30:00+00:00
G. Jesus,643,Arsenal,Missing Fixture,Knee Injury,2023-02-04T12:30:00+00:00
R. Nelson,727,Arsenal,Missing Fixture,Thigh Injury,2023-02-04T12:30:00+00:00
E. Smith Rowe,1161,Arsenal,Missing Fixture,Thigh Injury,2023-02-04T12:30:00+00:00
Diego Carlos,21090,Aston Villa,Missing Fixture,Achilles Tendon Injury,2023-02-04T15:00:00+00:00
J. Steer,19174,Aston Villa,Missing Fixture,Muscle Injury,2023-02-04T15:00:00+00:00
R. Bertrand,18936,Leicester,Missing Fixture,Knee Injury,2023-02-04T15:00:00+00:00
J. Justin,19760,Leicester,Missing Fixture,Knee Injury,2023-02-04T15:00:00+00:00
W. Ndidi,18786,Leicester,Missing Fixture,Personal Reasons,2023-02-04T15:00:00+00:00
J. Evans,18772,Leicester,Questionable,Muscle Injury,2023-02-04T15:00:00+00:00
R. Pereira,18771,Leicester,Questionable,Achilles Tendon Injury,2023-02-04T15:00:00+00:00
B. Soumare,22233,Leicester,Questionable,Thigh Injury,2023-02-04T15:00:00+00:00
P. Jansson,19124,Brentford,Missing Fixture,Thigh Injury,2023-02-04T15:00:00+00:00
F. Onyeka,15799,Brentford,Missing Fixture,Thigh Injury,2023-02-04T15:00:00+00:00
J. Larios,284264,Southampton,Missing Fixture,Muscle Injury,2023-02-04T15:00:00+00:00
V. Livramento,158694,Southampton,Missing Fixture,Knee Injury,2023-02-04T15:00:00+00:00
A. McCarthy,18935,Southampton,Questionable,Ankle Injury,2023-02-04T15:00:00+00:00
K. Walker-Peters,171,Southampton,Questionable,Thigh Injury,2023-02-04T15:00:00+00:00
L. Colwill,152953,Brighton,Missing Fixture,Muscle Injury,2023-02-04T15:00:00+00:00
E. Ferguson,129643,Brighton,Missing Fixture,Knee Injury,2023-02-04T15:00:00+00:00
A. Lallana,295,Brighton,Missing Fixture,Injury,2023-02-04T15:00:00+00:00
A. Mac Allister,6716,Brighton,Missing Fixture,Yellow Cards,2023-02-04T15:00:00+00:00
J. Moder,40911,Brighton,Missing Fixture,Knee Injury,2023-02-04T15:00:00+00:00
D. Brooks,18870,Bournemouth,Missing Fixture,Thigh Injury,2023-02-04T15:00:00+00:00
R. Fredericks,18815,Bournemouth,Missing Fixture,Injury,2023-02-04T15:00:00+00:00
J. Stanislas,18878,Bournemouth,Missing Fixture,Injury,2023-02-04T15:00:00+00:00
L. Cook,18872,Bournemouth,Questionable,Knee Injury,2023-02-04T15:00:00+00:00
D. Solanke,18883,Bournemouth,Questionable,Knee Injury,2023-02-04T15:00:00+00:00
M. Tavernier,19245,Bournemouth,Questionable,Injury,2023-02-04T15:00:00+00:00
J. Butland,2930,Manchester United,Missing Fixture,Loan agreement,2023-02-04T15:00:00+00:00
C. Eriksen,174,Manchester United,Missing Fixture,Ankle Injury,2023-02-04T15:00:00+00:00
M. Greenwood,897,Manchester United,Missing Fixture,Inactive,2023-02-04T15:00:00+00:00
D. van de Beek,547,Manchester United,Missing Fixture,Knee Injury,2023-02-04T15:00:00+00:00
S. McTominay,903,Manchester United,Questionable,Injury,2023-02-04T15:00:00+00:00
J. Andersen,2729,Crystal Palace,Missing Fixture,Calf Injury,2023-02-04T15:00:00+00:00
N. Ferguson,127605,Crystal Palace,Missing Fixture,Injury,2023-02-04T15:00:00+00:00
J. McArthur,18849,Crystal Palace,Missing Fixture,Groin Injury,2023-02-04T15:00:00+00:00
W. Zaha,3247,Crystal Palace,Missing Fixture,Hamstring Injury,2023-02-04T15:00:00+00:00
Chiquinho,195962,Wolves,Missing Fixture,Knee Injury,2023-02-04T15:00:00+00:00
S. Kalajdzic,7722,Wolves,Missing Fixture,Knee Injury,2023-02-04T15:00:00+00:00
P. Neto,1864,Wolves,Missing Fixture,Ankle Injury,2023-02-04T15:00:00+00:00
B. Traore,157912,Wolves,Missing Fixture,Injury,2023-02-04T15:00:00+00:00
Arthur,150,Liverpool,Missing Fixture,Muscle Injury,2023-02-04T15:00:00+00:00
L. Diaz,2489,Liverpool,Missing Fixture,Knee Injury,2023-02-04T15:00:00+00:00
Diogo Jota,2678,Liverpool,Missing Fixture,Calf Injury,2023-02-04T15:00:00+00:00
R. Firmino,302,Liverpool,Missing Fixture,Calf Injury,2023-02-04T15:00:00+00:00
I. Konate,1145,Liverpool,Missing Fixture,Thigh Injury,2023-02-04T15:00:00+00:00
V. van Dijk,290,Liverpool,Missing Fixture,Thigh Injury,2023-02-04T15:00:00+00:00
B. Guimaraes,10135,Newcastle,Missing Fixture,Red Card,2023-02-04T17:30:00+00:00
E. Krafth,2855,Newcastle,Missing Fixture,Knee Injury,2023-02-04T17:30:00+00:00
J. Manquillo,18896,Newcastle,Missing Fixture,Injury,2023-02-04T17:30:00+00:00
M. Targett,18941,Newcastle,Missing Fixture,Heel Injury,2023-02-04T17:30:00+00:00
A. Isak,2864,Newcastle,Questionable,Head Injury,2023-02-04T17:30:00+00:00
M. Cornet,665,West Ham,Missing Fixture,Calf Injury,2023-02-04T17:30:00+00:00
G. Scamacca,30544,West Ham,Missing Fixture,Knee Injury,2023-02-04T17:30:00+00:00
K. Zouma,2726,West Ham,Missing Fixture,Thigh Injury,2023-02-04T17:30:00+00:00
T. Awoniyi,8598,Nottingham Forest,Missing Fixture,Lacking Match Fitness,2023-02-05T14:00:00+00:00
G. Biancone,84081,Nottingham Forest,Missing Fixture,Knee Injury,2023-02-05T14:00:00+00:00
D. Henderson,19088,Nottingham Forest,Missing Fixture,Thigh Injury,2023-02-05T14:00:00+00:00
C. Kouyate,2991,Nottingham Forest,Missing Fixture,Muscle Injury,2023-02-05T14:00:00+00:00
M. Niakhate,25916,Nottingham Forest,Missing Fixture,Thigh Injury,2023-02-05T14:00:00+00:00
O. Richards,19610,Nottingham Forest,Missing Fixture,Calf Injury,2023-02-05T14:00:00+00:00
R. Yates,19305,Nottingham Forest,Missing Fixture,Illness,2023-02-05T14:00:00+00:00
S. Dallas,19126,Leeds,Missing Fixture,Broken Leg,2023-02-05T14:00:00+00:00
A. Forshaw,19127,Leeds,Missing Fixture,Muscle Injury,2023-02-05T14:00:00+00:00
A. Gray,328089,Leeds,Missing Fixture,Foot Injury,2023-02-05T14:00:00+00:00
R. Koch,26238,Leeds,Missing Fixture,Yellow Cards,2023-02-05T14:00:00+00:00
Rodrigo,935,Leeds,Missing Fixture,Knee Injury,2023-02-05T14:00:00+00:00
S. Perkins,284408,Leeds,Questionable,Ankle Injury,2023-02-05T14:00:00+00:00
Lucas Moura,178,Tottenham,Questionable,Calf Injury,2023-02-05T16:30:00+00:00
P. M. Sarr,237129,Tottenham,Questionable,Hip Injury,2023-02-05T16:30:00+00:00
B. Mendy,623,Manchester City,Missing Fixture,Suspended,2023-02-05T16:30:00+00:00
J. Stones,626,Manchester City,Missing Fixture,Thigh Injury,2023-02-05T16:30:00+00:00
Antony,9971,Manchester United,Missing Fixture,Injury,2023-02-08T20:00:00+00:00
Casemiro,747,Manchester United,Missing Fixture,Red Card,2023-02-08T20:00:00+00:00
C. Eriksen,174,Manchester United,Missing Fixture,Ankle Injury,2023-02-08T20:00:00+00:00
M. Greenwood,897,Manchester United,Missing Fixture,Inactive,2023-02-08T20:00:00+00:00
A. Martial,908,Manchester United,Missing Fixture,Injury,2023-02-08T20:00:00+00:00
S. McTominay,903,Manchester United,Missing Fixture,Injury,2023-02-08T20:00:00+00:00
D. van de Beek,547,Manchester United,Missing Fixture,Knee Injury,2023-02-08T20:00:00+00:00
S. Dallas,19126,Leeds,Missing Fixture,Broken Leg,2023-02-08T20:00:00+00:00
A. Forshaw,19127,Leeds,Missing Fixture,Muscle Injury,2023-02-08T20:00:00+00:00
A. Gray,328089,Leeds,Missing Fixture,Foot Injury,2023-02-08T20:00:00+00:00
Rodrigo,935,Leeds,Missing Fixture,Knee Injury,2023-02-08T20:00:00+00:00
S. Perkins,284408,Leeds,Questionable,Ankle Injury,2023-02-08T20:00:00+00:00
A. Areola,253,West Ham,Missing Fixture,Thigh Injury,2023-02-11T12:30:00+00:00
M. Cornet,665,West Ham,Missing Fixture,Calf Injury,2023-02-11T12:30:00+00:00
G. Scamacca,30544,West Ham,Missing Fixture,Knee Injury,2023-02-11T12:30:00+00:00
K. Zouma,2726,West Ham,Missing Fixture,Thigh Injury,2023-02-11T12:30:00+00:00
A. Broja,138822,Chelsea,Missing Fixture,Knee Injury,2023-02-11T12:30:00+00:00
N. Kante,2290,Chelsea,Missing Fixture,Hamstring Injury,2023-02-11T12:30:00+00:00
E. Mendy,2986,Chelsea,Missing Fixture,Finger Injury,2023-02-11T12:30:00+00:00
C. Pulisic,17,Chelsea,Missing Fixture,Knee Injury,2023-02-11T12:30:00+00:00
W. Fofana,22094,Chelsea,Questionable,Knee Injury,2023-02-11T12:30:00+00:00
M. Kovacic,2291,Chelsea,Questionable,Calf Injury,2023-02-11T12:30:00+00:00
R. Sterling,645,Chelsea,Questionable,Knee Injury,2023-02-11T12:30:00+00:00
D. Zakaria,2810,Chelsea,Questionable,Muscle Injury,2023-02-11T12:30:00+00:00
M. Elneny,1452,Arsenal,Missing Fixture,Knock,2023-02-11T15:00:00+00:00
G. Jesus,643,Arsenal,Missing Fixture,Knee Injury,2023-02-11T15:00:00+00:00
R. Nelson,727,Arsenal,Missing Fixture,Thigh Injury,2023-02-11T15:00:00+00:00
E. Smith Rowe,1161,Arsenal,Missing Fixture,Thigh Injury,2023-02-11T15:00:00+00:00
T. Strakosha,1835,Brentford,Missing Fixture,Thigh Injury,2023-02-11T15:00:00+00:00
P. Jansson,19124,Brentford,Questionable,Thigh Injury,2023-02-11T15:00:00+00:00
F. Onyeka,15799,Brentford,Questionable,Thigh Injury,2023-02-11T15:00:00+00:00
N. Ferguson,127605,Crystal Palace,Missing Fixture,Injury,2023-02-11T15:00:00+00:00
W. Zaha,3247,Crystal Palace,Missing Fixture,Hamstring Injury,2023-02-11T15:00:00+00:00
J. Andersen,2729,Crystal Palace,Questionable,Calf Injury,2023-02-11T15:00:00+00:00
J. Ward,18847,Crystal Palace,Questionable,Muscle Injury,2023-02-11T15:00:00+00:00
L. Colwill,152953,Brighton,Missing Fixture,Muscle Injury,2023-02-11T15:00:00+00:00
J. Moder,40911,Brighton,Missing Fixture,Knee Injury,2023-02-11T15:00:00+00:00
A. Lallana,295,Brighton,Questionable,Injury,2023-02-11T15:00:00+00:00
T. Cairney,19025,Fulham,Missing Fixture,Ankle Injury,2023-02-11T15:00:00+00:00
N. Kebano,19027,Fulham,Missing Fixture,Achilles Tendon Injury,2023-02-11T15:00:00+00:00
T. Awoniyi,8598,Nottingham Forest,Missing Fixture,Lacking Match Fitness,2023-02-11T15:00:00+00:00
G. Biancone,84081,Nottingham Forest,Missing Fixture,Knee Injury,2023-02-11T15:00:00+00:00
D. Henderson,19088,Nottingham Forest,Missing Fixture,Thigh Injury,2023-02-11T15:00:00+00:00
C. Kouyate,2991,Nottingham Forest,Missing Fixture,Muscle Injury,2023-02-11T15:00:00+00:00
M. Niakhate,25916,Nottingham Forest,Missing Fixture,Thigh Injury,2023-02-11T15:00:00+00:00
O. Richards,19610,Nottingham Forest,Missing Fixture,Calf Injury,2023-02-11T15:00:00+00:00
R. Yates,19305,Nottingham Forest,Questionable,Illness,2023-02-11T15:00:00+00:00
R. Bertrand,18936,Leicester,Missing Fixture,Knee Injury,2023-02-11T15:00:00+00:00
J. Justin,19760,Leicester,Missing Fixture,Knee Injury,2023-02-11T15:00:00+00:00
J. Evans,18772,Leicester,Questionable,Muscle Injury,2023-02-11T15:00:00+00:00
B. Soumare,22233,Leicester,Questionable,Thigh Injury,2023-02-11T15:00:00+00:00
Y. Bissouma,18968,Tottenham,Missing Fixture,Ankle Injury,2023-02-11T15:00:00+00:00
H. Lloris,159,Tottenham,Missing Fixture,Knee Injury,2023-02-11T15:00:00+00:00
C. Romero,30776,Tottenham,Missing Fixture,Red Card,2023-02-11T15:00:00+00:00
J. Larios,284264,Southampton,Missing Fixture,Muscle Injury,2023-02-11T15:00:00+00:00
V. Livramento,158694,Southampton,Missing Fixture,Knee Injury,2023-02-11T15:00:00+00:00
A. McCarthy,18935,Southampton,Questionable,Ankle Injury,2023-02-11T15:00:00+00:00
K. Walker-Peters,171,Southampton,Questionable,Thigh Injury,2023-02-11T15:00:00+00:00
Chiquinho,195962,Wolves,Missing Fixture,Knee Injury,2023-02-11T15:00:00+00:00
Hwang Hee-Chan,24888,Wolves,Missing Fixture,Thigh Injury,2023-02-11T15:00:00+00:00
S. Kalajdzic,7722,Wolves,Missing Fixture,Knee Injury,2023-02-11T15:00:00+00:00
B. Traore,157912,Wolves,Missing Fixture,Injury,2023-02-11T15:00:00+00:00
D. Brooks,18870,Bournemouth,Missing Fixture,Thigh Injury,2023-02-11T17:30:00+00:00
L. Kelly,19263,Bournemouth,Missing Fixture,Calf Injury,2023-02-11T17:30:00+00:00
J. Stanislas,18878,Bournemouth,Missing Fixture,Injury,2023-02-11T17:30:00+00:00
L. Cook,18872,Bournemouth,Questionable,Knee Injury,2023-02-11T17:30:00+00:00
B. Guimaraes,10135,Newcastle,Missing Fixture,Red Card,2023-02-11T17:30:00+00:00
E. Krafth,2855,Newcastle,Missing Fixture,Knee Injury,2023-02-11T17:30:00+00:00
J. Manquillo,18896,Newcastle,Missing Fixture,Injury,2023-02-11T17:30:00+00:00
M. Targett,18941,Newcastle,Missing Fixture,Heel Injury,2023-02-11T17:30:00+00:00
S. Dallas,19126,Leeds,Missing Fixture,Broken Leg,2023-02-12T14:00:00+00:00
A. Forshaw,19127,Leeds,Missing Fixture,Muscle Injury,2023-02-12T14:00:00+00:00
A. Gray,328089,Leeds,Missing Fixture,Foot Injury,2023-02-12T14:00:00+00:00
Rodrigo,935,Leeds,Missing Fixture,Knee Injury,2023-02-12T14:00:00+00:00
P. Struijk,64003,Leeds,Missing Fixture,Head Injury,2023-02-12T14:00:00+00:00
L. Cooper,19118,Leeds,Questionable,Injury,2023-02-12T14:00:00+00:00
S. Perkins,284408,Leeds,Questionable,Ankle Injury,2023-02-12T14:00:00+00:00
M. Roca,47341,Leeds,Questionable,Injury,2023-02-12T14:00:00+00:00
L. Sinisterra,37161,Leeds,Questionable,Thigh Injury,2023-02-12T14:00:00+00:00
Casemiro,747,Manchester United,Missing Fixture,Red Card,2023-02-12T14:00:00+00:00
C. Eriksen,174,Manchester United,Missing Fixture,Ankle Injury,2023-02-12T14:00:00+00:00
M. Greenwood,897,Manchester United,Missing Fixture,Inactive,2023-02-12T14:00:00+00:00
A. Martial,908,Manchester United,Missing Fixture,Injury,2023-02-12T14:00:00+00:00
S. McTominay,903,Manchester United,Missing Fixture,Injury,2023-02-12T14:00:00+00:00
D. van de Beek,547,Manchester United,Missing Fixture,Knee Injury,2023-02-12T14:00:00+00:00
Antony,9971,Manchester United,Questionable,Injury,2023-02-12T14:00:00+00:00
B. Mendy,623,Manchester City,Missing Fixture,Suspended,2023-02-12T16:30:00+00:00
J. Stones,626,Manchester City,Missing Fixture,Thigh Injury,2023-02-12T16:30:00+00:00
Diego Carlos,21090,Aston Villa,Missing Fixture,Achilles Tendon Injury,2023-02-12T16:30:00+00:00
J. Steer,19174,Aston Villa,Missing Fixture,Muscle Injury,2023-02-12T16:30:00+00:00
B. Traore,671,Aston Villa,Questionable,Knee Injury,2023-02-12T16:30:00+00:00
Arthur,150,Liverpool,Missing Fixture,Muscle Injury,2023-02-13T20:00:00+00:00
L. Diaz,2489,Liverpool,Missing Fixture,Knee Injury,2023-02-13T20:00:00+00:00
I. Konate,1145,Liverpool,Missing Fixture,Thigh Injury,2023-02-13T20:00:00+00:00
Thiago,507,Liverpool,Questionable,Muscle Injury,2023-02-13T20:00:00+00:00
N. Patterson,138417,Everton,Missing Fixture,Knee Injury,2023-02-13T20:00:00+00:00
A. Townsend,18854,Everton,Missing Fixture,Knee Injury,2023-02-13T20:00:00+00:00
D. Calvert-Lewin,18766,Everton,Questionable,Thigh Injury,2023-02-13T20:00:00+00:00
J. Garner,895,Everton,Questionable,Back Injury,2023-02-13T20:00:00+00:00
M. Elneny,1452,Arsenal,Missing Fixture,Knock,2023-02-15T19:30:00+00:00
G. Jesus,643,Arsenal,Missing Fixture,Knee Injury,2023-02-15T19:30:00+00:00
T. Partey,49,Arsenal,Questionable,Muscle Injury,2023-02-15T19:30:00+00:00
E. Smith Rowe,1161,Arsenal,Questionable,Thigh Injury,2023-02-15T19:30:00+00:00
B. Mendy,623,Manchester City,Missing Fixture,Suspended,2023-02-15T19:30:00+00:00
J. Stones,626,Manchester City,Missing Fixture,Thigh Injury,2023-02-15T19:30:00+00:00
J. Steer,19174,Aston Villa,Missing Fixture,Muscle Injury,2023-02-18T12:30:00+00:00
Diego Carlos,21090,Aston Villa,Questionable,Achilles Tendon Injury,2023-02-18T12:30:00+00:00
M. Elneny,1452,Arsenal,Missing Fixture,Knock,2023-02-18T12:30:00+00:00
G. Jesus,643,Arsenal,Missing Fixture,Knee Injury,2023-02-18T12:30:00+00:00
T. Partey,49,Arsenal,Questionable,Muscle Injury,2023-02-18T12:30:00+00:00
P. Jansson,19124,Brentford,Questionable,Thigh Injury,2023-02-18T15:00:00+00:00
T. Strakosha,1835,Brentford,Questionable,Thigh Injury,2023-02-18T15:00:00+00:00
N. Ferguson,127605,Crystal Palace,Missing Fixture,Injury,2023-02-18T15:00:00+00:00
W. Zaha,3247,Crystal Palace,Missing Fixture,Hamstring Injury,2023-02-18T15:00:00+00:00
J. Ward,18847,Crystal Palace,Questionable,Muscle Injury,2023-02-18T15:00:00+00:00
L. Colwill,152953,Brighton,Missing Fixture,Muscle Injury,2023-02-18T15:00:00+00:00
B. Gilmour,130423,Brighton,Missing Fixture,Knock,2023-02-18T15:00:00+00:00
J. Moder,40911,Brighton,Missing Fixture,Knee Injury,2023-02-18T15:00:00+00:00
D. Welbeck,1469,Brighton,Missing Fixture,Calf Injury,2023-02-18T15:00:00+00:00
A. Lallana,295,Brighton,Questionable,Injury,2023-02-18T15:00:00+00:00
T. Cairney,19025,Fulham,Missing Fixture,Ankle Injury,2023-02-18T15:00:00+00:00
N. Kebano,19027,Fulham,Missing Fixture,Achilles Tendon Injury,2023-02-18T15:00:00+00:00
A. Broja,138822,Chelsea,Missing Fixture,Knee Injury,2023-02-18T15:00:00+00:00
N. Kante,2290,Chelsea,Missing Fixture,Hamstring Injury,2023-02-18T15:00:00+00:00
E. Mendy,2986,Chelsea,Missing Fixture,Finger Injury,2023-02-18T15:00:00+00:00
C. Pulisic,17,Chelsea,Missing Fixture,Knee Injury,2023-02-18T15:00:00+00:00
J. Larios,284264,Southampton,Missing Fixture,Muscle Injury,2023-02-18T15:00:00+00:00
V. Livramento,158694,Southampton,Missing Fixture,Knee Injury,2023-02-18T15:00:00+00:00
C. Adams,19524,Southampton,Questionable,Knock,2023-02-18T15:00:00+00:00
A. McCarthy,18935,Southampton,Questionable,Ankle Injury,2023-02-18T15:00:00+00:00
D. Calvert-Lewin,18766,Everton,Missing Fixture,Thigh Injury,2023-02-18T15:00:00+00:00
A. Townsend,18854,Everton,Missing Fixture,Knee Injury,2023-02-18T15:00:00+00:00
S. Dallas,19126,Leeds,Missing Fixture,Broken Leg,2023-02-18T15:00:00+00:00
A. Forshaw,19127,Leeds,Missing Fixture,Muscle Injury,2023-02-18T15:00:00+00:00
A. Gray,328089,Leeds,Missing Fixture,Foot Injury,2023-02-18T15:00:00+00:00
Rodrigo,935,Leeds,Missing Fixture,Knee Injury,2023-02-18T15:00:00+00:00
S. Perkins,284408,Leeds,Questionable,Ankle Injury,2023-02-18T15:00:00+00:00
M. Roca,47341,Leeds,Questionable,Injury,2023-02-18T15:00:00+00:00
L. Sinisterra,37161,Leeds,Questionable,Thigh Injury,2023-02-18T15:00:00+00:00
T. Awoniyi,8598,Nottingham Forest,Missing Fixture,Lacking Match Fitness,2023-02-18T15:00:00+00:00
G. Biancone,84081,Nottingham Forest,Missing Fixture,Knee Injury,2023-02-18T15:00:00+00:00
W. Boly,18739,Nottingham Forest,Missing Fixture,Thigh Injury,2023-02-18T15:00:00+00:00
D. Henderson,19088,Nottingham Forest,Missing Fixture,Thigh Injury,2023-02-18T15:00:00+00:00
C. Kouyate,2991,Nottingham Forest,Missing Fixture,Muscle Injury,2023-02-18T15:00:00+00:00
S. McKenna,44811,Nottingham Forest,Missing Fixture,Thigh Injury,2023-02-18T15:00:00+00:00
M. Niakhate,25916,Nottingham Forest,Missing Fixture,Thigh Injury,2023-02-18T15:00:00+00:00
O. Richards,19610,Nottingham Forest,Missing Fixture,Calf Injury,2023-02-18T15:00:00+00:00
J. Lingard,900,Nottingham Forest,Questionable,Knee Injury,2023-02-18T15:00:00+00:00
R. Yates,19305,Nottingham Forest,Questionable,Illness,2023-02-18T15:00:00+00:00
B. Mendy,623,Manchester City,Missing Fixture,Suspended,2023-02-18T15:00:00+00:00
J. Stones,626,Manchester City,Missing Fixture,Thigh Injury,2023-02-18T15:00:00+00:00
Chiquinho,195962,Wolves,Missing Fixture,Knee Injury,2023-02-18T15:00:00+00:00
Hwang Hee-Chan,24888,Wolves,Missing Fixture,Thigh Injury,2023-02-18T15:00:00+00:00
S. Kalajdzic,7722,Wolves,Missing Fixture,Knee Injury,2023-02-18T15:00:00+00:00
M. Lemina,18947,Wolves,Missing Fixture,Red Card,2023-02-18T15:00:00+00:00
B. Traore,157912,Wolves,Missing Fixture,Injury,2023-02-18T15:00:00+00:00
D. Brooks,18870,Bournemouth,Missing Fixture,Thigh Injury,2023-02-18T15:00:00+00:00
L. Cook,18872,Bournemouth,Missing Fixture,Knee Injury,2023-02-18T15:00:00+00:00
L. Kelly,19263,Bournemouth,Missing Fixture,Calf Injury,2023-02-18T15:00:00+00:00
J. Stanislas,18878,Bournemouth,Questionable,Injury,2023-02-18T15:00:00+00:00
I. Zabarnyi,161671,Bournemouth,Questionable,Ankle Injury,2023-02-18T15:00:00+00:00
B. Guimaraes,10135,Newcastle,Missing Fixture,Red Card,2023-02-18T17:30:00+00:00
E. Krafth,2855,Newcastle,Missing Fixture,Knee Injury,2023-02-18T17:30:00+00:00
J. Willock,1463,Newcastle,Questionable,Thigh Injury,2023-02-18T17:30:00+00:00
Arthur,150,Liverpool,Missing Fixture,Muscle Injury,2023-02-18T17:30:00+00:00
L. Diaz,2489,Liverpool,Missing Fixture,Knee Injury,2023-02-18T17:30:00+00:00
C. Ramsay,135525,Liverpool,Missing Fixture,Knee Injury,2023-02-18T17:30:00+00:00
Thiago,507,Liverpool,Missing Fixture,Muscle Injury,2023-02-18T17:30:00+00:00
I. Konate,1145,Liverpool,Questionable,Thigh Injury,2023-02-18T17:30:00+00:00
Antony,9971,Manchester United,Missing Fixture,Injury,2023-02-19T14:00:00+00:00
Casemiro,747,Manchester United,Missing Fixture,Red Card,2023-02-19T14:00:00+00:00
C. Eriksen,174,Manchester United,Missing Fixture,Ankle Injury,2023-02-19T14:00:00+00:00
M. Greenwood,897,Manchester United,Missing Fixture,Inactive,2023-02-19T14:00:00+00:00
A. Martial,908,Manchester United,Missing Fixture,Injury,2023-02-19T14:00:00+00:00
D. van de Beek,547,Manchester United,Missing Fixture,Knee Injury,2023-02-19T14:00:00+00:00
R. Bertrand,18936,Leicester,Missing Fixture,Knee Injury,2023-02-19T14:00:00+00:00
J. Evans,18772,Leicester,Missing Fixture,Muscle Injury,2023-02-19T14:00:00+00:00
J. Justin,19760,Leicester,Missing Fixture,Knee Injury,2023-02-19T14:00:00+00:00
R. Bentancur,863,Tottenham,Missing Fixture,Knee Injury,2023-02-19T16:30:00+00:00
Y. Bissouma,18968,Tottenham,Missing Fixture,Ankle Injury,2023-02-19T16:30:00+00:00
H. Lloris,159,Tottenham,Missing Fixture,Knee Injury,2023-02-19T16:30:00+00:00
R. Sessegnon,19032,Tottenham,Missing Fixture,Thigh Injury,2023-02-19T16:30:00+00:00
M. Cornet,665,West Ham,Missing Fixture,Calf Injury,2023-02-19T16:30:00+00:00
L. Paqueta,1646,West Ham,Missing Fixture,Shoulder Injury,2023-02-19T16:30:00+00:00
K. Zouma,2726,West Ham,Missing Fixture,Thigh Injury,2023-02-19T16:30:00+00:00
T. Cairney,19025,Fulham,Missing Fixture,Ankle Injury,2023-02-24T20:00:00+00:00
N. Kebano,19027,Fulham,Missing Fixture,Achilles Tendon Injury,2023-02-24T20:00:00+00:00
A. Mitrovic,2825,Fulham,Questionable,Thigh Injury,2023-02-24T20:00:00+00:00
Chiquinho,195962,Wolves,Missing Fixture,Knee Injury,2023-02-24T20:00:00+00:00
Hwang Hee-Chan,24888,Wolves,Missing Fixture,Thigh Injury,2023-02-24T20:00:00+00:00
S. Kalajdzic,7722,Wolves,Missing Fixture,Knee Injury,2023-02-24T20:00:00+00:00
B. Traore,157912,Wolves,Missing Fixture,Injury,2023-02-24T20:00:00+00:00
A. Townsend,18854,Everton,Missing Fixture,Knee Injury,2023-02-25T15:00:00+00:00
D. Calvert-Lewin,18766,Everton,Questionable,Thigh Injury,2023-02-25T15:00:00+00:00
J. Garner,895,Everton,Questionable,Lacking Match Fitness,2023-02-25T15:00:00+00:00
N. Patterson,138417,Everton,Questionable,Knee Injury,2023-02-25T15:00:00+00:00
J. Steer,19174,Aston Villa,Missing Fixture,Muscle Injury,2023-02-25T15:00:00+00:00
Diego Carlos,21090,Aston Villa,Questionable,Achilles Tendon Injury,2023-02-25T15:00:00+00:00
S. Dallas,19126,Leeds,Missing Fixture,Broken Leg,2023-02-25T15:00:00+00:00
A. Forshaw,19127,Leeds,Missing Fixture,Muscle Injury,2023-02-25T15:00:00+00:00
A. Gray,328089,Leeds,Missing Fixture,Foot Injury,2023-02-25T15:00:00+00:00
Rodrigo,935,Leeds,Missing Fixture,Knee Injury,2023-02-25T15:00:00+00:00
L. Sinisterra,37161,Leeds,Questionable,Thigh Injury,2023-02-25T15:00:00+00:00
J. Larios,284264,Southampton,Missing Fixture,Muscle Injury,2023-02-25T15:00:00+00:00
V. Livramento,158694,Southampton,Missing Fixture,Knee Injury,2023-02-25T15:00:00+00:00
M. Orsic,1330,Southampton,Missing Fixture,Concussion,2023-02-25T15:00:00+00:00
C. Adams,19524,Southampton,Questionable,Knock,2023-02-25T15:00:00+00:00
M. Salisu,47480,Southampton,Questionable,Injury,2023-02-25T15:00:00+00:00
R. Bertrand,18936,Leicester,Missing Fixture,Knee Injury,2023-02-25T15:00:00+00:00
J. Justin,19760,Leicester,Missing Fixture,Knee Injury,2023-02-25T15:00:00+00:00
J. Evans,18772,Leicester,Questionable,Muscle Injury,2023-02-25T15:00:00+00:00
J. Maddison,18784,Leicester,Questionable,Knee Injury,2023-02-25T15:00:00+00:00
M. Elneny,1452,Arsenal,Missing Fixture,Knock,2023-02-25T15:00:00+00:00
G. Jesus,643,Arsenal,Missing Fixture,Knee Injury,2023-02-25T15:00:00+00:00
M. Cornet,665,West Ham,Missing Fixture,Calf Injury,2023-02-25T15:00:00+00:00
K. Zouma,2726,West Ham,Questionable,Thigh Injury,2023-02-25T15:00:00+00:00
S. Aurier,163,Nottingham Forest,Missing Fixture,Calf Injury,2023-02-25T15:00:00+00:00
T. Awoniyi,8598,Nottingham Forest,Missing Fixture,Lacking Match Fitness,2023-02-25T15:00:00+00:00
G. Biancone,84081,Nottingham Forest,Missing Fixture,Knee Injury,2023-02-25T15:00:00+00:00
W. Boly,18739,Nottingham Forest,Missing Fixture,Thigh Injury,2023-02-25T15:00:00+00:00
D. Henderson,19088,Nottingham Forest,Missing Fixture,Thigh Injury,2023-02-25T15:00:00+00:00
C. Kouyate,2991,Nottingham Forest,Missing Fixture,Muscle Injury,2023-02-25T15:00:00+00:00
S. McKenna,44811,Nottingham Forest,Missing Fixture,Thigh Injury,2023-02-25T15:00:00+00:00
M. Niakhate,25916,Nottingham Forest,Missing Fixture,Thigh Injury,2023-02-25T15:00:00+00:00
O. Richards,19610,Nottingham Forest,Missing Fixture,Calf Injury,2023-02-25T15:00:00+00:00
R. Yates,19305,Nottingham Forest,Questionable,Illness,2023-02-25T15:00:00+00:00
D. Brooks,18870,Bournemouth,Missing Fixture,Thigh Injury,2023-02-25T17:30:00+00:00
L. Cook,18872,Bournemouth,Missing Fixture,Knee Injury,2023-02-25T17:30:00+00:00
M. Tavernier,19245,Bournemouth,Missing Fixture,Thigh Injury,2023-02-25T17:30:00+00:00
L. Kelly,19263,Bournemouth,Questionable,Calf Injury,2023-02-25T17:30:00+00:00
J. Stanislas,18878,Bournemouth,Questionable,Injury,2023-02-25T17:30:00+00:00
I. Zabarnyi,161671,Bournemouth,Questionable,Ankle Injury,2023-02-25T17:30:00+00:00
B. Mendy,623,Manchester City,Missing Fixture,Suspended,2023-02-25T17:30:00+00:00
J. Stones,626,Manchester City,Missing Fixture,Thigh Injury,2023-02-25T17:30:00+00:00
A. Laporte,622,Manchester City,Questionable,Illness,2023-02-25T17:30:00+00:00
S. Johnstone,19143,Crystal Palace,Missing Fixture,Calf Injury,2023-02-25T19:45:00+00:00
N. Ferguson,127605,Crystal Palace,Questionable,Lacking Match Fitness,2023-02-25T19:45:00+00:00
W. Zaha,3247,Crystal Palace,Questionable,Hamstring Injury,2023-02-25T19:45:00+00:00
Arthur,150,Liverpool,Missing Fixture,Muscle Injury,2023-02-25T19:45:00+00:00
L. Diaz,2489,Liverpool,Missing Fixture,Knee Injury,2023-02-25T19:45:00+00:00
C. Ramsay,135525,Liverpool,Missing Fixture,Knee Injury,2023-02-25T19:45:00+00:00
Thiago,507,Liverpool,Missing Fixture,Muscle Injury,2023-02-25T19:45:00+00:00
J. Gomez,284,Liverpool,Questionable,Injury,2023-02-25T19:45:00+00:00
I. Konate,1145,Liverpool,Questionable,Thigh Injury,2023-02-25T19:45:00+00:00
R. Bentancur,863,Tottenham,Missing Fixture,Knee Injury,2023-02-26T13:30:00+00:00
Y. Bissouma,18968,Tottenham,Missing Fixture,Ankle Injury,2023-02-26T13:30:00+00:00
H. Lloris,159,Tottenham,Missing Fixture,Knee Injury,2023-02-26T13:30:00+00:00
R. Sessegnon,19032,Tottenham,Missing Fixture,Thigh Injury,2023-02-26T13:30:00+00:00
C. Azpilicueta,2280,Chelsea,Missing Fixture,Head Injury,2023-02-26T13:30:00+00:00
A. Broja,138822,Chelsea,Missing Fixture,Knee Injury,2023-02-26T13:30:00+00:00
N. Kante,2290,Chelsea,Missing Fixture,Hamstring Injury,2023-02-26T13:30:00+00:00
E. Mendy,2986,Chelsea,Missing Fixture,Finger Injury,2023-02-26T13:30:00+00:00
C. Pulisic,17,Chelsea,Missing Fixture,Knee Injury,2023-02-26T13:30:00+00:00
M. Elneny,1452,Arsenal,Missing Fixture,Knock,2023-03-01T19:45:00+00:00
G. Jesus,643,Arsenal,Questionable,Knee Injury,2023-03-01T19:45:00+00:00
D. Calvert-Lewin,18766,Everton,Missing Fixture,Thigh Injury,2023-03-01T19:45:00+00:00
N. Patterson,138417,Everton,Missing Fixture,Knee Injury,2023-03-01T19:45:00+00:00
A. Townsend,18854,Everton,Missing Fixture,Knee Injury,2023-03-01T19:45:00+00:00
J. Garner,895,Everton,Questionable,Lacking Match Fitness,2023-03-01T19:45:00+00:00
L. Diaz,2489,Liverpool,Missing Fixture,Knee Injury,2023-03-01T20:00:00+00:00
J. Gomez,284,Liverpool,Missing Fixture,Muscle Injury,2023-03-01T20:00:00+00:00
C. Ramsay,135525,Liverpool,Missing Fixture,Knee Injury,2023-03-01T20:00:00+00:00
Thiago,507,Liverpool,Missing Fixture,Muscle Injury,2023-03-01T20:00:00+00:00
Arthur,150,Liverpool,Questionable,Muscle Injury,2023-03-01T20:00:00+00:00
Chiquinho,195962,Wolves,Missing Fixture,Knee Injury,2023-03-01T20:00:00+00:00
Hwang Hee-Chan,24888,Wolves,Missing Fixture,Thigh Injury,2023-03-01T20:00:00+00:00
S. Kalajdzic,7722,Wolves,Missing Fixture,Knee Injury,2023-03-01T20:00:00+00:00
M. Cunha,1165,Wolves,Questionable,Ankle Injury,2023-03-01T20:00:00+00:00
B. Traore,157912,Wolves,Questionable,Injury,2023-03-01T20:00:00+00:00
B. Mendy,623,Manchester City,Missing Fixture,Suspended,2023-03-04T12:30:00+00:00
R. Fraser,18873,Newcastle,Missing Fixture,Coach's decision,2023-03-04T12:30:00+00:00
E. Krafth,2855,Newcastle,Missing Fixture,Knee Injury,2023-03-04T12:30:00+00:00
L. Colwill,152953,Brighton,Missing Fixture,Muscle Injury,2023-03-04T15:00:00+00:00
A. Lallana,295,Brighton,Missing Fixture,Thigh Injury,2023-03-04T15:00:00+00:00
J. Moder,40911,Brighton,Missing Fixture,Knee Injury,2023-03-04T15:00:00+00:00
L. Fabianski,2997,West Ham,Missing Fixture,Eye injury,2023-03-04T15:00:00+00:00
M. Cornet,665,West Ham,Questionable,Calf Injury,2023-03-04T15:00:00+00:00
V. Coufal,1231,West Ham,Questionable,Heel Injury,2023-03-04T15:00:00+00:00
C. Azpilicueta,2280,Chelsea,Missing Fixture,Head Injury,2023-03-04T15:00:00+00:00
A. Broja,138822,Chelsea,Missing Fixture,Knee Injury,2023-03-04T15:00:00+00:00
N. Kante,2290,Chelsea,Missing Fixture,Hamstring Injury,2023-03-04T15:00:00+00:00
E. Mendy,2986,Chelsea,Missing Fixture,Finger Injury,2023-03-04T15:00:00+00:00
M. Mount,19220,Chelsea,Missing Fixture,Abdominal strain,2023-03-04T15:00:00+00:00
C. Pulisic,17,Chelsea,Missing Fixture,Knee Injury,2023-03-04T15:00:00+00:00
T. Silva,259,Chelsea,Missing Fixture,Knee Injury,2023-03-04T15:00:00+00:00
R. James,19545,Chelsea,Questionable,Thigh Injury,2023-03-04T15:00:00+00:00
S. Dallas,19126,Leeds,Missing Fixture,Broken Leg,2023-03-04T15:00:00+00:00
A. Forshaw,19127,Leeds,Missing Fixture,Muscle Injury,2023-03-04T15:00:00+00:00
Rodrigo,935,Leeds,Missing Fixture,Knee Injury,2023-03-04T15:00:00+00:00
L. Cooper,19118,Leeds,Questionable,Muscle Injury,2023-03-04T15:00:00+00:00
L. Sinisterra,37161,Leeds,Questionable,Thigh Injury,2023-03-04T15:00:00+00:00
M. Elneny,1452,Arsenal,Missing Fixture,Knock,2023-03-04T15:00:00+00:00
G. Jesus,643,Arsenal,Missing Fixture,Convalescence,2023-03-04T15:00:00+00:00
E. Nketiah,1468,Arsenal,Missing Fixture,Injury,2023-03-04T15:00:00+00:00
D. Brooks,18870,Bournemouth,Missing Fixture,Thigh Injury,2023-03-04T15:00:00+00:00
L. Kelly,19263,Bournemouth,Missing Fixture,Calf Injury,2023-03-04T15:00:00+00:00
J. Stanislas,18878,Bournemouth,Missing Fixture,Injury,2023-03-04T15:00:00+00:00
M. Tavernier,19245,Bournemouth,Missing Fixture,Thigh Injury,2023-03-04T15:00:00+00:00
M. Vina,51572,Bournemouth,Missing Fixture,Knee Injury,2023-03-04T15:00:00+00:00
I. Zabarnyi,161671,Bournemouth,Missing Fixture,Ankle Injury,2023-03-04T15:00:00+00:00
Coutinho,147,Aston Villa,Missing Fixture,Thigh Injury,2023-03-04T15:00:00+00:00
L. Dendoncker,2922,Aston Villa,Missing Fixture,Personal Reasons,2023-03-04T15:00:00+00:00
Diego Carlos,21090,Aston Villa,Missing Fixture,Achilles Tendon Injury,2023-03-04T15:00:00+00:00
J. Steer,19174,Aston Villa,Missing Fixture,Muscle Injury,2023-03-04T15:00:00+00:00
S. Johnstone,19143,Crystal Palace,Missing Fixture,Calf Injury,2023-03-04T15:00:00+00:00
N. Ferguson,127605,Crystal Palace,Questionable,Lacking Match Fitness,2023-03-04T15:00:00+00:00
H. Bueno,280687,Wolves,Missing Fixture,Muscle Injury,2023-03-04T15:00:00+00:00
Chiquinho,195962,Wolves,Missing Fixture,Knee Injury,2023-03-04T15:00:00+00:00
Hwang Hee-Chan,24888,Wolves,Missing Fixture,Thigh Injury,2023-03-04T15:00:00+00:00
S. Kalajdzic,7722,Wolves,Missing Fixture,Knee Injury,2023-03-04T15:00:00+00:00
B. Traore,157912,Wolves,Questionable,Injury,2023-03-04T15:00:00+00:00
R. Bentancur,863,Tottenham,Missing Fixture,Knee Injury,2023-03-04T15:00:00+00:00
Y. Bissouma,18968,Tottenham,Missing Fixture,Ankle Injury,2023-03-04T15:00:00+00:00
H. Lloris,159,Tottenham,Missing Fixture,Knee Injury,2023-03-04T15:00:00+00:00
R. Sessegnon,19032,Tottenham,Missing Fixture,Thigh Injury,2023-03-04T15:00:00+00:00
J. Larios,284264,Southampton,Missing Fixture,Muscle Injury,2023-03-04T17:30:00+00:00
V. Livramento,158694,Southampton,Missing Fixture,Knee Injury,2023-03-04T17:30:00+00:00
R. Bertrand,18936,Leicester,Missing Fixture,Knee Injury,2023-03-04T17:30:00+00:00
J. Justin,19760,Leicester,Missing Fixture,Knee Injury,2023-03-04T17:30:00+00:00
Y. Tielemans,2926,Leicester,Missing Fixture,Ankle Injury,2023-03-04T17:30:00+00:00
J. Evans,18772,Leicester,Questionable,Muscle Injury,2023-03-04T17:30:00+00:00
T. Awoniyi,8598,Nottingham Forest,Missing Fixture,Lacking Match Fitness,2023-03-05T14:00:00+00:00
G. Biancone,84081,Nottingham Forest,Missing Fixture,Knee Injury,2023-03-05T14:00:00+00:00
W. Boly,18739,Nottingham Forest,Missing Fixture,Thigh Injury,2023-03-05T14:00:00+00:00
D. Henderson,19088,Nottingham Forest,Missing Fixture,Thigh Injury,2023-03-05T14:00:00+00:00
C. Kouyate,2991,Nottingham Forest,Missing Fixture,Muscle Injury,2023-03-05T14:00:00+00:00
S. McKenna,44811,Nottingham Forest,Missing Fixture,Thigh Injury,2023-03-05T14:00:00+00:00
O. Richards,19610,Nottingham Forest,Missing Fixture,Calf Injury,2023-03-05T14:00:00+00:00
M. Niakhate,25916,Nottingham Forest,Questionable,Thigh Injury,2023-03-05T14:00:00+00:00
A. Townsend,18854,Everton,Missing Fixture,Knee Injury,2023-03-05T14:00:00+00:00
D. Calvert-Lewin,18766,Everton,Questionable,Thigh Injury,2023-03-05T14:00:00+00:00
L. Diaz,2489,Liverpool,Missing Fixture,Knee Injury,2023-03-05T16:30:00+00:00
C. Ramsay,135525,Liverpool,Missing Fixture,Knee Injury,2023-03-05T16:30:00+00:00
Thiago,507,Liverpool,Missing Fixture,Muscle Injury,2023-03-05T16:30:00+00:00
Arthur,150,Liverpool,Questionable,Muscle Injury,2023-03-05T16:30:00+00:00
J. Gomez,284,Liverpool,Questionable,Muscle Injury,2023-03-05T16:30:00+00:00
N. Keita,294,Liverpool,Questionable,Knock,2023-03-05T16:30:00+00:00
C. Eriksen,174,Manchester United,Missing Fixture,Ankle Injury,2023-03-05T16:30:00+00:00
M. Greenwood,897,Manchester United,Missing Fixture,Inactive,2023-03-05T16:30:00+00:00
A. Martial,908,Manchester United,Missing Fixture,Muscle Injury,2023-03-05T16:30:00+00:00
D. van de Beek,547,Manchester United,Missing Fixture,Knee Injury,2023-03-05T16:30:00+00:00
T. Strakosha,1835,Brentford,Missing Fixture,Thigh Injury,2023-03-06T20:00:00+00:00
T. Cairney,19025,Fulham,Missing Fixture,Ankle Injury,2023-03-06T20:00:00+00:00
N. Kebano,19027,Fulham,Missing Fixture,Achilles Tendon Injury,2023-03-06T20:00:00+00:00
L. Kurzawa,263,Fulham,Missing Fixture,Knee Injury,2023-03-06T20:00:00+00:00
J. Palhinha,41104,Fulham,Missing Fixture,Yellow Cards,2023-03-06T20:00:00+00:00
J. Stanislas,18878,Bournemouth,Missing Fixture,Injury,2023-03-11T12:30:00+00:00
M. Tavernier,19245,Bournemouth,Questionable,Thigh Injury,2023-03-11T12:30:00+00:00
H. J. Traore,31057,Bournemouth,Questionable,Muscle Injury,2023-03-11T12:30:00+00:00
I. Zabarnyi,161671,Bournemouth,Questionable,Ankle Injury,2023-03-11T12:30:00+00:00
L. Diaz,2489,Liverpool,Missing Fixture,Knee Injury,2023-03-11T12:30:00+00:00
J. Gomez,284,Liverpool,Missing Fixture,Muscle Injury,2023-03-11T12:30:00+00:00
C. Ramsay,135525,Liverpool,Missing Fixture,Knee Injury,2023-03-11T12:30:00+00:00
Thiago,507,Liverpool,Missing Fixture,Muscle Injury,2023-03-11T12:30:00+00:00
N. Keita,294,Liverpool,Questionable,Knock,2023-03-11T12:30:00+00:00
A. Townsend,18854,Everton,Missing Fixture,Knee Injury,2023-03-11T15:00:00+00:00
D. Calvert-Lewin,18766,Everton,Questionable,Thigh Injury,2023-03-11T15:00:00+00:00
N. Patterson,138417,Everton,Questionable,Knee Injury,2023-03-11T15:00:00+00:00
K. Lewis-Potter,106725,Brentford,Missing Fixture,Knee Injury,2023-03-11T15:00:00+00:00
T. Strakosha,1835,Brentford,Missing Fixture,Thigh Injury,2023-03-11T15:00:00+00:00
S. Dallas,19126,Leeds,Missing Fixture,Broken Leg,2023-03-11T15:00:00+00:00
A. Forshaw,19127,Leeds,Missing Fixture,Muscle Injury,2023-03-11T15:00:00+00:00
L. Cooper,19118,Leeds,Questionable,Muscle Injury,2023-03-11T15:00:00+00:00
A. Lallana,295,Brighton,Missing Fixture,Thigh Injury,2023-03-11T15:00:00+00:00
J. Moder,40911,Brighton,Missing Fixture,Knee Injury,2023-03-11T15:00:00+00:00
T. Lamptey,138815,Brighton,Questionable,Knee Injury,2023-03-11T15:00:00+00:00
R. Bertrand,18936,Leicester,Missing Fixture,Knee Injury,2023-03-11T15:00:00+00:00
J. Justin,19760,Leicester,Missing Fixture,Knee Injury,2023-03-11T15:00:00+00:00
V. Kristiansen,158710,Leicester,Missing Fixture,Ankle Injury,2023-03-11T15:00:00+00:00
Y. Tielemans,2926,Leicester,Missing Fixture,Ankle Injury,2023-03-11T15:00:00+00:00
C. Azpilicueta,2280,Chelsea,Missing Fixture,Head Injury,2023-03-11T15:00:00+00:00
A. Broja,138822,Chelsea,Missing Fixture,Knee Injury,2023-03-11T15:00:00+00:00
R. James,19545,Chelsea,Missing Fixture,Illness,2023-03-11T15:00:00+00:00
N. Kante,2290,Chelsea,Missing Fixture,Hamstring Injury,2023-03-11T15:00:00+00:00
E. Mendy,2986,Chelsea,Missing Fixture,Finger Injury,2023-03-11T15:00:00+00:00
T. Silva,259,Chelsea,Missing Fixture,Knee Injury,2023-03-11T15:00:00+00:00
P. Aubameyang,1465,Chelsea,Questionable,Back Injury,2023-03-11T15:00:00+00:00
M. Mount,19220,Chelsea,Questionable,Muscle Injury,2023-03-11T15:00:00+00:00
R. Sterling,645,Chelsea,Questionable,Thigh Injury,2023-03-11T15:00:00+00:00
R. Bentancur,863,Tottenham,Missing Fixture,Knee Injury,2023-03-11T15:00:00+00:00
Y. Bissouma,18968,Tottenham,Missing Fixture,Ankle Injury,2023-03-11T15:00:00+00:00
H. Lloris,159,Tottenham,Missing Fixture,Knee Injury,2023-03-11T15:00:00+00:00
R. Sessegnon,19032,Tottenham,Missing Fixture,Thigh Injury,2023-03-11T15:00:00+00:00
Emerson Royal,1566,Tottenham,Questionable,Knock,2023-03-11T15:00:00+00:00
T. Awoniyi,8598,Nottingham Forest,Missing Fixture,Lacking Match Fitness,2023-03-11T15:00:00+00:00
G. Biancone,84081,Nottingham Forest,Missing Fixture,Knee Injury,2023-03-11T15:00:00+00:00
W. Boly,18739,Nottingham Forest,Missing Fixture,Thigh Injury,2023-03-11T15:00:00+00:00
D. Henderson,19088,Nottingham Forest,Missing Fixture,Thigh Injury,2023-03-11T15:00:00+00:00
S. McKenna,44811,Nottingham Forest,Missing Fixture,Thigh Injury,2023-03-11T15:00:00+00:00
O. Richards,19610,Nottingham Forest,Missing Fixture,Calf Injury,2023-03-11T15:00:00+00:00
C. Kouyate,2991,Nottingham Forest,Questionable,Muscle Injury,2023-03-11T15:00:00+00:00
C. Doucoure,3339,Crystal Palace,Missing Fixture,Red Card,2023-03-11T17:30:00+00:00
S. Johnstone,19143,Crystal Palace,Missing Fixture,Calf Injury,2023-03-11T17:30:00+00:00
N. Ferguson,127605,Crystal Palace,Questionable,Lacking Match Fitness,2023-03-11T17:30:00+00:00
B. Mendy,623,Manchester City,Missing Fixture,Suspended,2023-03-11T17:30:00+00:00
T. Cairney,19025,Fulham,Missing Fixture,Ankle Injury,2023-03-12T14:00:00+00:00
N. Kebano,19027,Fulham,Missing Fixture,Achilles Tendon Injury,2023-03-12T14:00:00+00:00
L. Kurzawa,263,Fulham,Missing Fixture,Knee Injury,2023-03-12T14:00:00+00:00
J. Palhinha,41104,Fulham,Missing Fixture,Yellow Cards,2023-03-12T14:00:00+00:00
C. Soares,190,Fulham,Missing Fixture,Loan agreement,2023-03-12T14:00:00+00:00
M. Elneny,1452,Arsenal,Missing Fixture,Knock,2023-03-12T14:00:00+00:00
E. Nketiah,1468,Arsenal,Questionable,Injury,2023-03-12T14:00:00+00:00
C. Eriksen,174,Manchester United,Missing Fixture,Ankle Injury,2023-03-12T14:00:00+00:00
M. Greenwood,897,Manchester United,Missing Fixture,Inactive,2023-03-12T14:00:00+00:00
D. van de Beek,547,Manchester United,Missing Fixture,Knee Injury,2023-03-12T14:00:00+00:00
A. Martial,908,Manchester United,Questionable,Muscle Injury,2023-03-12T14:00:00+00:00
M. Sabitzer,1159,Manchester United,Questionable,Knock,2023-03-12T14:00:00+00:00
J. Larios,284264,Southampton,Missing Fixture,Muscle Injury,2023-03-12T14:00:00+00:00
V. Livramento,158694,Southampton,Missing Fixture,Knee Injury,2023-03-12T14:00:00+00:00
V. Coufal,1231,West Ham,Missing Fixture,Heel Injury,2023-03-12T14:00:00+00:00
L. Fabianski,2997,West Ham,Missing Fixture,Eye injury,2023-03-12T14:00:00+00:00
M. Antonio,18819,West Ham,Questionable,Calf Injury,2023-03-12T14:00:00+00:00
Coutinho,147,Aston Villa,Missing Fixture,Thigh Injury,2023-03-12T14:00:00+00:00
B. Kamara,1904,Aston Villa,Missing Fixture,Ankle Injury,2023-03-12T14:00:00+00:00
J. Steer,19174,Aston Villa,Missing Fixture,Muscle Injury,2023-03-12T14:00:00+00:00
L. Dendoncker,2922,Aston Villa,Questionable,Personal Reasons,2023-03-12T14:00:00+00:00
R. Fraser,18873,Newcastle,Missing Fixture,Injury,2023-03-12T16:30:00+00:00
Joelinton,723,Newcastle,Missing Fixture,Yellow Cards,2023-03-12T16:30:00+00:00
E. Krafth,2855,Newcastle,Missing Fixture,Knee Injury,2023-03-12T16:30:00+00:00
H. Bueno,280687,Wolves,Missing Fixture,Muscle Injury,2023-03-12T16:30:00+00:00
Chiquinho,195962,Wolves,Missing Fixture,Knee Injury,2023-03-12T16:30:00+00:00
D. Costa,54,Wolves,Missing Fixture,Knee Injury,2023-03-12T16:30:00+00:00
S. Kalajdzic,7722,Wolves,Missing Fixture,Knee Injury,2023-03-12T16:30:00+00:00
B. Traore,157912,Wolves,Questionable,Injury,2023-03-12T16:30:00+00:00
A. Lallana,295,Brighton,Missing Fixture,Thigh Injury,2023-03-15T19:30:00+00:00
J. Moder,40911,Brighton,Missing Fixture,Knee Injury,2023-03-15T19:30:00+00:00
T. Lamptey,138815,Brighton,Questionable,Knee Injury,2023-03-15T19:30:00+00:00
S. Johnstone,19143,Crystal Palace,Missing Fixture,Calf Injury,2023-03-15T19:30:00+00:00
J. McArthur,18849,Crystal Palace,Missing Fixture,Knock,2023-03-15T19:30:00+00:00
N. Ferguson,127605,Crystal Palace,Questionable,Lacking Match Fitness,2023-03-15T19:30:00+00:00
W. Hughes,18806,Crystal Palace,Questionable,Illness,2023-03-15T19:30:00+00:00
J. Larios,284264,Southampton,Missing Fixture,Muscle Injury,2023-03-15T19:30:00+00:00
V. Livramento,158694,Southampton,Missing Fixture,Knee Injury,2023-03-15T19:30:00+00:00
A. Maitland-Niles,1456,Southampton,Questionable,Knock,2023-03-15T19:30:00+00:00
K. Lewis-Potter,106725,Brentford,Missing Fixture,Knee Injury,2023-03-15T19:30:00+00:00
T. Strakosha,1835,Brentford,Missing Fixture,Thigh Injury,2023-03-15T19:30:00+00:00
M. Roerslev Rasmussen,15745,Brentford,Questionable,Thigh Injury,2023-03-15T19:30:00+00:00
T. Awoniyi,8598,Nottingham Forest,Missing Fixture,Lacking Match Fitness,2023-03-17T20:00:00+00:00
G. Biancone,84081,Nottingham Forest,Missing Fixture,Knee Injury,2023-03-17T20:00:00+00:00
W. Boly,18739,Nottingham Forest,Missing Fixture,Thigh Injury,2023-03-17T20:00:00+00:00
D. Henderson,19088,Nottingham Forest,Missing Fixture,Thigh Injury,2023-03-17T20:00:00+00:00
S. McKenna,44811,Nottingham Forest,Missing Fixture,Thigh Injury,2023-03-17T20:00:00+00:00
O. Richards,19610,Nottingham Forest,Missing Fixture,Calf Injury,2023-03-17T20:00:00+00:00
C. Wood,18931,Nottingham Forest,Missing Fixture,Thigh Injury,2023-03-17T20:00:00+00:00
C. Kouyate,2991,Nottingham Forest,Questionable,Muscle Injury,2023-03-17T20:00:00+00:00
R. Fraser,18873,Newcastle,Missing Fixture,Injury,2023-03-17T20:00:00+00:00
A. Gordon,138787,Newcastle,Missing Fixture,Ankle Injury,2023-03-17T20:00:00+00:00
Joelinton,723,Newcastle,Missing Fixture,Yellow Cards,2023-03-17T20:00:00+00:00
E. Krafth,2855,Newcastle,Missing Fixture,Knee Injury,2023-03-17T20:00:00+00:00
Coutinho,147,Aston Villa,Missing Fixture,Thigh Injury,2023-03-18T15:00:00+00:00
J. Steer,19174,Aston Villa,Missing Fixture,Muscle Injury,2023-03-18T15:00:00+00:00
L. Dendoncker,2922,Aston Villa,Questionable,Personal Reasons,2023-03-18T15:00:00+00:00
B. Kamara,1904,Aston Villa,Questionable,Ankle Injury,2023-03-18T15:00:00+00:00
J. Stanislas,18878,Bournemouth,Missing Fixture,Injury,2023-03-18T15:00:00+00:00
M. Tavernier,19245,Bournemouth,Questionable,Thigh Injury,2023-03-18T15:00:00+00:00
I. Zabarnyi,161671,Bournemouth,Questionable,Ankle Injury,2023-03-18T15:00:00+00:00
K. Ajer,1119,Brentford,Missing Fixture,Calf Injury,2023-03-18T15:00:00+00:00
V. Janelt,25073,Brentford,Missing Fixture,Knee Injury,2023-03-18T15:00:00+00:00
K. Lewis-Potter,106725,Brentford,Missing Fixture,Knee Injury,2023-03-18T15:00:00+00:00
M. Roerslev Rasmussen,15745,Brentford,Questionable,Thigh Injury,2023-03-18T15:00:00+00:00
R. Bertrand,18936,Leicester,Missing Fixture,Knee Injury,2023-03-18T15:00:00+00:00
W. Faes,8694,Leicester,Missing Fixture,Red Card,2023-03-18T15:00:00+00:00
J. Justin,19760,Leicester,Missing Fixture,Knee Injury,2023-03-18T15:00:00+00:00
Y. Tielemans,2926,Leicester,Missing Fixture,Ankle Injury,2023-03-18T15:00:00+00:00
J. Vestergaard,18943,Leicester,Missing Fixture,Coach's decision,2023-03-18T15:00:00+00:00
J. Evans,18772,Leicester,Questionable,Injury,2023-03-18T15:00:00+00:00
V. Kristiansen,158710,Leicester,Questionable,Ankle Injury,2023-03-18T15:00:00+00:00
J. Larios,284264,Southampton,Missing Fixture,Muscle Injury,2023-03-18T15:00:00+00:00
V. Livramento,158694,Southampton,Missing Fixture,Knee Injury,2023-03-18T15:00:00+00:00
R. Bentancur,863,Tottenham,Missing Fixture,Knee Injury,2023-03-18T15:00:00+00:00
Y. Bissouma,18968,Tottenham,Missing Fixture,Ankle Injury,2023-03-18T15:00:00+00:00
H. Lloris,159,Tottenham,Missing Fixture,Knee Injury,2023-03-18T15:00:00+00:00
R. Sessegnon,19032,Tottenham,Missing Fixture,Thigh Injury,2023-03-18T15:00:00+00:00
H. Bueno,280687,Wolves,Missing Fixture,Muscle Injury,2023-03-18T15:00:00+00:00
Chiquinho,195962,Wolves,Missing Fixture,Knee Injury,2023-03-18T15:00:00+00:00
Hwang Hee-Chan,24888,Wolves,Missing Fixture,Injury,2023-03-18T15:00:00+00:00
S. Kalajdzic,7722,Wolves,Missing Fixture,Knee Injury,2023-03-18T15:00:00+00:00
B. Traore,157912,Wolves,Questionable,Injury,2023-03-18T15:00:00+00:00
T. Adams,1150,Leeds,Missing Fixture,Thigh Injury,2023-03-18T15:00:00+00:00
S. Dallas,19126,Leeds,Missing Fixture,Broken Leg,2023-03-18T15:00:00+00:00
A. Forshaw,19127,Leeds,Missing Fixture,Muscle Injury,2023-03-18T15:00:00+00:00
C. Azpilicueta,2280,Chelsea,Missing Fixture,Head Injury,2023-03-18T17:30:00+00:00
A. Broja,138822,Chelsea,Missing Fixture,Knee Injury,2023-03-18T17:30:00+00:00
M. Mount,19220,Chelsea,Missing Fixture,Muscle Injury,2023-03-18T17:30:00+00:00
T. Silva,259,Chelsea,Missing Fixture,Knee Injury,2023-03-18T17:30:00+00:00
P. Aubameyang,1465,Chelsea,Questionable,Back Injury,2023-03-18T17:30:00+00:00
E. Mendy,2986,Chelsea,Questionable,Finger Injury,2023-03-18T17:30:00+00:00
R. Sterling,645,Chelsea,Questionable,Thigh Injury,2023-03-18T17:30:00+00:00
D. Calvert-Lewin,18766,Everton,Missing Fixture,Thigh Injury,2023-03-18T17:30:00+00:00
A. Townsend,18854,Everton,Missing Fixture,Knee Injury,2023-03-18T17:30:00+00:00
N. Patterson,138417,Everton,Questionable,Knee Injury,2023-03-18T17:30:00+00:00
M. Elneny,1452,Arsenal,Missing Fixture,Knock,2023-03-19T14:00:00+00:00
E. Nketiah,1468,Arsenal,Missing Fixture,Injury,2023-03-19T14:00:00+00:00
W. Saliba,22090,Arsenal,Missing Fixture,Back Injury,2023-03-19T14:00:00+00:00
T. Tomiyasu,2597,Arsenal,Missing Fixture,Injury,2023-03-19T14:00:00+00:00
V. Guaita,18835,Crystal Palace,Missing Fixture,Thigh Injury,2023-03-19T14:00:00+00:00
S. Johnstone,19143,Crystal Palace,Missing Fixture,Calf Injury,2023-03-19T14:00:00+00:00
A. S. Lokonga,1427,Crystal Palace,Missing Fixture,Loan agreement,2023-03-19T14:00:00+00:00
N. Ferguson,127605,Crystal Palace,Questionable,Lacking Match Fitness,2023-03-19T14:00:00+00:00
J. McArthur,18849,Crystal Palace,Questionable,Knock,2023-03-19T14:00:00+00:00
P. Foden,631,Manchester City,Missing Fixture,Health problems,2023-04-01T11:30:00+00:00
B. Mendy,623,Manchester City,Missing Fixture,Suspended,2023-04-01T11:30:00+00:00
E. Haaland,1100,Manchester City,Questionable,Groin Injury,2023-04-01T11:30:00+00:00
S. Bajcetic,310187,Liverpool,Missing Fixture,Muscle Injury,2023-04-01T11:30:00+00:00
N. Keita,294,Liverpool,Missing Fixture,Muscle Injury,2023-04-01T11:30:00+00:00
C. Ramsay,135525,Liverpool,Missing Fixture,Knee Injury,2023-04-01T11:30:00+00:00
Thiago,507,Liverpool,Missing Fixture,Muscle Injury,2023-04-01T11:30:00+00:00
L. Diaz,2489,Liverpool,Questionable,Knee Injury,2023-04-01T11:30:00+00:00
M. Elneny,1452,Arsenal,Missing Fixture,Knock,2023-04-01T14:00:00+00:00
E. Nketiah,1468,Arsenal,Missing Fixture,Ankle Injury,2023-04-01T14:00:00+00:00
W. Saliba,22090,Arsenal,Missing Fixture,Back Injury,2023-04-01T14:00:00+00:00
T. Tomiyasu,2597,Arsenal,Missing Fixture,Knee Injury,2023-04-01T14:00:00+00:00
T. Adams,1150,Leeds,Missing Fixture,Thigh Injury,2023-04-01T14:00:00+00:00
S. Dallas,19126,Leeds,Missing Fixture,Broken Leg,2023-04-01T14:00:00+00:00
A. Forshaw,19127,Leeds,Missing Fixture,Muscle Injury,2023-04-01T14:00:00+00:00
W. Gnonto,162128,Leeds,Missing Fixture,Ankle Injury,2023-04-01T14:00:00+00:00
M. Wober,2048,Leeds,Missing Fixture,Muscle Injury,2023-04-01T14:00:00+00:00
J. Stanislas,18878,Bournemouth,Missing Fixture,Injury,2023-04-01T14:00:00+00:00
N. Kebano,19027,Fulham,Missing Fixture,Achilles Tendon Injury,2023-04-01T14:00:00+00:00
L. Kurzawa,263,Fulham,Missing Fixture,Knee Injury,2023-04-01T14:00:00+00:00
A. Mitrovic,2825,Fulham,Missing Fixture,Red Card,2023-04-01T14:00:00+00:00
Willian,2294,Fulham,Missing Fixture,Red Card,2023-04-01T14:00:00+00:00
A. Lallana,295,Brighton,Missing Fixture,Thigh Injury,2023-04-01T14:00:00+00:00
J. Moder,40911,Brighton,Missing Fixture,Knee Injury,2023-04-01T14:00:00+00:00
J. Sarmiento,202086,Brighton,Missing Fixture,Ankle Injury,2023-04-01T14:00:00+00:00
K. Ajer,1119,Brentford,Missing Fixture,Calf Injury,2023-04-01T14:00:00+00:00
S. Baptiste,20110,Brentford,Missing Fixture,Red Card,2023-04-01T14:00:00+00:00
K. Lewis-Potter,106725,Brentford,Missing Fixture,Knee Injury,2023-04-01T14:00:00+00:00
V. Janelt,25073,Brentford,Questionable,Knee Injury,2023-04-01T14:00:00+00:00
N. Ferguson,127605,Crystal Palace,Questionable,Lacking Match Fitness,2023-04-01T14:00:00+00:00
C. Richards,126949,Crystal Palace,Questionable,Injury,2023-04-01T14:00:00+00:00
R. Bertrand,18936,Leicester,Missing Fixture,Knee Injury,2023-04-01T14:00:00+00:00
J. Justin,19760,Leicester,Missing Fixture,Knee Injury,2023-04-01T14:00:00+00:00
Y. Tielemans,2926,Leicester,Missing Fixture,Ankle Injury,2023-04-01T14:00:00+00:00
J. Vestergaard,18943,Leicester,Missing Fixture,Coach's decision,2023-04-01T14:00:00+00:00
J. Evans,18772,Leicester,Questionable,Injury,2023-04-01T14:00:00+00:00
G. Biancone,84081,Nottingham Forest,Missing Fixture,Knee Injury,2023-04-01T14:00:00+00:00
W. Boly,18739,Nottingham Forest,Missing Fixture,Thigh Injury,2023-04-01T14:00:00+00:00
D. Henderson,19088,Nottingham Forest,Missing Fixture,Thigh Injury,2023-04-01T14:00:00+00:00
O. Richards,19610,Nottingham Forest,Missing Fixture,Calf Injury,2023-04-01T14:00:00+00:00
C. Wood,18931,Nottingham Forest,Missing Fixture,Thigh Injury,2023-04-01T14:00:00+00:00
S. Aurier,163,Nottingham Forest,Questionable,Knock,2023-04-01T14:00:00+00:00
S. McKenna,44811,Nottingham Forest,Questionable,Thigh Injury,2023-04-01T14:00:00+00:00
G. Scarpa,9926,Nottingham Forest,Questionable,Knock,2023-04-01T14:00:00+00:00
R. Yates,19305,Nottingham Forest,Questionable,Shoulder Injury,2023-04-01T14:00:00+00:00
Chiquinho,195962,Wolves,Missing Fixture,Knee Injury,2023-04-01T14:00:00+00:00
Jonny,18740,Wolves,Missing Fixture,Red Card,2023-04-01T14:00:00+00:00
S. Kalajdzic,7722,Wolves,Missing Fixture,Knee Injury,2023-04-01T14:00:00+00:00
Hwang Hee-Chan,24888,Wolves,Questionable,Injury,2023-04-01T14:00:00+00:00
C. Azpilicueta,2280,Chelsea,Missing Fixture,Head Injury,2023-04-01T16:30:00+00:00
A. Broja,138822,Chelsea,Missing Fixture,Knee Injury,2023-04-01T16:30:00+00:00
T. Silva,259,Chelsea,Missing Fixture,Knee Injury,2023-04-01T16:30:00+00:00
P. Aubameyang,1465,Chelsea,Questionable,Back Injury,2023-04-01T16:30:00+00:00
W. Fofana,22094,Chelsea,Questionable,Thigh Injury,2023-04-01T16:30:00+00:00
E. Mendy,2986,Chelsea,Questionable,Finger Injury,2023-04-01T16:30:00+00:00
R. Sterling,645,Chelsea,Questionable,Thigh Injury,2023-04-01T16:30:00+00:00
M. Cash,19298,Aston Villa,Missing Fixture,Calf Injury,2023-04-01T16:30:00+00:00
Coutinho,147,Aston Villa,Missing Fixture,Thigh Injury,2023-04-01T16:30:00+00:00
J. Steer,19174,Aston Villa,Missing Fixture,Muscle Injury,2023-04-01T16:30:00+00:00
G. Scamacca,30544,West Ham,Questionable,Knee Injury,2023-04-02T13:00:00+00:00
A. Bella-Kotchap,25061,Southampton,Missing Fixture,Shoulder Injury,2023-04-02T13:00:00+00:00
J. Larios,284264,Southampton,Missing Fixture,Muscle Injury,2023-04-02T13:00:00+00:00
V. Livramento,158694,Southampton,Missing Fixture,Knee Injury,2023-04-02T13:00:00+00:00
C. Adams,19524,Southampton,Questionable,Calf Injury,2023-04-02T13:00:00+00:00
M. Salisu,47480,Southampton,Questionable,Injury,2023-04-02T13:00:00+00:00
M. Almiron,2507,Newcastle,Missing Fixture,Thigh Injury,2023-04-02T15:30:00+00:00
R. Fraser,18873,Newcastle,Missing Fixture,Injury,2023-04-02T15:30:00+00:00
E. Krafth,2855,Newcastle,Missing Fixture,Knee Injury,2023-04-02T15:30:00+00:00
Casemiro,747,Manchester United,Missing Fixture,Red Card,2023-04-02T15:30:00+00:00
A. Garnacho,284324,Manchester United,Missing Fixture,Foot Injury,2023-04-02T15:30:00+00:00
M. Greenwood,897,Manchester United,Missing Fixture,Inactive,2023-04-02T15:30:00+00:00
T. Heaton,2931,Manchester United,Missing Fixture,Ankle Injury,2023-04-02T15:30:00+00:00
D. van de Beek,547,Manchester United,Missing Fixture,Knee Injury,2023-04-02T15:30:00+00:00
C. Eriksen,174,Manchester United,Questionable,Ankle Injury,2023-04-02T15:30:00+00:00
D. Calvert-Lewin,18766,Everton,Missing Fixture,Thigh Injury,2023-04-03T19:00:00+00:00
A. Townsend,18854,Everton,Missing Fixture,Knee Injury,2023-04-03T19:00:00+00:00
R. Bentancur,863,Tottenham,Missing Fixture,Knee Injury,2023-04-03T19:00:00+00:00
Y. Bissouma,18968,Tottenham,Missing Fixture,Ankle Injury,2023-04-03T19:00:00+00:00
B. Davies,164,Tottenham,Missing Fixture,Muscle Injury,2023-04-03T19:00:00+00:00
Emerson Royal,1566,Tottenham,Missing Fixture,Knee Injury,2023-04-03T19:00:00+00:00
R. Sessegnon,19032,Tottenham,Missing Fixture,Thigh Injury,2023-04-03T19:00:00+00:00
Richarlison,2413,Tottenham,Questionable,Health problems,2023-04-03T19:00:00+00:00
R. Fredericks,18815,Bournemouth,Missing Fixture,Calf Injury,2023-04-04T18:45:00+00:00
J. Stanislas,18878,Bournemouth,Missing Fixture,Injury,2023-04-04T18:45:00+00:00
A. Lallana,295,Brighton,Missing Fixture,Thigh Injury,2023-04-04T18:45:00+00:00
J. Moder,40911,Brighton,Missing Fixture,Knee Injury,2023-04-04T18:45:00+00:00
J. Sarmiento,202086,Brighton,Missing Fixture,Ankle Injury,2023-04-04T18:45:00+00:00
T. Lamptey,138815,Brighton,Questionable,Knee Injury,2023-04-04T18:45:00+00:00
T. Adams,1150,Leeds,Missing Fixture,Thigh Injury,2023-04-04T18:45:00+00:00
S. Dallas,19126,Leeds,Missing Fixture,Broken Leg,2023-04-04T18:45:00+00:00
A. Forshaw,19127,Leeds,Missing Fixture,Muscle Injury,2023-04-04T18:45:00+00:00
M. Wober,2048,Leeds,Missing Fixture,Muscle Injury,2023-04-04T18:45:00+00:00
G. Biancone,84081,Nottingham Forest,Missing Fixture,Knee Injury,2023-04-04T18:45:00+00:00
W. Boly,18739,Nottingham Forest,Missing Fixture,Thigh Injury,2023-04-04T18:45:00+00:00
D. Henderson,19088,Nottingham Forest,Missing Fixture,Thigh Injury,2023-04-04T18:45:00+00:00
O. Richards,19610,Nottingham Forest,Missing Fixture,Calf Injury,2023-04-04T18:45:00+00:00
C. Wood,18931,Nottingham Forest,Missing Fixture,Thigh Injury,2023-04-04T18:45:00+00:00
R. Yates,19305,Nottingham Forest,Missing Fixture,Shoulder Injury,2023-04-04T18:45:00+00:00
S. Aurier,163,Nottingham Forest,Questionable,Knock,2023-04-04T18:45:00+00:00
S. McKenna,44811,Nottingham Forest,Questionable,Thigh Injury,2023-04-04T18:45:00+00:00
J. Justin,19760,Leicester,Missing Fixture,Knee Injury,2023-04-04T18:45:00+00:00
Y. Tielemans,2926,Leicester,Missing Fixture,Ankle Injury,2023-04-04T18:45:00+00:00
J. Vestergaard,18943,Leicester,Missing Fixture,Coach's decision,2023-04-04T18:45:00+00:00
R. Bertrand,18936,Leicester,Questionable,Knee Injury,2023-04-04T18:45:00+00:00
J. Evans,18772,Leicester,Questionable,Injury,2023-04-04T18:45:00+00:00
M. Cash,19298,Aston Villa,Missing Fixture,Calf Injury,2023-04-04T18:45:00+00:00
Coutinho,147,Aston Villa,Missing Fixture,Thigh Injury,2023-04-04T18:45:00+00:00
J. Steer,19174,Aston Villa,Missing Fixture,Muscle Injury,2023-04-04T18:45:00+00:00
C. Azpilicueta,2280,Chelsea,Missing Fixture,Head Injury,2023-04-04T19:00:00+00:00
A. Broja,138822,Chelsea,Missing Fixture,Knee Injury,2023-04-04T19:00:00+00:00
T. Silva,259,Chelsea,Missing Fixture,Knee Injury,2023-04-04T19:00:00+00:00
P. Aubameyang,1465,Chelsea,Questionable,Back Injury,2023-04-04T19:00:00+00:00
S. Bajcetic,310187,Liverpool,Missing Fixture,Muscle Injury,2023-04-04T19:00:00+00:00
N. Keita,294,Liverpool,Missing Fixture,Muscle Injury,2023-04-04T19:00:00+00:00
C. Ramsay,135525,Liverpool,Missing Fixture,Knee Injury,2023-04-04T19:00:00+00:00
Thiago,507,Liverpool,Missing Fixture,Muscle Injury,2023-04-04T19:00:00+00:00
L. Diaz,2489,Liverpool,Questionable,Knee Injury,2023-04-04T19:00:00+00:00
Casemiro,747,Manchester United,Missing Fixture,Red Card,2023-04-05T19:00:00+00:00
A. Garnacho,284324,Manchester United,Missing Fixture,Foot Injury,2023-04-05T19:00:00+00:00
M. Greenwood,897,Manchester United,Missing Fixture,Inactive,2023-04-05T19:00:00+00:00
T. Heaton,2931,Manchester United,Missing Fixture,Ankle Injury,2023-04-05T19:00:00+00:00
D. van de Beek,547,Manchester United,Missing Fixture,Knee Injury,2023-04-05T19:00:00+00:00
K. Ajer,1119,Brentford,Missing Fixture,Calf Injury,2023-04-05T19:00:00+00:00
K. Lewis-Potter,106725,Brentford,Missing Fixture,Knee Injury,2023-04-05T19:00:00+00:00
V. Janelt,25073,Brentford,Questionable,Knee Injury,2023-04-05T19:00:00+00:00
F. Onyeka,15799,Brentford,Questionable,Thigh Injury,2023-04-05T19:00:00+00:00
G. Scamacca,30544,West Ham,Missing Fixture,Knee Injury,2023-04-05T19:00:00+00:00
M. Almiron,2507,Newcastle,Missing Fixture,Thigh Injury,2023-04-05T19:00:00+00:00
R. Fraser,18873,Newcastle,Missing Fixture,Injury,2023-04-05T19:00:00+00:00
E. Krafth,2855,Newcastle,Missing Fixture,Knee Injury,2023-04-05T19:00:00+00:00
Casemiro,747,Manchester United,Missing Fixture,Red Card,2023-04-08T11:30:00+00:00
A. Garnacho,284324,Manchester United,Missing Fixture,Foot Injury,2023-04-08T11:30:00+00:00
M. Greenwood,897,Manchester United,Missing Fixture,Inactive,2023-04-08T11:30:00+00:00
T. Heaton,2931,Manchester United,Missing Fixture,Ankle Injury,2023-04-08T11:30:00+00:00
L. Shaw,891,Manchester United,Missing Fixture,Thigh Injury,2023-04-08T11:30:00+00:00
D. van de Beek,547,Manchester United,Missing Fixture,Knee Injury,2023-04-08T11:30:00+00:00
D. Calvert-Lewin,18766,Everton,Missing Fixture,Thigh Injury,2023-04-08T11:30:00+00:00
A. Doucoure,18805,Everton,Missing Fixture,Red Card,2023-04-08T11:30:00+00:00
A. Townsend,18854,Everton,Missing Fixture,Knee Injury,2023-04-08T11:30:00+00:00
R. Vinagre,18745,Everton,Questionable,Calf Injury,2023-04-08T11:30:00+00:00
M. Cash,19298,Aston Villa,Missing Fixture,Calf Injury,2023-04-08T14:00:00+00:00
Coutinho,147,Aston Villa,Missing Fixture,Thigh Injury,2023-04-08T14:00:00+00:00
B. Kamara,1904,Aston Villa,Missing Fixture,Ankle Injury,2023-04-08T14:00:00+00:00
J. Steer,19174,Aston Villa,Missing Fixture,Muscle Injury,2023-04-08T14:00:00+00:00
G. Biancone,84081,Nottingham Forest,Missing Fixture,Knee Injury,2023-04-08T14:00:00+00:00
W. Boly,18739,Nottingham Forest,Missing Fixture,Thigh Injury,2023-04-08T14:00:00+00:00
D. Henderson,19088,Nottingham Forest,Missing Fixture,Thigh Injury,2023-04-08T14:00:00+00:00
O. Richards,19610,Nottingham Forest,Missing Fixture,Calf Injury,2023-04-08T14:00:00+00:00
C. Wood,18931,Nottingham Forest,Missing Fixture,Thigh Injury,2023-04-08T14:00:00+00:00
S. Aurier,163,Nottingham Forest,Questionable,Knock,2023-04-08T14:00:00+00:00
R. Yates,19305,Nottingham Forest,Questionable,Shoulder Injury,2023-04-08T14:00:00+00:00
K. Ajer,1119,Brentford,Missing Fixture,Calf Injury,2023-04-08T14:00:00+00:00
K. Lewis-Potter,106725,Brentford,Missing Fixture,Knee Injury,2023-04-08T14:00:00+00:00
F. Onyeka,15799,Brentford,Questionable,Thigh Injury,2023-04-08T14:00:00+00:00
M. Almiron,2507,Newcastle,Missing Fixture,Thigh Injury,2023-04-08T14:00:00+00:00
R. Fraser,18873,Newcastle,Missing Fixture,Injury,2023-04-08T14:00:00+00:00
E. Krafth,2855,Newcastle,Missing Fixture,Knee Injury,2023-04-08T14:00:00+00:00
N. Kebano,19027,Fulham,Missing Fixture,Achilles Tendon Injury,2023-04-08T14:00:00+00:00
L. Kurzawa,263,Fulham,Missing Fixture,Knee Injury,2023-04-08T14:00:00+00:00
A. Mitrovic,2825,Fulham,Missing Fixture,Red Card,2023-04-08T14:00:00+00:00
G. Scamacca,30544,West Ham,Missing Fixture,Knee Injury,2023-04-08T14:00:00+00:00
K. Dewsbury-Hall,148099,Leicester,Missing Fixture,Red Card,2023-04-08T14:00:00+00:00
J. Justin,19760,Leicester,Missing Fixture,Knee Injury,2023-04-08T14:00:00+00:00
J. Vestergaard,18943,Leicester,Missing Fixture,Coach's decision,2023-04-08T14:00:00+00:00
R. Bertrand,18936,Leicester,Questionable,Knee Injury,2023-04-08T14:00:00+00:00
Y. Tielemans,2926,Leicester,Questionable,Ankle Injury,2023-04-08T14:00:00+00:00
R. Fredericks,18815,Bournemouth,Missing Fixture,Calf Injury,2023-04-08T14:00:00+00:00
J. Stanislas,18878,Bournemouth,Missing Fixture,Injury,2023-04-08T14:00:00+00:00
M. Senesi,6610,Bournemouth,Questionable,Thigh Injury,2023-04-08T14:00:00+00:00
R. Bentancur,863,Tottenham,Missing Fixture,Knee Injury,2023-04-08T14:00:00+00:00
Y. Bissouma,18968,Tottenham,Missing Fixture,Ankle Injury,2023-04-08T14:00:00+00:00
B. Davies,164,Tottenham,Missing Fixture,Muscle Injury,2023-04-08T14:00:00+00:00
Emerson Royal,1566,Tottenham,Missing Fixture,Knee Injury,2023-04-08T14:00:00+00:00
Lucas Moura,178,Tottenham,Missing Fixture,Red Card,2023-04-08T14:00:00+00:00
R. Sessegnon,19032,Tottenham,Missing Fixture,Thigh Injury,2023-04-08T14:00:00+00:00
A. Lallana,295,Brighton,Missing Fixture,Thigh Injury,2023-04-08T14:00:00+00:00
J. Moder,40911,Brighton,Missing Fixture,Knee Injury,2023-04-08T14:00:00+00:00
J. Sarmiento,202086,Brighton,Missing Fixture,Ankle Injury,2023-04-08T14:00:00+00:00
T. Lamptey,138815,Brighton,Questionable,Knee Injury,2023-04-08T14:00:00+00:00
Chiquinho,195962,Wolves,Missing Fixture,Knee Injury,2023-04-08T14:00:00+00:00
Jonny,18740,Wolves,Missing Fixture,Red Card,2023-04-08T14:00:00+00:00
S. Kalajdzic,7722,Wolves,Missing Fixture,Knee Injury,2023-04-08T14:00:00+00:00
R. Neves,2676,Wolves,Missing Fixture,Yellow Cards,2023-04-08T14:00:00+00:00
B. Traore,157912,Wolves,Questionable,Muscle Injury,2023-04-08T14:00:00+00:00
C. Azpilicueta,2280,Chelsea,Missing Fixture,Head Injury,2023-04-08T14:00:00+00:00
A. Broja,138822,Chelsea,Missing Fixture,Knee Injury,2023-04-08T14:00:00+00:00
M. Mount,19220,Chelsea,Missing Fixture,Abdominal strain,2023-04-08T14:00:00+00:00
T. Silva,259,Chelsea,Missing Fixture,Knee Injury,2023-04-08T14:00:00+00:00
J. Larios,284264,Southampton,Missing Fixture,Muscle Injury,2023-04-08T16:30:00+00:00
V. Livramento,158694,Southampton,Missing Fixture,Knee Injury,2023-04-08T16:30:00+00:00
C. Adams,19524,Southampton,Questionable,Calf Injury,2023-04-08T16:30:00+00:00
M. Salisu,47480,Southampton,Questionable,Injury,2023-04-08T16:30:00+00:00
P. Foden,631,Manchester City,Missing Fixture,Health problems,2023-04-08T16:30:00+00:00
B. Mendy,623,Manchester City,Missing Fixture,Suspended,2023-04-08T16:30:00+00:00
T. Adams,1150,Leeds,Missing Fixture,Thigh Injury,2023-04-09T13:00:00+00:00
S. Dallas,19126,Leeds,Missing Fixture,Broken Leg,2023-04-09T13:00:00+00:00
M. Wober,2048,Leeds,Missing Fixture,Muscle Injury,2023-04-09T13:00:00+00:00
V. Guaita,18835,Crystal Palace,Missing Fixture,Calf Injury,2023-04-09T13:00:00+00:00
W. Zaha,3247,Crystal Palace,Missing Fixture,Injury,2023-04-09T13:00:00+00:00
N. Ferguson,127605,Crystal Palace,Questionable,Lacking Match Fitness,2023-04-09T13:00:00+00:00
C. Richards,126949,Crystal Palace,Questionable,Injury,2023-04-09T13:00:00+00:00
S. Bajcetic,310187,Liverpool,Missing Fixture,Muscle Injury,2023-04-09T15:30:00+00:00
N. Keita,294,Liverpool,Missing Fixture,Muscle Injury,2023-04-09T15:30:00+00:00
C. Ramsay,135525,Liverpool,Missing Fixture,Knee Injury,2023-04-09T15:30:00+00:00
L. Diaz,2489,Liverpool,Questionable,Knee Injury,2023-04-09T15:30:00+00:00
M. Elneny,1452,Arsenal,Missing Fixture,Knock,2023-04-09T15:30:00+00:00
E. Nketiah,1468,Arsenal,Missing Fixture,Ankle Injury,2023-04-09T15:30:00+00:00
T. Tomiyasu,2597,Arsenal,Missing Fixture,Knee Injury,2023-04-09T15:30:00+00:00
W. Saliba,22090,Arsenal,Questionable,Back Injury,2023-04-09T15:30:00+00:00
L. Bailey,983,Aston Villa,Missing Fixture,Thigh Injury,2023-04-15T11:30:00+00:00
M. Cash,19298,Aston Villa,Missing Fixture,Calf Injury,2023-04-15T11:30:00+00:00
Coutinho,147,Aston Villa,Missing Fixture,Thigh Injury,2023-04-15T11:30:00+00:00
B. Kamara,1904,Aston Villa,Missing Fixture,Ankle Injury,2023-04-15T11:30:00+00:00
J. Steer,19174,Aston Villa,Missing Fixture,Muscle Injury,2023-04-15T11:30:00+00:00
R. Fraser,18873,Newcastle,Missing Fixture,Injury,2023-04-15T11:30:00+00:00
E. Krafth,2855,Newcastle,Missing Fixture,Knee Injury,2023-04-15T11:30:00+00:00
A. Saint-Maximin,22173,Newcastle,Missing Fixture,Thigh Injury,2023-04-15T11:30:00+00:00
A. Broja,138822,Chelsea,Missing Fixture,Knee Injury,2023-04-15T14:00:00+00:00
C. Chukwuemeka,138935,Chelsea,Missing Fixture,Muscle Injury,2023-04-15T14:00:00+00:00
K. Koulibaly,318,Chelsea,Missing Fixture,Injury,2023-04-15T14:00:00+00:00
L. Colwill,152953,Brighton,Missing Fixture,Loan agreement,2023-04-15T14:00:00+00:00
A. Lallana,295,Brighton,Missing Fixture,Thigh Injury,2023-04-15T14:00:00+00:00
T. Lamptey,138815,Brighton,Missing Fixture,Knee Injury,2023-04-15T14:00:00+00:00
J. Moder,40911,Brighton,Missing Fixture,Knee Injury,2023-04-15T14:00:00+00:00
J. Sarmiento,202086,Brighton,Missing Fixture,Ankle Injury,2023-04-15T14:00:00+00:00
S. Coleman,18758,Everton,Missing Fixture,Thigh Injury,2023-04-15T14:00:00+00:00
A. Doucoure,18805,Everton,Missing Fixture,Red Card,2023-04-15T14:00:00+00:00
A. Townsend,18854,Everton,Missing Fixture,Knee Injury,2023-04-15T14:00:00+00:00
D. Calvert-Lewin,18766,Everton,Questionable,Thigh Injury,2023-04-15T14:00:00+00:00
R. Vinagre,18745,Everton,Questionable,Calf Injury,2023-04-15T14:00:00+00:00
N. Kebano,19027,Fulham,Missing Fixture,Achilles Tendon Injury,2023-04-15T14:00:00+00:00
L. Kurzawa,263,Fulham,Missing Fixture,Knee Injury,2023-04-15T14:00:00+00:00
A. Mitrovic,2825,Fulham,Missing Fixture,Red Card,2023-04-15T14:00:00+00:00
J. Larios,284264,Southampton,Missing Fixture,Muscle Injury,2023-04-15T14:00:00+00:00
M. Orsic,1330,Southampton,Missing Fixture,Hip Injury,2023-04-15T14:00:00+00:00
M. Salisu,47480,Southampton,Missing Fixture,Muscle Injury,2023-04-15T14:00:00+00:00
C. Adams,19524,Southampton,Questionable,Calf Injury,2023-04-15T14:00:00+00:00
N. Clyne,18862,Crystal Palace,Missing Fixture,Knee Injury,2023-04-15T14:00:00+00:00
V. Guaita,18835,Crystal Palace,Missing Fixture,Calf Injury,2023-04-15T14:00:00+00:00
W. Zaha,3247,Crystal Palace,Missing Fixture,Injury,2023-04-15T14:00:00+00:00
N. Ferguson,127605,Crystal Palace,Questionable,Lacking Match Fitness,2023-04-15T14:00:00+00:00
R. Bentancur,863,Tottenham,Missing Fixture,Knee Injury,2023-04-15T14:00:00+00:00
Y. Bissouma,18968,Tottenham,Missing Fixture,Ankle Injury,2023-04-15T14:00:00+00:00
B. Davies,164,Tottenham,Missing Fixture,Muscle Injury,2023-04-15T14:00:00+00:00
Emerson Royal,1566,Tottenham,Missing Fixture,Knee Injury,2023-04-15T14:00:00+00:00
Lucas Moura,178,Tottenham,Missing Fixture,Red Card,2023-04-15T14:00:00+00:00
R. Sessegnon,19032,Tottenham,Missing Fixture,Thigh Injury,2023-04-15T14:00:00+00:00
R. Fredericks,18815,Bournemouth,Missing Fixture,Calf Injury,2023-04-15T14:00:00+00:00
J. Stanislas,18878,Bournemouth,Missing Fixture,Injury,2023-04-15T14:00:00+00:00
H. J. Traore,31057,Bournemouth,Questionable,Ankle Injury,2023-04-15T14:00:00+00:00
Chiquinho,195962,Wolves,Missing Fixture,Knee Injury,2023-04-15T14:00:00+00:00
Jonny,18740,Wolves,Missing Fixture,Red Card,2023-04-15T14:00:00+00:00
S. Kalajdzic,7722,Wolves,Missing Fixture,Knee Injury,2023-04-15T14:00:00+00:00
R. Neves,2676,Wolves,Missing Fixture,Yellow Cards,2023-04-15T14:00:00+00:00
B. Traore,157912,Wolves,Questionable,Muscle Injury,2023-04-15T14:00:00+00:00
K. Ajer,1119,Brentford,Missing Fixture,Calf Injury,2023-04-15T14:00:00+00:00
P. Jansson,19124,Brentford,Missing Fixture,Thigh Injury,2023-04-15T14:00:00+00:00
K. Lewis-Potter,106725,Brentford,Missing Fixture,Knee Injury,2023-04-15T14:00:00+00:00
P. Foden,631,Manchester City,Missing Fixture,Health problems,2023-04-15T16:30:00+00:00
B. Mendy,623,Manchester City,Missing Fixture,Suspended,2023-04-15T16:30:00+00:00
J. Justin,19760,Leicester,Missing Fixture,Knee Injury,2023-04-15T16:30:00+00:00
R. Pereira,18771,Leicester,Missing Fixture,Thigh Injury,2023-04-15T16:30:00+00:00
H. Barnes,18778,Leicester,Questionable,Thigh Injury,2023-04-15T16:30:00+00:00
R. Bertrand,18936,Leicester,Questionable,Knee Injury,2023-04-15T16:30:00+00:00
G. Scamacca,30544,West Ham,Missing Fixture,Knee Injury,2023-04-16T13:00:00+00:00
M. Elneny,1452,Arsenal,Missing Fixture,Knock,2023-04-16T13:00:00+00:00
W. Saliba,22090,Arsenal,Missing Fixture,Back Injury,2023-04-16T13:00:00+00:00
T. Tomiyasu,2597,Arsenal,Missing Fixture,Knee Injury,2023-04-16T13:00:00+00:00
O. Zinchenko,641,Arsenal,Missing Fixture,Groin Injury,2023-04-16T13:00:00+00:00
G. Biancone,84081,Nottingham Forest,Missing Fixture,Knee Injury,2023-04-16T15:30:00+00:00
W. Boly,18739,Nottingham Forest,Missing Fixture,Thigh Injury,2023-04-16T15:30:00+00:00
D. Henderson,19088,Nottingham Forest,Missing Fixture,Thigh Injury,2023-04-16T15:30:00+00:00
C. Kouyate,2991,Nottingham Forest,Missing Fixture,Thigh Injury,2023-04-16T15:30:00+00:00
O. Richards,19610,Nottingham Forest,Missing Fixture,Calf Injury,2023-04-16T15:30:00+00:00
C. Wood,18931,Nottingham Forest,Missing Fixture,Thigh Injury,2023-04-16T15:30:00+00:00
S. Aurier,163,Nottingham Forest,Questionable,Knock,2023-04-16T15:30:00+00:00
G. Scarpa,9926,Nottingham Forest,Questionable,Knee Injury,2023-04-16T15:30:00+00:00
R. Yates,19305,Nottingham Forest,Questionable,Shoulder Injury,2023-04-16T15:30:00+00:00
A. Garnacho,284324,Manchester United,Missing Fixture,Foot Injury,2023-04-16T15:30:00+00:00
M. Greenwood,897,Manchester United,Missing Fixture,Inactive,2023-04-16T15:30:00+00:00
T. Heaton,2931,Manchester United,Missing Fixture,Ankle Injury,2023-04-16T15:30:00+00:00
L. Martinez,2467,Manchester United,Missing Fixture,Leg Injury,2023-04-16T15:30:00+00:00
M. Rashford,909,Manchester United,Missing Fixture,Muscle Injury,2023-04-16T15:30:00+00:00
R. Varane,742,Manchester United,Missing Fixture,Muscle Injury,2023-04-16T15:30:00+00:00
D. van de Beek,547,Manchester United,Missing Fixture,Knee Injury,2023-04-16T15:30:00+00:00
S. McTominay,903,Manchester United,Questionable,Health problems,2023-04-16T15:30:00+00:00
L. Shaw,891,Manchester United,Questionable,Thigh Injury,2023-04-16T15:30:00+00:00
T. Adams,1150,Leeds,Missing Fixture,Thigh Injury,2023-04-17T19:00:00+00:00
S. Dallas,19126,Leeds,Missing Fixture,Broken Leg,2023-04-17T19:00:00+00:00
S. Bajcetic,310187,Liverpool,Missing Fixture,Muscle Injury,2023-04-17T19:00:00+00:00
N. Keita,294,Liverpool,Missing Fixture,Muscle Injury,2023-04-17T19:00:00+00:00
C. Ramsay,135525,Liverpool,Missing Fixture,Knee Injury,2023-04-17T19:00:00+00:00
M. Elneny,1452,Arsenal,Missing Fixture,Knock,2023-04-21T19:00:00+00:00
W. Saliba,22090,Arsenal,Missing Fixture,Back Injury,2023-04-21T19:00:00+00:00
T. Tomiyasu,2597,Arsenal,Missing Fixture,Knee Injury,2023-04-21T19:00:00+00:00
G. Xhaka,1464,Arsenal,Missing Fixture,Illness,2023-04-21T19:00:00+00:00
J. Larios,284264,Southampton,Missing Fixture,Muscle Injury,2023-04-21T19:00:00+00:00
A. Maitland-Niles,1456,Southampton,Missing Fixture,Loan agreement,2023-04-21T19:00:00+00:00
M. Salisu,47480,Southampton,Missing Fixture,Muscle Injury,2023-04-21T19:00:00+00:00
C. Adams,19524,Southampton,Questionable,Calf Injury,2023-04-21T19:00:00+00:00
V. Livramento,158694,Southampton,Questionable,Lacking Match Fitness,2023-04-21T19:00:00+00:00
D. James,19329,Fulham,Missing Fixture,Loan agreement,2023-04-22T11:30:00+00:00
L. Kurzawa,263,Fulham,Missing Fixture,Knee Injury,2023-04-22T11:30:00+00:00
A. Mitrovic,2825,Fulham,Missing Fixture,Red Card,2023-04-22T11:30:00+00:00
T. Adams,1150,Leeds,Missing Fixture,Thigh Injury,2023-04-22T11:30:00+00:00
S. Dallas,19126,Leeds,Missing Fixture,Broken Leg,2023-04-22T11:30:00+00:00
K. Ajer,1119,Brentford,Missing Fixture,Calf Injury,2023-04-22T14:00:00+00:00
P. Jansson,19124,Brentford,Missing Fixture,Thigh Injury,2023-04-22T14:00:00+00:00
K. Lewis-Potter,106725,Brentford,Missing Fixture,Knee Injury,2023-04-22T14:00:00+00:00
J. Steer,19174,Aston Villa,Missing Fixture,Muscle Injury,2023-04-22T14:00:00+00:00
L. Bailey,983,Aston Villa,Questionable,Thigh Injury,2023-04-22T14:00:00+00:00
M. Cash,19298,Aston Villa,Questionable,Calf Injury,2023-04-22T14:00:00+00:00
Coutinho,147,Aston Villa,Questionable,Thigh Injury,2023-04-22T14:00:00+00:00
B. Kamara,1904,Aston Villa,Questionable,Ankle Injury,2023-04-22T14:00:00+00:00
N. Clyne,18862,Crystal Palace,Questionable,Knee Injury,2023-04-22T14:00:00+00:00
N. Ferguson,127605,Crystal Palace,Questionable,Lacking Match Fitness,2023-04-22T14:00:00+00:00
W. Zaha,3247,Crystal Palace,Questionable,Injury,2023-04-22T14:00:00+00:00
S. Coleman,18758,Everton,Missing Fixture,Thigh Injury,2023-04-22T14:00:00+00:00
A. Doucoure,18805,Everton,Missing Fixture,Red Card,2023-04-22T14:00:00+00:00
A. Townsend,18854,Everton,Missing Fixture,Knee Injury,2023-04-22T14:00:00+00:00
A. Onana,162714,Everton,Questionable,Muscle Injury,2023-04-22T14:00:00+00:00
R. Vinagre,18745,Everton,Questionable,Calf Injury,2023-04-22T14:00:00+00:00
J. Justin,19760,Leicester,Missing Fixture,Knee Injury,2023-04-22T14:00:00+00:00
R. Pereira,18771,Leicester,Missing Fixture,Thigh Injury,2023-04-22T14:00:00+00:00
J. Vestergaard,18943,Leicester,Missing Fixture,Calf Injury,2023-04-22T14:00:00+00:00
H. Barnes,18778,Leicester,Questionable,Thigh Injury,2023-04-22T14:00:00+00:00
R. Bertrand,18936,Leicester,Questionable,Lacking Match Fitness,2023-04-22T14:00:00+00:00
J. Evans,18772,Leicester,Questionable,Illness,2023-04-22T14:00:00+00:00
Chiquinho,195962,Wolves,Missing Fixture,Knee Injury,2023-04-22T14:00:00+00:00
S. Kalajdzic,7722,Wolves,Missing Fixture,Knee Injury,2023-04-22T14:00:00+00:00
B. Traore,157912,Wolves,Questionable,Muscle Injury,2023-04-22T14:00:00+00:00
S. Bajcetic,310187,Liverpool,Missing Fixture,Muscle Injury,2023-04-22T14:00:00+00:00
R. Firmino,302,Liverpool,Missing Fixture,Muscle Injury,2023-04-22T14:00:00+00:00
N. Keita,294,Liverpool,Missing Fixture,Muscle Injury,2023-04-22T14:00:00+00:00
C. Ramsay,135525,Liverpool,Missing Fixture,Knee Injury,2023-04-22T14:00:00+00:00
S. Aurier,163,Nottingham Forest,Missing Fixture,Knock,2023-04-22T14:00:00+00:00
G. Biancone,84081,Nottingham Forest,Missing Fixture,Knee Injury,2023-04-22T14:00:00+00:00
W. Boly,18739,Nottingham Forest,Missing Fixture,Thigh Injury,2023-04-22T14:00:00+00:00
D. Henderson,19088,Nottingham Forest,Missing Fixture,Thigh Injury,2023-04-22T14:00:00+00:00
C. Kouyate,2991,Nottingham Forest,Missing Fixture,Thigh Injury,2023-04-22T14:00:00+00:00
O. Richards,19610,Nottingham Forest,Missing Fixture,Calf Injury,2023-04-22T14:00:00+00:00
C. Wood,18931,Nottingham Forest,Missing Fixture,Thigh Injury,2023-04-22T14:00:00+00:00
R. Yates,19305,Nottingham Forest,Missing Fixture,Shoulder Injury,2023-04-22T14:00:00+00:00
J. Colback,19299,Nottingham Forest,Questionable,Head Injury,2023-04-22T14:00:00+00:00
G. Scarpa,9926,Nottingham Forest,Questionable,Knee Injury,2023-04-22T14:00:00+00:00
R. Fredericks,18815,Bournemouth,Missing Fixture,Calf Injury,2023-04-23T13:00:00+00:00
J. Stanislas,18878,Bournemouth,Missing Fixture,Injury,2023-04-23T13:00:00+00:00
H. J. Traore,31057,Bournemouth,Questionable,Ankle Injury,2023-04-23T13:00:00+00:00
G. Scamacca,30544,West Ham,Missing Fixture,Knee Injury,2023-04-23T13:00:00+00:00
R. Fraser,18873,Newcastle,Missing Fixture,Lacking Match Fitness,2023-04-23T13:00:00+00:00
E. Krafth,2855,Newcastle,Missing Fixture,Knee Injury,2023-04-23T13:00:00+00:00
A. Saint-Maximin,22173,Newcastle,Missing Fixture,Thigh Injury,2023-04-23T13:00:00+00:00
R. Bentancur,863,Tottenham,Missing Fixture,Knee Injury,2023-04-23T13:00:00+00:00
Y. Bissouma,18968,Tottenham,Missing Fixture,Ankle Injury,2023-04-23T13:00:00+00:00
Emerson Royal,1566,Tottenham,Missing Fixture,Knee Injury,2023-04-23T13:00:00+00:00
Lucas Moura,178,Tottenham,Missing Fixture,Red Card,2023-04-23T13:00:00+00:00
R. Sessegnon,19032,Tottenham,Missing Fixture,Thigh Injury,2023-04-23T13:00:00+00:00
Chiquinho,195962,Wolves,Missing Fixture,Knee Injury,2023-04-25T18:30:00+00:00
S. Kalajdzic,7722,Wolves,Missing Fixture,Knee Injury,2023-04-25T18:30:00+00:00
B. Traore,157912,Wolves,Questionable,Muscle Injury,2023-04-25T18:30:00+00:00
N. Ferguson,127605,Crystal Palace,Missing Fixture,Lacking Match Fitness,2023-04-25T18:30:00+00:00
N. Clyne,18862,Crystal Palace,Questionable,Knee Injury,2023-04-25T18:30:00+00:00
W. Zaha,3247,Crystal Palace,Questionable,Injury,2023-04-25T18:30:00+00:00
L. Bailey,983,Aston Villa,Missing Fixture,Thigh Injury,2023-04-25T18:45:00+00:00
M. Cash,19298,Aston Villa,Missing Fixture,Calf Injury,2023-04-25T18:45:00+00:00
Coutinho,147,Aston Villa,Missing Fixture,Thigh Injury,2023-04-25T18:45:00+00:00
B. Kamara,1904,Aston Villa,Missing Fixture,Ankle Injury,2023-04-25T18:45:00+00:00
J. Steer,19174,Aston Villa,Missing Fixture,Muscle Injury,2023-04-25T18:45:00+00:00
L. Kurzawa,263,Fulham,Missing Fixture,Knee Injury,2023-04-25T18:45:00+00:00
A. Mitrovic,2825,Fulham,Missing Fixture,Red Card,2023-04-25T18:45:00+00:00
Willian,2294,Fulham,Missing Fixture,Injury,2023-04-25T18:45:00+00:00
T. Adams,1150,Leeds,Missing Fixture,Thigh Injury,2023-04-25T19:00:00+00:00
S. Dallas,19126,Leeds,Missing Fixture,Broken Leg,2023-04-25T19:00:00+00:00
J. Justin,19760,Leicester,Missing Fixture,Knee Injury,2023-04-25T19:00:00+00:00
R. Pereira,18771,Leicester,Missing Fixture,Thigh Injury,2023-04-25T19:00:00+00:00
J. Vestergaard,18943,Leicester,Missing Fixture,Calf Injury,2023-04-25T19:00:00+00:00
R. Bertrand,18936,Leicester,Questionable,Lacking Match Fitness,2023-04-25T19:00:00+00:00
J. Evans,18772,Leicester,Questionable,Illness,2023-04-25T19:00:00+00:00
G. Biancone,84081,Nottingham Forest,Missing Fixture,Knee Injury,2023-04-26T18:30:00+00:00
W. Boly,18739,Nottingham Forest,Missing Fixture,Thigh Injury,2023-04-26T18:30:00+00:00
D. Henderson,19088,Nottingham Forest,Missing Fixture,Thigh Injury,2023-04-26T18:30:00+00:00
S. McKenna,44811,Nottingham Forest,Missing Fixture,Shoulder Injury,2023-04-26T18:30:00+00:00
O. Richards,19610,Nottingham Forest,Missing Fixture,Calf Injury,2023-04-26T18:30:00+00:00
C. Wood,18931,Nottingham Forest,Missing Fixture,Thigh Injury,2023-04-26T18:30:00+00:00
R. Yates,19305,Nottingham Forest,Missing Fixture,Shoulder Injury,2023-04-26T18:30:00+00:00
J. Colback,19299,Nottingham Forest,Questionable,Head Injury,2023-04-26T18:30:00+00:00
G. Scarpa,9926,Nottingham Forest,Questionable,Knee Injury,2023-04-26T18:30:00+00:00
J. Shelvey,18904,Nottingham Forest,Questionable,Coach's decision,2023-04-26T18:30:00+00:00
A. Lallana,295,Brighton,Missing Fixture,Thigh Injury,2023-04-26T18:30:00+00:00
T. Lamptey,138815,Brighton,Missing Fixture,Knee Injury,2023-04-26T18:30:00+00:00
J. Sarmiento,202086,Brighton,Missing Fixture,Ankle Injury,2023-04-26T18:30:00+00:00
E. Ferguson,129643,Brighton,Questionable,Ankle Injury,2023-04-26T18:30:00+00:00
A. Broja,138822,Chelsea,Missing Fixture,Knee Injury,2023-04-26T18:45:00+00:00
R. James,19545,Chelsea,Missing Fixture,Hamstring Injury,2023-04-26T18:45:00+00:00
K. Koulibaly,318,Chelsea,Missing Fixture,Thigh Injury,2023-04-26T18:45:00+00:00
M. Mount,19220,Chelsea,Missing Fixture,Pelvis Injury,2023-04-26T18:45:00+00:00
K. Havertz,978,Chelsea,Questionable,Knee Injury,2023-04-26T18:45:00+00:00
P. Jansson,19124,Brentford,Missing Fixture,Thigh Injury,2023-04-26T18:45:00+00:00
K. Lewis-Potter,106725,Brentford,Missing Fixture,Knee Injury,2023-04-26T18:45:00+00:00
C. Norgaard,30407,Brentford,Missing Fixture,Knock,2023-04-26T18:45:00+00:00
T. Strakosha,1835,Brentford,Missing Fixture,Calf Injury,2023-04-26T18:45:00+00:00
K. Ajer,1119,Brentford,Questionable,Calf Injury,2023-04-26T18:45:00+00:00
G. Scamacca,30544,West Ham,Missing Fixture,Knee Injury,2023-04-26T18:45:00+00:00
S. Bajcetic,310187,Liverpool,Missing Fixture,Muscle Injury,2023-04-26T18:45:00+00:00
R. Firmino,302,Liverpool,Missing Fixture,Muscle Injury,2023-04-26T18:45:00+00:00
N. Keita,294,Liverpool,Missing Fixture,Muscle Injury,2023-04-26T18:45:00+00:00
C. Ramsay,135525,Liverpool,Missing Fixture,Knee Injury,2023-04-26T18:45:00+00:00
I. Konate,1145,Liverpool,Questionable,Injury,2023-04-26T18:45:00+00:00
N. Ake,18861,Manchester City,Missing Fixture,Hamstring Injury,2023-04-26T19:00:00+00:00
B. Mendy,623,Manchester City,Missing Fixture,Suspended,2023-04-26T19:00:00+00:00
M. Elneny,1452,Arsenal,Missing Fixture,Knock,2023-04-26T19:00:00+00:00
W. Saliba,22090,Arsenal,Missing Fixture,Back Injury,2023-04-26T19:00:00+00:00
T. Tomiyasu,2597,Arsenal,Missing Fixture,Knee Injury,2023-04-26T19:00:00+00:00
M. Holgate,19150,Everton,Missing Fixture,Red Card,2023-04-27T18:45:00+00:00
A. Townsend,18854,Everton,Missing Fixture,Knee Injury,2023-04-27T18:45:00+00:00
R. Vinagre,18745,Everton,Missing Fixture,Calf Injury,2023-04-27T18:45:00+00:00
S. Coleman,18758,Everton,Questionable,Thigh Injury,2023-04-27T18:45:00+00:00
R. Fraser,18873,Newcastle,Missing Fixture,Lacking Match Fitness,2023-04-27T18:45:00+00:00
E. Krafth,2855,Newcastle,Missing Fixture,Knee Injury,2023-04-27T18:45:00+00:00
A. Saint-Maximin,22173,Newcastle,Questionable,Thigh Injury,2023-04-27T18:45:00+00:00
J. Larios,284264,Southampton,Missing Fixture,Muscle Injury,2023-04-27T18:45:00+00:00
M. Salisu,47480,Southampton,Missing Fixture,Muscle Injury,2023-04-27T18:45:00+00:00
V. Livramento,158694,Southampton,Questionable,Lacking Match Fitness,2023-04-27T18:45:00+00:00
R. Fredericks,18815,Bournemouth,Missing Fixture,Calf Injury,2023-04-27T18:45:00+00:00
J. Stanislas,18878,Bournemouth,Missing Fixture,Injury,2023-04-27T18:45:00+00:00
J. Stephens,18940,Bournemouth,Missing Fixture,Loan agreement,2023-04-27T18:45:00+00:00
H. J. Traore,31057,Bournemouth,Questionable,Ankle Injury,2023-04-27T18:45:00+00:00
R. Bentancur,863,Tottenham,Missing Fixture,Knee Injury,2023-04-27T19:15:00+00:00
Y. Bissouma,18968,Tottenham,Missing Fixture,Ankle Injury,2023-04-27T19:15:00+00:00
Emerson Royal,1566,Tottenham,Missing Fixture,Knee Injury,2023-04-27T19:15:00+00:00
R. Sessegnon,19032,Tottenham,Missing Fixture,Thigh Injury,2023-04-27T19:15:00+00:00
H. Lloris,159,Tottenham,Questionable,Muscle Injury,2023-04-27T19:15:00+00:00
A. Garnacho,284324,Manchester United,Missing Fixture,Ankle Injury,2023-04-27T19:15:00+00:00
M. Greenwood,897,Manchester United,Missing Fixture,Inactive,2023-04-27T19:15:00+00:00
T. Heaton,2931,Manchester United,Missing Fixture,Ankle Injury,2023-04-27T19:15:00+00:00
P. Jones,888,Manchester United,Missing Fixture,Knee Injury,2023-04-27T19:15:00+00:00
L. Martinez,2467,Manchester United,Missing Fixture,Leg Injury,2023-04-27T19:15:00+00:00
R. Varane,742,Manchester United,Missing Fixture,Muscle Injury,2023-04-27T19:15:00+00:00
D. van de Beek,547,Manchester United,Missing Fixture,Knee Injury,2023-04-27T19:15:00+00:00
S. McTominay,903,Manchester United,Questionable,Health problems,2023-04-27T19:15:00+00:00
N. Ferguson,127605,Crystal Palace,Missing Fixture,Lacking Match Fitness,2023-04-29T11:30:00+00:00
N. Clyne,18862,Crystal Palace,Questionable,Knee Injury,2023-04-29T11:30:00+00:00
G. Scamacca,30544,West Ham,Missing Fixture,Knee Injury,2023-04-29T11:30:00+00:00
P. Jansson,19124,Brentford,Missing Fixture,Thigh Injury,2023-04-29T14:00:00+00:00
K. Lewis-Potter,106725,Brentford,Missing Fixture,Knee Injury,2023-04-29T14:00:00+00:00
C. Norgaard,30407,Brentford,Missing Fixture,Knock,2023-04-29T14:00:00+00:00
T. Strakosha,1835,Brentford,Missing Fixture,Calf Injury,2023-04-29T14:00:00+00:00
K. Ajer,1119,Brentford,Questionable,Calf Injury,2023-04-29T14:00:00+00:00
G. Biancone,84081,Nottingham Forest,Missing Fixture,Knee Injury,2023-04-29T14:00:00+00:00
W. Boly,18739,Nottingham Forest,Missing Fixture,Thigh Injury,2023-04-29T14:00:00+00:00
D. Henderson,19088,Nottingham Forest,Missing Fixture,Thigh Injury,2023-04-29T14:00:00+00:00
S. McKenna,44811,Nottingham Forest,Missing Fixture,Shoulder Injury,2023-04-29T14:00:00+00:00
O. Richards,19610,Nottingham Forest,Missing Fixture,Calf Injury,2023-04-29T14:00:00+00:00
N. Williams,138780,Nottingham Forest,Missing Fixture,Concussion,2023-04-29T14:00:00+00:00
C. Wood,18931,Nottingham Forest,Missing Fixture,Thigh Injury,2023-04-29T14:00:00+00:00
J. Colback,19299,Nottingham Forest,Questionable,Head Injury,2023-04-29T14:00:00+00:00
G. Scarpa,9926,Nottingham Forest,Questionable,Knee Injury,2023-04-29T14:00:00+00:00
A. Lallana,295,Brighton,Missing Fixture,Thigh Injury,2023-04-29T14:00:00+00:00
T. Lamptey,138815,Brighton,Missing Fixture,Knee Injury,2023-04-29T14:00:00+00:00
J. Sarmiento,202086,Brighton,Missing Fixture,Ankle Injury,2023-04-29T14:00:00+00:00
E. Ferguson,129643,Brighton,Questionable,Ankle Injury,2023-04-29T14:00:00+00:00
Chiquinho,195962,Wolves,Missing Fixture,Knee Injury,2023-04-29T14:00:00+00:00
S. Kalajdzic,7722,Wolves,Missing Fixture,Knee Injury,2023-04-29T14:00:00+00:00
B. Traore,157912,Wolves,Questionable,Muscle Injury,2023-04-29T14:00:00+00:00
R. Fredericks,18815,Bournemouth,Missing Fixture,Calf Injury,2023-04-30T13:00:00+00:00
J. Stanislas,18878,Bournemouth,Missing Fixture,Injury,2023-04-30T13:00:00+00:00
M. Tavernier,19245,Bournemouth,Missing Fixture,Thigh Injury,2023-04-30T13:00:00+00:00
H. J. Traore,31057,Bournemouth,Questionable,Ankle Injury,2023-04-30T13:00:00+00:00
T. Adams,1150,Leeds,Missing Fixture,Thigh Injury,2023-04-30T13:00:00+00:00
S. Dallas,19126,Leeds,Missing Fixture,Broken Leg,2023-04-30T13:00:00+00:00
L. Sinisterra,37161,Leeds,Missing Fixture,Thigh Injury,2023-04-30T13:00:00+00:00
L. Kurzawa,263,Fulham,Missing Fixture,Knee Injury,2023-04-30T13:00:00+00:00
A. Mitrovic,2825,Fulham,Missing Fixture,Red Card,2023-04-30T13:00:00+00:00
Willian,2294,Fulham,Questionable,Injury,2023-04-30T13:00:00+00:00
N. Ake,18861,Manchester City,Missing Fixture,Hamstring Injury,2023-04-30T13:00:00+00:00
K. De Bruyne,629,Manchester City,Missing Fixture,Injury,2023-04-30T13:00:00+00:00
B. Mendy,623,Manchester City,Missing Fixture,Suspended,2023-04-30T13:00:00+00:00
A. Garnacho,284324,Manchester United,Missing Fixture,Ankle Injury,2023-04-30T13:00:00+00:00
M. Greenwood,897,Manchester United,Missing Fixture,Inactive,2023-04-30T13:00:00+00:00
T. Heaton,2931,Manchester United,Missing Fixture,Ankle Injury,2023-04-30T13:00:00+00:00
P. Jones,888,Manchester United,Missing Fixture,Knee Injury,2023-04-30T13:00:00+00:00
L. Martinez,2467,Manchester United,Missing Fixture,Leg Injury,2023-04-30T13:00:00+00:00
R. Varane,742,Manchester United,Missing Fixture,Muscle Injury,2023-04-30T13:00:00+00:00
D. van de Beek,547,Manchester United,Missing Fixture,Knee Injury,2023-04-30T13:00:00+00:00
S. McTominay,903,Manchester United,Questionable,Health problems,2023-04-30T13:00:00+00:00
B. Kamara,1904,Aston Villa,Missing Fixture,Ankle Injury,2023-04-30T13:00:00+00:00
J. Steer,19174,Aston Villa,Missing Fixture,Muscle Injury,2023-04-30T13:00:00+00:00
L. Bailey,983,Aston Villa,Questionable,Thigh Injury,2023-04-30T13:00:00+00:00
M. Cash,19298,Aston Villa,Questionable,Calf Injury,2023-04-30T13:00:00+00:00
Coutinho,147,Aston Villa,Questionable,Thigh Injury,2023-04-30T13:00:00+00:00
R. Fraser,18873,Newcastle,Missing Fixture,Lacking Match Fitness,2023-04-30T13:00:00+00:00
E. Krafth,2855,Newcastle,Missing Fixture,Knee Injury,2023-04-30T13:00:00+00:00
A. Saint-Maximin,22173,Newcastle,Missing Fixture,Thigh Injury,2023-04-30T13:00:00+00:00
J. Larios,284264,Southampton,Missing Fixture,Muscle Injury,2023-04-30T13:00:00+00:00
M. Salisu,47480,Southampton,Missing Fixture,Muscle Injury,2023-04-30T13:00:00+00:00
V. Livramento,158694,Southampton,Questionable,Lacking Match Fitness,2023-04-30T13:00:00+00:00
R. Perraud,20600,Southampton,Questionable,Knock,2023-04-30T13:00:00+00:00
S. Bajcetic,310187,Liverpool,Missing Fixture,Muscle Injury,2023-04-30T15:30:00+00:00
R. Firmino,302,Liverpool,Missing Fixture,Muscle Injury,2023-04-30T15:30:00+00:00
C. Ramsay,135525,Liverpool,Missing Fixture,Knee Injury,2023-04-30T15:30:00+00:00
N. Keita,294,Liverpool,Questionable,Muscle Injury,2023-04-30T15:30:00+00:00
R. Bentancur,863,Tottenham,Missing Fixture,Knee Injury,2023-04-30T15:30:00+00:00
Y. Bissouma,18968,Tottenham,Missing Fixture,Ankle Injury,2023-04-30T15:30:00+00:00
Emerson Royal,1566,Tottenham,Missing Fixture,Knee Injury,2023-04-30T15:30:00+00:00
H. Lloris,159,Tottenham,Missing Fixture,Muscle Injury,2023-04-30T15:30:00+00:00
R. Sessegnon,19032,Tottenham,Missing Fixture,Thigh Injury,2023-04-30T15:30:00+00:00
K. Iheanacho,2778,Leicester,Missing Fixture,Muscle Injury,2023-05-01T19:00:00+00:00
J. Justin,19760,Leicester,Missing Fixture,Knee Injury,2023-05-01T19:00:00+00:00
J. Vestergaard,18943,Leicester,Missing Fixture,Calf Injury,2023-05-01T19:00:00+00:00
R. Bertrand,18936,Leicester,Questionable,Lacking Match Fitness,2023-05-01T19:00:00+00:00
J. Evans,18772,Leicester,Questionable,Illness,2023-05-01T19:00:00+00:00
R. Pereira,18771,Leicester,Questionable,Thigh Injury,2023-05-01T19:00:00+00:00
A. Townsend,18854,Everton,Missing Fixture,Knee Injury,2023-05-01T19:00:00+00:00
R. Vinagre,18745,Everton,Missing Fixture,Calf Injury,2023-05-01T19:00:00+00:00
M. Elneny,1452,Arsenal,Missing Fixture,Knock,2023-05-02T19:00:00+00:00
W. Saliba,22090,Arsenal,Missing Fixture,Back Injury,2023-05-02T19:00:00+00:00
T. Tomiyasu,2597,Arsenal,Missing Fixture,Knee Injury,2023-05-02T19:00:00+00:00
M. Bettinelli,19012,Chelsea,Missing Fixture,Injury,2023-05-02T19:00:00+00:00
A. Broja,138822,Chelsea,Missing Fixture,Knee Injury,2023-05-02T19:00:00+00:00
M. Cucurella,47380,Chelsea,Missing Fixture,Thigh Injury,2023-05-02T19:00:00+00:00
R. James,19545,Chelsea,Missing Fixture,Hamstring Injury,2023-05-02T19:00:00+00:00
K. Koulibaly,318,Chelsea,Missing Fixture,Thigh Injury,2023-05-02T19:00:00+00:00
M. Mount,19220,Chelsea,Missing Fixture,Pelvis Injury,2023-05-02T19:00:00+00:00
S. Bajcetic,310187,Liverpool,Missing Fixture,Muscle Injury,2023-05-03T19:00:00+00:00
R. Firmino,302,Liverpool,Missing Fixture,Muscle Injury,2023-05-03T19:00:00+00:00
N. Keita,294,Liverpool,Missing Fixture,Muscle Injury,2023-05-03T19:00:00+00:00
C. Ramsay,135525,Liverpool,Missing Fixture,Knee Injury,2023-05-03T19:00:00+00:00
Thiago,507,Liverpool,Missing Fixture,Hip Injury,2023-05-03T19:00:00+00:00
L. Kurzawa,263,Fulham,Missing Fixture,Knee Injury,2023-05-03T19:00:00+00:00
A. Mitrovic,2825,Fulham,Missing Fixture,Red Card,2023-05-03T19:00:00+00:00
A. Pereira,899,Fulham,Missing Fixture,Ankle Injury,2023-05-03T19:00:00+00:00
T. Ream,19023,Fulham,Missing Fixture,Arm Injury,2023-05-03T19:00:00+00:00
B. Mendy,623,Manchester City,Missing Fixture,Suspended,2023-05-03T19:00:00+00:00
K. De Bruyne,629,Manchester City,Questionable,Injury,2023-05-03T19:00:00+00:00
N. Aguerd,21694,West Ham,Missing Fixture,Illness,2023-05-03T19:00:00+00:00
D. Rice,2937,West Ham,Missing Fixture,Illness,2023-05-03T19:00:00+00:00
G. Scamacca,30544,West Ham,Missing Fixture,Knee Injury,2023-05-03T19:00:00+00:00
T. Soucek,1243,West Ham,Missing Fixture,Illness,2023-05-03T19:00:00+00:00
K. Zouma,2726,West Ham,Missing Fixture,Ankle Injury,2023-05-03T19:00:00+00:00
A. Lallana,295,Brighton,Missing Fixture,Thigh Injury,2023-05-04T19:00:00+00:00
T. Lamptey,138815,Brighton,Missing Fixture,Knee Injury,2023-05-04T19:00:00+00:00
J. Sarmiento,202086,Brighton,Missing Fixture,Ankle Injury,2023-05-04T19:00:00+00:00
J. Veltman,537,Brighton,Missing Fixture,Muscle Injury,2023-05-04T19:00:00+00:00
E. Ferguson,129643,Brighton,Questionable,Ankle Injury,2023-05-04T19:00:00+00:00
A. Garnacho,284324,Manchester United,Missing Fixture,Ankle Injury,2023-05-04T19:00:00+00:00
M. Greenwood,897,Manchester United,Missing Fixture,Inactive,2023-05-04T19:00:00+00:00
T. Heaton,2931,Manchester United,Missing Fixture,Ankle Injury,2023-05-04T19:00:00+00:00
P. Jones,888,Manchester United,Missing Fixture,Knee Injury,2023-05-04T19:00:00+00:00
L. Martinez,2467,Manchester United,Missing Fixture,Leg Injury,2023-05-04T19:00:00+00:00
S. McTominay,903,Manchester United,Missing Fixture,Health problems,2023-05-04T19:00:00+00:00
R. Varane,742,Manchester United,Missing Fixture,Muscle Injury,2023-05-04T19:00:00+00:00
D. van de Beek,547,Manchester United,Missing Fixture,Knee Injury,2023-05-04T19:00:00+00:00
R. Fredericks,18815,Bournemouth,Missing Fixture,Calf Injury,2023-05-06T14:00:00+00:00
K. Moore,19804,Bournemouth,Missing Fixture,Head Injury,2023-05-06T14:00:00+00:00
J. Stanislas,18878,Bournemouth,Missing Fixture,Injury,2023-05-06T14:00:00+00:00
M. Tavernier,19245,Bournemouth,Missing Fixture,Thigh Injury,2023-05-06T14:00:00+00:00
H. J. Traore,31057,Bournemouth,Missing Fixture,Ankle Injury,2023-05-06T14:00:00+00:00
M. Bettinelli,19012,Chelsea,Missing Fixture,Injury,2023-05-06T14:00:00+00:00
A. Broja,138822,Chelsea,Missing Fixture,Knee Injury,2023-05-06T14:00:00+00:00
M. Cucurella,47380,Chelsea,Missing Fixture,Thigh Injury,2023-05-06T14:00:00+00:00
R. James,19545,Chelsea,Missing Fixture,Hamstring Injury,2023-05-06T14:00:00+00:00
K. Koulibaly,318,Chelsea,Missing Fixture,Thigh Injury,2023-05-06T14:00:00+00:00
M. Mount,19220,Chelsea,Missing Fixture,Pelvis Injury,2023-05-06T14:00:00+00:00
B. Mendy,623,Manchester City,Missing Fixture,Suspended,2023-05-06T14:00:00+00:00
T. Adams,1150,Leeds,Missing Fixture,Thigh Injury,2023-05-06T14:00:00+00:00
L. Cooper,19118,Leeds,Missing Fixture,Muscle Injury,2023-05-06T14:00:00+00:00
S. Dallas,19126,Leeds,Missing Fixture,Broken Leg,2023-05-06T14:00:00+00:00
L. Sinisterra,37161,Leeds,Missing Fixture,Thigh Injury,2023-05-06T14:00:00+00:00
R. Bentancur,863,Tottenham,Missing Fixture,Knee Injury,2023-05-06T14:00:00+00:00
H. Lloris,159,Tottenham,Missing Fixture,Muscle Injury,2023-05-06T14:00:00+00:00
R. Sessegnon,19032,Tottenham,Missing Fixture,Thigh Injury,2023-05-06T14:00:00+00:00
N. Ahamada,152418,Crystal Palace,Missing Fixture,Ankle Injury,2023-05-06T14:00:00+00:00
N. Ferguson,127605,Crystal Palace,Missing Fixture,Lacking Match Fitness,2023-05-06T14:00:00+00:00
J. McArthur,18849,Crystal Palace,Missing Fixture,Hamstring Injury,2023-05-06T14:00:00+00:00
J. Tomkins,18844,Crystal Palace,Missing Fixture,Muscle Injury,2023-05-06T14:00:00+00:00
Chiquinho,195962,Wolves,Missing Fixture,Knee Injury,2023-05-06T14:00:00+00:00
S. Kalajdzic,7722,Wolves,Missing Fixture,Knee Injury,2023-05-06T14:00:00+00:00
B. Traore,157912,Wolves,Missing Fixture,Lacking Match Fitness,2023-05-06T14:00:00+00:00
J. Steer,19174,Aston Villa,Missing Fixture,Muscle Injury,2023-05-06T14:00:00+00:00
M. Cash,19298,Aston Villa,Questionable,Calf Injury,2023-05-06T14:00:00+00:00
S. Bajcetic,310187,Liverpool,Missing Fixture,Muscle Injury,2023-05-06T16:30:00+00:00
R. Firmino,302,Liverpool,Missing Fixture,Muscle Injury,2023-05-06T16:30:00+00:00
N. Keita,294,Liverpool,Missing Fixture,Muscle Injury,2023-05-06T16:30:00+00:00
C. Ramsay,135525,Liverpool,Missing Fixture,Knee Injury,2023-05-06T16:30:00+00:00
Thiago,507,Liverpool,Missing Fixture,Hip Injury,2023-05-06T16:30:00+00:00
P. Jansson,19124,Brentford,Missing Fixture,Thigh Injury,2023-05-06T16:30:00+00:00
K. Lewis-Potter,106725,Brentford,Missing Fixture,Knee Injury,2023-05-06T16:30:00+00:00
C. Norgaard,30407,Brentford,Missing Fixture,Knock,2023-05-06T16:30:00+00:00
R. Fraser,18873,Newcastle,Missing Fixture,Lacking Match Fitness,2023-05-07T15:30:00+00:00
E. Krafth,2855,Newcastle,Missing Fixture,Knee Injury,2023-05-07T15:30:00+00:00
J. Lascelles,18894,Newcastle,Missing Fixture,Calf Injury,2023-05-07T15:30:00+00:00
S. Longstaff,18901,Newcastle,Questionable,Foot Injury,2023-05-07T15:30:00+00:00
M. Elneny,1452,Arsenal,Missing Fixture,Knock,2023-05-07T15:30:00+00:00
W. Saliba,22090,Arsenal,Missing Fixture,Back Injury,2023-05-07T15:30:00+00:00
T. Tomiyasu,2597,Arsenal,Missing Fixture,Knee Injury,2023-05-07T15:30:00+00:00
V. Coufal,1231,West Ham,Missing Fixture,Thigh Injury,2023-05-07T18:00:00+00:00
G. Scamacca,30544,West Ham,Missing Fixture,Knee Injury,2023-05-07T18:00:00+00:00
K. Zouma,2726,West Ham,Missing Fixture,Ankle Injury,2023-05-07T18:00:00+00:00
M. Greenwood,897,Manchester United,Missing Fixture,Inactive,2023-05-07T18:00:00+00:00
T. Heaton,2931,Manchester United,Missing Fixture,Ankle Injury,2023-05-07T18:00:00+00:00
P. Jones,888,Manchester United,Missing Fixture,Knee Injury,2023-05-07T18:00:00+00:00
L. Martinez,2467,Manchester United,Missing Fixture,Leg Injury,2023-05-07T18:00:00+00:00
S. McTominay,903,Manchester United,Missing Fixture,Health problems,2023-05-07T18:00:00+00:00
R. Varane,742,Manchester United,Missing Fixture,Muscle Injury,2023-05-07T18:00:00+00:00
D. van de Beek,547,Manchester United,Missing Fixture,Knee Injury,2023-05-07T18:00:00+00:00
L. Kurzawa,263,Fulham,Missing Fixture,Knee Injury,2023-05-08T14:00:00+00:00
A. Mitrovic,2825,Fulham,Missing Fixture,Red Card,2023-05-08T14:00:00+00:00
A. Pereira,899,Fulham,Missing Fixture,Ankle Injury,2023-05-08T14:00:00+00:00
T. Ream,19023,Fulham,Missing Fixture,Arm Injury,2023-05-08T14:00:00+00:00
K. Iheanacho,2778,Leicester,Missing Fixture,Muscle Injury,2023-05-08T14:00:00+00:00
J. Justin,19760,Leicester,Missing Fixture,Knee Injury,2023-05-08T14:00:00+00:00
J. Vestergaard,18943,Leicester,Missing Fixture,Calf Injury,2023-05-08T14:00:00+00:00
R. Bertrand,18936,Leicester,Questionable,Lacking Match Fitness,2023-05-08T14:00:00+00:00
A. Lallana,295,Brighton,Missing Fixture,Thigh Injury,2023-05-08T16:30:00+00:00
T. Lamptey,138815,Brighton,Missing Fixture,Knee Injury,2023-05-08T16:30:00+00:00
J. Sarmiento,202086,Brighton,Missing Fixture,Ankle Injury,2023-05-08T16:30:00+00:00
J. Veltman,537,Brighton,Missing Fixture,Muscle Injury,2023-05-08T16:30:00+00:00
S. Coleman,18758,Everton,Missing Fixture,Knee Injury,2023-05-08T16:30:00+00:00
B. Godfrey,19073,Everton,Missing Fixture,Groin Injury,2023-05-08T16:30:00+00:00
A. Townsend,18854,Everton,Missing Fixture,Knee Injury,2023-05-08T16:30:00+00:00
R. Vinagre,18745,Everton,Missing Fixture,Calf Injury,2023-05-08T16:30:00+00:00
G. Biancone,84081,Nottingham Forest,Missing Fixture,Knee Injury,2023-05-08T19:00:00+00:00
D. Henderson,19088,Nottingham Forest,Missing Fixture,Thigh Injury,2023-05-08T19:00:00+00:00
S. McKenna,44811,Nottingham Forest,Missing Fixture,Shoulder Injury,2023-05-08T19:00:00+00:00
O. Richards,19610,Nottingham Forest,Missing Fixture,Calf Injury,2023-05-08T19:00:00+00:00
N. Williams,138780,Nottingham Forest,Missing Fixture,Concussion,2023-05-08T19:00:00+00:00
C. Wood,18931,Nottingham Forest,Missing Fixture,Thigh Injury,2023-05-08T19:00:00+00:00
J. Colback,19299,Nottingham Forest,Questionable,Head Injury,2023-05-08T19:00:00+00:00
G. Scarpa,9926,Nottingham Forest,Questionable,Knee Injury,2023-05-08T19:00:00+00:00
J. Larios,284264,Southampton,Missing Fixture,Muscle Injury,2023-05-08T19:00:00+00:00
R. Perraud,20600,Southampton,Missing Fixture,Knock,2023-05-08T19:00:00+00:00
M. Salisu,47480,Southampton,Missing Fixture,Muscle Injury,2023-05-08T19:00:00+00:00
V. Livramento,158694,Southampton,Questionable,Lacking Match Fitness,2023-05-08T19:00:00+00:00
T. Adams,1150,Leeds,Missing Fixture,Thigh Injury,2023-05-13T11:30:00+00:00
S. Dallas,19126,Leeds,Missing Fixture,Broken Leg,2023-05-13T11:30:00+00:00
L. Sinisterra,37161,Leeds,Missing Fixture,Thigh Injury,2023-05-13T11:30:00+00:00
L. Cooper,19118,Leeds,Questionable,Muscle Injury,2023-05-13T11:30:00+00:00
R. Fraser,18873,Newcastle,Missing Fixture,Lacking Match Fitness,2023-05-13T11:30:00+00:00
E. Krafth,2855,Newcastle,Missing Fixture,Knee Injury,2023-05-13T11:30:00+00:00
J. Lascelles,18894,Newcastle,Missing Fixture,Calf Injury,2023-05-13T11:30:00+00:00
S. Longstaff,18901,Newcastle,Missing Fixture,Foot Injury,2023-05-13T11:30:00+00:00
M. Ritchie,18903,Newcastle,Missing Fixture,Knee Injury,2023-05-13T11:30:00+00:00
J. Steer,19174,Aston Villa,Missing Fixture,Muscle Injury,2023-05-13T14:00:00+00:00
R. Bentancur,863,Tottenham,Missing Fixture,Knee Injury,2023-05-13T14:00:00+00:00
H. Lloris,159,Tottenham,Missing Fixture,Muscle Injury,2023-05-13T14:00:00+00:00
R. Sessegnon,19032,Tottenham,Missing Fixture,Thigh Injury,2023-05-13T14:00:00+00:00
M. Bettinelli,19012,Chelsea,Missing Fixture,Injury,2023-05-13T14:00:00+00:00
A. Broja,138822,Chelsea,Missing Fixture,Knee Injury,2023-05-13T14:00:00+00:00
B. Chilwell,2933,Chelsea,Missing Fixture,Muscle Injury,2023-05-13T14:00:00+00:00
M. Cucurella,47380,Chelsea,Missing Fixture,Thigh Injury,2023-05-13T14:00:00+00:00
R. James,19545,Chelsea,Missing Fixture,Hamstring Injury,2023-05-13T14:00:00+00:00
K. Koulibaly,318,Chelsea,Missing Fixture,Thigh Injury,2023-05-13T14:00:00+00:00
M. Mount,19220,Chelsea,Missing Fixture,Pelvis Injury,2023-05-13T14:00:00+00:00
G. Biancone,84081,Nottingham Forest,Missing Fixture,Knee Injury,2023-05-13T14:00:00+00:00
E. Dennis,80,Nottingham Forest,Missing Fixture,Knock,2023-05-13T14:00:00+00:00
D. Henderson,19088,Nottingham Forest,Missing Fixture,Thigh Injury,2023-05-13T14:00:00+00:00
S. McKenna,44811,Nottingham Forest,Missing Fixture,Shoulder Injury,2023-05-13T14:00:00+00:00
O. Richards,19610,Nottingham Forest,Missing Fixture,Calf Injury,2023-05-13T14:00:00+00:00
N. Williams,138780,Nottingham Forest,Missing Fixture,Concussion,2023-05-13T14:00:00+00:00
C. Wood,18931,Nottingham Forest,Missing Fixture,Thigh Injury,2023-05-13T14:00:00+00:00
J. Colback,19299,Nottingham Forest,Questionable,Head Injury,2023-05-13T14:00:00+00:00
G. Scarpa,9926,Nottingham Forest,Questionable,Knee Injury,2023-05-13T14:00:00+00:00
J. Shelvey,18904,Nottingham Forest,Questionable,Calf Injury,2023-05-13T14:00:00+00:00
N. Ferguson,127605,Crystal Palace,Missing Fixture,Lacking Match Fitness,2023-05-13T14:00:00+00:00
L. Milivojevic,18852,Crystal Palace,Missing Fixture,Injury,2023-05-13T14:00:00+00:00
J. Tomkins,18844,Crystal Palace,Missing Fixture,Muscle Injury,2023-05-13T14:00:00+00:00
J. Schlupp,18843,Crystal Palace,Questionable,Knock,2023-05-13T14:00:00+00:00
R. Fredericks,18815,Bournemouth,Missing Fixture,Calf Injury,2023-05-13T14:00:00+00:00
J. Stanislas,18878,Bournemouth,Missing Fixture,Injury,2023-05-13T14:00:00+00:00
M. Tavernier,19245,Bournemouth,Missing Fixture,Thigh Injury,2023-05-13T14:00:00+00:00
H. J. Traore,31057,Bournemouth,Missing Fixture,Ankle Injury,2023-05-13T14:00:00+00:00
M. Greenwood,897,Manchester United,Missing Fixture,Inactive,2023-05-13T14:00:00+00:00
T. Heaton,2931,Manchester United,Missing Fixture,Ankle Injury,2023-05-13T14:00:00+00:00
P. Jones,888,Manchester United,Missing Fixture,Knee Injury,2023-05-13T14:00:00+00:00
L. Martinez,2467,Manchester United,Missing Fixture,Leg Injury,2023-05-13T14:00:00+00:00
S. McTominay,903,Manchester United,Missing Fixture,Health problems,2023-05-13T14:00:00+00:00
D. van de Beek,547,Manchester United,Missing Fixture,Knee Injury,2023-05-13T14:00:00+00:00
M. Rashford,909,Manchester United,Questionable,Leg Injury,2023-05-13T14:00:00+00:00
Chiquinho,195962,Wolves,Missing Fixture,Knee Injury,2023-05-13T14:00:00+00:00
S. Kalajdzic,7722,Wolves,Missing Fixture,Knee Injury,2023-05-13T14:00:00+00:00
B. Traore,157912,Wolves,Questionable,Lacking Match Fitness,2023-05-13T14:00:00+00:00
A. Bella-Kotchap,25061,Southampton,Missing Fixture,Injury,2023-05-13T14:00:00+00:00
J. Larios,284264,Southampton,Missing Fixture,Muscle Injury,2023-05-13T14:00:00+00:00
V. Livramento,158694,Southampton,Missing Fixture,Lacking Match Fitness,2023-05-13T14:00:00+00:00
R. Perraud,20600,Southampton,Missing Fixture,Knock,2023-05-13T14:00:00+00:00
M. Salisu,47480,Southampton,Missing Fixture,Muscle Injury,2023-05-13T14:00:00+00:00
C. Adams,19524,Southampton,Questionable,Injury,2023-05-13T14:00:00+00:00
D. James,19329,Fulham,Missing Fixture,Thigh Injury,2023-05-13T14:00:00+00:00
L. Kurzawa,263,Fulham,Missing Fixture,Knee Injury,2023-05-13T14:00:00+00:00
A. Pereira,899,Fulham,Missing Fixture,Ankle Injury,2023-05-13T14:00:00+00:00
T. Ream,19023,Fulham,Missing Fixture,Arm Injury,2023-05-13T14:00:00+00:00
P. Jansson,19124,Brentford,Missing Fixture,Thigh Injury,2023-05-14T13:00:00+00:00
K. Lewis-Potter,106725,Brentford,Missing Fixture,Knee Injury,2023-05-14T13:00:00+00:00
C. Norgaard,30407,Brentford,Missing Fixture,Knock,2023-05-14T13:00:00+00:00
T. Strakosha,1835,Brentford,Missing Fixture,Calf Injury,2023-05-14T13:00:00+00:00
G. Scamacca,30544,West Ham,Missing Fixture,Knee Injury,2023-05-14T13:00:00+00:00
M. Antonio,18819,West Ham,Questionable,Injury,2023-05-14T13:00:00+00:00
V. Coufal,1231,West Ham,Questionable,Thigh Injury,2023-05-14T13:00:00+00:00
S. Coleman,18758,Everton,Missing Fixture,Knee Injury,2023-05-14T13:00:00+00:00
B. Godfrey,19073,Everton,Missing Fixture,Groin Injury,2023-05-14T13:00:00+00:00
V. Mykolenko,2165,Everton,Missing Fixture,Thigh Injury,2023-05-14T13:00:00+00:00
A. Townsend,18854,Everton,Missing Fixture,Knee Injury,2023-05-14T13:00:00+00:00
R. Vinagre,18745,Everton,Missing Fixture,Calf Injury,2023-05-14T13:00:00+00:00
B. Mendy,623,Manchester City,Missing Fixture,Suspended,2023-05-14T13:00:00+00:00
N. Ake,18861,Manchester City,Questionable,Muscle Injury,2023-05-14T13:00:00+00:00
M. Elneny,1452,Arsenal,Missing Fixture,Knock,2023-05-14T15:30:00+00:00
W. Saliba,22090,Arsenal,Missing Fixture,Back Injury,2023-05-14T15:30:00+00:00
T. Tomiyasu,2597,Arsenal,Missing Fixture,Knee Injury,2023-05-14T15:30:00+00:00
O. Zinchenko,641,Arsenal,Missing Fixture,Calf Injury,2023-05-14T15:30:00+00:00
A. Lallana,295,Brighton,Missing Fixture,Thigh Injury,2023-05-14T15:30:00+00:00
T. Lamptey,138815,Brighton,Missing Fixture,Knee Injury,2023-05-14T15:30:00+00:00
S. March,18973,Brighton,Missing Fixture,Thigh Injury,2023-05-14T15:30:00+00:00
J. Sarmiento,202086,Brighton,Missing Fixture,Ankle Injury,2023-05-14T15:30:00+00:00
A. Webster,19265,Brighton,Missing Fixture,Muscle Injury,2023-05-14T15:30:00+00:00
J. Veltman,537,Brighton,Questionable,Muscle Injury,2023-05-14T15:30:00+00:00
J. Justin,19760,Leicester,Missing Fixture,Knee Injury,2023-05-15T19:00:00+00:00
J. Vestergaard,18943,Leicester,Missing Fixture,Calf Injury,2023-05-15T19:00:00+00:00
R. Bertrand,18936,Leicester,Questionable,Lacking Match Fitness,2023-05-15T19:00:00+00:00
K. Iheanacho,2778,Leicester,Questionable,Muscle Injury,2023-05-15T19:00:00+00:00
S. Bajcetic,310187,Liverpool,Missing Fixture,Muscle Injury,2023-05-15T19:00:00+00:00
D. Nunez,51617,Liverpool,Missing Fixture,Toe Injury,2023-05-15T19:00:00+00:00
C. Ramsay,135525,Liverpool,Missing Fixture,Knee Injury,2023-05-15T19:00:00+00:00
Thiago,507,Liverpool,Missing Fixture,Hip Injury,2023-05-15T19:00:00+00:00
R. Firmino,302,Liverpool,Questionable,Muscle Injury,2023-05-15T19:00:00+00:00
N. Keita,294,Liverpool,Questionable,Muscle Injury,2023-05-15T19:00:00+00:00
R. Fraser,18873,Newcastle,Missing Fixture,Lacking Match Fitness,2023-05-18T18:30:00+00:00
E. Krafth,2855,Newcastle,Missing Fixture,Knee Injury,2023-05-18T18:30:00+00:00
J. Lascelles,18894,Newcastle,Missing Fixture,Calf Injury,2023-05-18T18:30:00+00:00
S. Longstaff,18901,Newcastle,Missing Fixture,Foot Injury,2023-05-18T18:30:00+00:00
M. Ritchie,18903,Newcastle,Missing Fixture,Knee Injury,2023-05-18T18:30:00+00:00
A. Lallana,295,Brighton,Missing Fixture,Thigh Injury,2023-05-18T18:30:00+00:00
T. Lamptey,138815,Brighton,Missing Fixture,Knee Injury,2023-05-18T18:30:00+00:00
S. March,18973,Brighton,Missing Fixture,Thigh Injury,2023-05-18T18:30:00+00:00
J. Sarmiento,202086,Brighton,Missing Fixture,Ankle Injury,2023-05-18T18:30:00+00:00
A. Webster,19265,Brighton,Missing Fixture,Muscle Injury,2023-05-18T18:30:00+00:00
J. Veltman,537,Brighton,Questionable,Muscle Injury,2023-05-18T18:30:00+00:00
R. Bentancur,863,Tottenham,Missing Fixture,Knee Injury,2023-05-20T11:30:00+00:00
H. Lloris,159,Tottenham,Missing Fixture,Muscle Injury,2023-05-20T11:30:00+00:00
R. Sessegnon,19032,Tottenham,Missing Fixture,Thigh Injury,2023-05-20T11:30:00+00:00
P. Jansson,19124,Brentford,Missing Fixture,Thigh Injury,2023-05-20T11:30:00+00:00
K. Lewis-Potter,106725,Brentford,Missing Fixture,Knee Injury,2023-05-20T11:30:00+00:00
C. Norgaard,30407,Brentford,Missing Fixture,Knock,2023-05-20T11:30:00+00:00
I. Toney,19974,Brentford,Missing Fixture,Suspended,2023-05-20T11:30:00+00:00
R. Fredericks,18815,Bournemouth,Missing Fixture,Calf Injury,2023-05-20T14:00:00+00:00
A. Semenyo,19281,Bournemouth,Missing Fixture,Leg Injury,2023-05-20T14:00:00+00:00
J. Stanislas,18878,Bournemouth,Missing Fixture,Injury,2023-05-20T14:00:00+00:00
M. Tavernier,19245,Bournemouth,Missing Fixture,Thigh Injury,2023-05-20T14:00:00+00:00
H. J. Traore,31057,Bournemouth,Questionable,Ankle Injury,2023-05-20T14:00:00+00:00
M. Greenwood,897,Manchester United,Missing Fixture,Inactive,2023-05-20T14:00:00+00:00
P. Jones,888,Manchester United,Missing Fixture,Knee Injury,2023-05-20T14:00:00+00:00
L. Martinez,2467,Manchester United,Missing Fixture,Leg Injury,2023-05-20T14:00:00+00:00
M. Sabitzer,1159,Manchester United,Missing Fixture,Knee Injury,2023-05-20T14:00:00+00:00
D. van de Beek,547,Manchester United,Missing Fixture,Knee Injury,2023-05-20T14:00:00+00:00
T. Heaton,2931,Manchester United,Questionable,Ankle Injury,2023-05-20T14:00:00+00:00
M. Rashford,909,Manchester United,Questionable,Illness,2023-05-20T14:00:00+00:00
L. Kurzawa,263,Fulham,Missing Fixture,Knee Injury,2023-05-20T14:00:00+00:00
A. Pereira,899,Fulham,Missing Fixture,Ankle Injury,2023-05-20T14:00:00+00:00
T. Ream,19023,Fulham,Missing Fixture,Arm Injury,2023-05-20T14:00:00+00:00
D. James,19329,Fulham,Questionable,Thigh Injury,2023-05-20T14:00:00+00:00
N. Ferguson,127605,Crystal Palace,Missing Fixture,Lacking Match Fitness,2023-05-20T14:00:00+00:00
L. Milivojevic,18852,Crystal Palace,Missing Fixture,Injury,2023-05-20T14:00:00+00:00
J. Schlupp,18843,Crystal Palace,Missing Fixture,Knock,2023-05-20T14:00:00+00:00
J. Tomkins,18844,Crystal Palace,Missing Fixture,Muscle Injury,2023-05-20T14:00:00+00:00
W. Zaha,3247,Crystal Palace,Missing Fixture,Thigh Injury,2023-05-20T14:00:00+00:00
S. Bajcetic,310187,Liverpool,Missing Fixture,Muscle Injury,2023-05-20T14:00:00+00:00
N. Keita,294,Liverpool,Missing Fixture,Muscle Injury,2023-05-20T14:00:00+00:00
D. Nunez,51617,Liverpool,Missing Fixture,Toe Injury,2023-05-20T14:00:00+00:00
C. Ramsay,135525,Liverpool,Missing Fixture,Knee Injury,2023-05-20T14:00:00+00:00
Thiago,507,Liverpool,Missing Fixture,Hip Injury,2023-05-20T14:00:00+00:00
Coutinho,147,Aston Villa,Missing Fixture,Injury,2023-05-20T14:00:00+00:00
J. Steer,19174,Aston Villa,Missing Fixture,Muscle Injury,2023-05-20T14:00:00+00:00
Chiquinho,195962,Wolves,Missing Fixture,Knee Injury,2023-05-20T14:00:00+00:00
S. Kalajdzic,7722,Wolves,Missing Fixture,Knee Injury,2023-05-20T14:00:00+00:00
C. Coady,18741,Everton,Missing Fixture,Loan agreement,2023-05-20T14:00:00+00:00
S. Coleman,18758,Everton,Missing Fixture,Knee Injury,2023-05-20T14:00:00+00:00
B. Godfrey,19073,Everton,Missing Fixture,Groin Injury,2023-05-20T14:00:00+00:00
A. Townsend,18854,Everton,Missing Fixture,Knee Injury,2023-05-20T14:00:00+00:00
R. Vinagre,18745,Everton,Missing Fixture,Calf Injury,2023-05-20T14:00:00+00:00
T. Davies,18762,Everton,Questionable,Thigh Injury,2023-05-20T14:00:00+00:00
V. Mykolenko,2165,Everton,Questionable,Thigh Injury,2023-05-20T14:00:00+00:00
G. Biancone,84081,Nottingham Forest,Missing Fixture,Knee Injury,2023-05-20T16:30:00+00:00
J. Colback,19299,Nottingham Forest,Missing Fixture,Head Injury,2023-05-20T16:30:00+00:00
D. Henderson,19088,Nottingham Forest,Missing Fixture,Thigh Injury,2023-05-20T16:30:00+00:00
S. McKenna,44811,Nottingham Forest,Missing Fixture,Shoulder Injury,2023-05-20T16:30:00+00:00
O. Richards,19610,Nottingham Forest,Missing Fixture,Calf Injury,2023-05-20T16:30:00+00:00
J. Shelvey,18904,Nottingham Forest,Missing Fixture,Calf Injury,2023-05-20T16:30:00+00:00
N. Williams,138780,Nottingham Forest,Missing Fixture,Concussion,2023-05-20T16:30:00+00:00
C. Wood,18931,Nottingham Forest,Missing Fixture,Thigh Injury,2023-05-20T16:30:00+00:00
G. Scarpa,9926,Nottingham Forest,Questionable,Knee Injury,2023-05-20T16:30:00+00:00
M. Elneny,1452,Arsenal,Missing Fixture,Knock,2023-05-20T16:30:00+00:00
G. Martinelli,127769,Arsenal,Missing Fixture,Ankle Injury,2023-05-20T16:30:00+00:00
W. Saliba,22090,Arsenal,Missing Fixture,Back Injury,2023-05-20T16:30:00+00:00
T. Tomiyasu,2597,Arsenal,Missing Fixture,Knee Injury,2023-05-20T16:30:00+00:00
O. Zinchenko,641,Arsenal,Missing Fixture,Calf Injury,2023-05-20T16:30:00+00:00
G. Scamacca,30544,West Ham,Missing Fixture,Knee Injury,2023-05-21T12:30:00+00:00
T. Adams,1150,Leeds,Missing Fixture,Thigh Injury,2023-05-21T12:30:00+00:00
S. Dallas,19126,Leeds,Missing Fixture,Broken Leg,2023-05-21T12:30:00+00:00
J. Firpo,1564,Leeds,Missing Fixture,Red Card,2023-05-21T12:30:00+00:00
L. Sinisterra,37161,Leeds,Missing Fixture,Thigh Injury,2023-05-21T12:30:00+00:00
A. Lallana,295,Brighton,Missing Fixture,Thigh Injury,2023-05-21T13:00:00+00:00
T. Lamptey,138815,Brighton,Missing Fixture,Knee Injury,2023-05-21T13:00:00+00:00
S. March,18973,Brighton,Missing Fixture,Thigh Injury,2023-05-21T13:00:00+00:00
R. Sanchez,18959,Brighton,Missing Fixture,Injury,2023-05-21T13:00:00+00:00
J. Sarmiento,202086,Brighton,Missing Fixture,Ankle Injury,2023-05-21T13:00:00+00:00
A. Webster,19265,Brighton,Questionable,Muscle Injury,2023-05-21T13:00:00+00:00
A. Bella-Kotchap,25061,Southampton,Missing Fixture,Injury,2023-05-21T13:00:00+00:00
J. Larios,284264,Southampton,Missing Fixture,Muscle Injury,2023-05-21T13:00:00+00:00
R. Perraud,20600,Southampton,Missing Fixture,Knock,2023-05-21T13:00:00+00:00
M. Salisu,47480,Southampton,Missing Fixture,Muscle Injury,2023-05-21T13:00:00+00:00
C. Adams,19524,Southampton,Questionable,Injury,2023-05-21T13:00:00+00:00
N. Ake,18861,Manchester City,Missing Fixture,Muscle Injury,2023-05-21T15:00:00+00:00
B. Mendy,623,Manchester City,Missing Fixture,Suspended,2023-05-21T15:00:00+00:00
B. Badiashile,95,Chelsea,Missing Fixture,Groin Injury,2023-05-21T15:00:00+00:00
M. Bettinelli,19012,Chelsea,Missing Fixture,Injury,2023-05-21T15:00:00+00:00
A. Broja,138822,Chelsea,Missing Fixture,Knee Injury,2023-05-21T15:00:00+00:00
B. Chilwell,2933,Chelsea,Missing Fixture,Muscle Injury,2023-05-21T15:00:00+00:00
M. Cucurella,47380,Chelsea,Missing Fixture,Thigh Injury,2023-05-21T15:00:00+00:00
R. James,19545,Chelsea,Missing Fixture,Hamstring Injury,2023-05-21T15:00:00+00:00
N. Kante,2290,Chelsea,Missing Fixture,Groin Injury,2023-05-21T15:00:00+00:00
M. Mount,19220,Chelsea,Missing Fixture,Pelvis Injury,2023-05-21T15:00:00+00:00
M. Kovacic,2291,Chelsea,Questionable,Knock,2023-05-21T15:00:00+00:00
R. Fraser,18873,Newcastle,Missing Fixture,Lacking Match Fitness,2023-05-22T19:00:00+00:00
E. Krafth,2855,Newcastle,Missing Fixture,Knee Injury,2023-05-22T19:00:00+00:00
J. Lascelles,18894,Newcastle,Missing Fixture,Calf Injury,2023-05-22T19:00:00+00:00
M. Ritchie,18903,Newcastle,Missing Fixture,Knee Injury,2023-05-22T19:00:00+00:00
J. Willock,1463,Newcastle,Missing Fixture,Muscle Injury,2023-05-22T19:00:00+00:00
Joelinton,723,Newcastle,Questionable,Injury,2023-05-22T19:00:00+00:00
J. Justin,19760,Leicester,Missing Fixture,Knee Injury,2023-05-22T19:00:00+00:00
J. Vestergaard,18943,Leicester,Missing Fixture,Calf Injury,2023-05-22T19:00:00+00:00
D. Ward,18146,Leicester,Missing Fixture,Finger Injury,2023-05-22T19:00:00+00:00
R. Bertrand,18936,Leicester,Questionable,Lacking Match Fitness,2023-05-22T19:00:00+00:00
K. Dewsbury-Hall,148099,Leicester,Questionable,Ankle Injury,2023-05-22T19:00:00+00:00
C. Soyuncu,18776,Leicester,Questionable,Thigh Injury,2023-05-22T19:00:00+00:00
A. Lallana,295,Brighton,Missing Fixture,Thigh Injury,2023-05-24T19:00:00+00:00
T. Lamptey,138815,Brighton,Missing Fixture,Knee Injury,2023-05-24T19:00:00+00:00
S. March,18973,Brighton,Missing Fixture,Thigh Injury,2023-05-24T19:00:00+00:00
R. Sanchez,18959,Brighton,Missing Fixture,Injury,2023-05-24T19:00:00+00:00
J. Sarmiento,202086,Brighton,Missing Fixture,Ankle Injury,2023-05-24T19:00:00+00:00
N. Ake,18861,Manchester City,Missing Fixture,Muscle Injury,2023-05-24T19:00:00+00:00
B. Mendy,623,Manchester City,Missing Fixture,Suspended,2023-05-24T19:00:00+00:00
M. Greenwood,897,Manchester United,Missing Fixture,Inactive,2023-05-25T19:00:00+00:00
P. Jones,888,Manchester United,Missing Fixture,Knee Injury,2023-05-25T19:00:00+00:00
L. Martinez,2467,Manchester United,Missing Fixture,Leg Injury,2023-05-25T19:00:00+00:00
M. Sabitzer,1159,Manchester United,Missing Fixture,Knee Injury,2023-05-25T19:00:00+00:00
D. van de Beek,547,Manchester United,Missing Fixture,Knee Injury,2023-05-25T19:00:00+00:00
T. Heaton,2931,Manchester United,Questionable,Ankle Injury,2023-05-25T19:00:00+00:00
B. Badiashile,95,Chelsea,Missing Fixture,Groin Injury,2023-05-25T19:00:00+00:00
M. Bettinelli,19012,Chelsea,Missing Fixture,Injury,2023-05-25T19:00:00+00:00
A. Broja,138822,Chelsea,Missing Fixture,Knee Injury,2023-05-25T19:00:00+00:00
B. Chilwell,2933,Chelsea,Missing Fixture,Muscle Injury,2023-05-25T19:00:00+00:00
M. Cucurella,47380,Chelsea,Missing Fixture,Thigh Injury,2023-05-25T19:00:00+00:00
R. James,19545,Chelsea,Missing Fixture,Hamstring Injury,2023-05-25T19:00:00+00:00
N. Kante,2290,Chelsea,Missing Fixture,Groin Injury,2023-05-25T19:00:00+00:00
M. Mount,19220,Chelsea,Missing Fixture,Pelvis Injury,2023-05-25T19:00:00+00:00
M. Kovacic,2291,Chelsea,Questionable,Knock,2023-05-25T19:00:00+00:00
M. Elneny,1452,Arsenal,Missing Fixture,Knock,2023-05-28T15:30:00+00:00
G. Martinelli,127769,Arsenal,Missing Fixture,Ankle Injury,2023-05-28T15:30:00+00:00
W. Saliba,22090,Arsenal,Missing Fixture,Back Injury,2023-05-28T15:30:00+00:00
T. Tomiyasu,2597,Arsenal,Missing Fixture,Knee Injury,2023-05-28T15:30:00+00:00
O. Zinchenko,641,Arsenal,Missing Fixture,Calf Injury,2023-05-28T15:30:00+00:00
Chiquinho,195962,Wolves,Missing Fixture,Knee Injury,2023-05-28T15:30:00+00:00
S. Kalajdzic,7722,Wolves,Missing Fixture,Knee Injury,2023-05-28T15:30:00+00:00
Coutinho,147,Aston Villa,Missing Fixture,Injury,2023-05-28T15:30:00+00:00
A. Moreno,47547,Aston Villa,Missing Fixture,Thigh Injury,2023-05-28T15:30:00+00:00
J. Steer,19174,Aston Villa,Missing Fixture,Muscle Injury,2023-05-28T15:30:00+00:00
A. Lallana,295,Brighton,Missing Fixture,Thigh Injury,2023-05-28T15:30:00+00:00
T. Lamptey,138815,Brighton,Missing Fixture,Knee Injury,2023-05-28T15:30:00+00:00
S. March,18973,Brighton,Missing Fixture,Thigh Injury,2023-05-28T15:30:00+00:00
R. Sanchez,18959,Brighton,Missing Fixture,Injury,2023-05-28T15:30:00+00:00
J. Sarmiento,202086,Brighton,Missing Fixture,Ankle Injury,2023-05-28T15:30:00+00:00
P. Jansson,19124,Brentford,Missing Fixture,Thigh Injury,2023-05-28T15:30:00+00:00
K. Lewis-Potter,106725,Brentford,Missing Fixture,Knee Injury,2023-05-28T15:30:00+00:00
C. Norgaard,30407,Brentford,Missing Fixture,Knock,2023-05-28T15:30:00+00:00
I. Toney,19974,Brentford,Missing Fixture,Suspended,2023-05-28T15:30:00+00:00
B. Mendy,623,Manchester City,Missing Fixture,Suspended,2023-05-28T15:30:00+00:00
M. Akanji,5,Manchester City,Questionable,Injury,2023-05-28T15:30:00+00:00
B. Badiashile,95,Chelsea,Missing Fixture,Groin Injury,2023-05-28T15:30:00+00:00
M. Bettinelli,19012,Chelsea,Missing Fixture,Injury,2023-05-28T15:30:00+00:00
A. Broja,138822,Chelsea,Missing Fixture,Knee Injury,2023-05-28T15:30:00+00:00
M. Cucurella,47380,Chelsea,Missing Fixture,Thigh Injury,2023-05-28T15:30:00+00:00
R. James,19545,Chelsea,Missing Fixture,Hamstring Injury,2023-05-28T15:30:00+00:00
N. Kante,2290,Chelsea,Missing Fixture,Groin Injury,2023-05-28T15:30:00+00:00
B. Chilwell,2933,Chelsea,Questionable,Muscle Injury,2023-05-28T15:30:00+00:00
M. Mount,19220,Chelsea,Questionable,Pelvis Injury,2023-05-28T15:30:00+00:00
R. Fraser,18873,Newcastle,Missing Fixture,Lacking Match Fitness,2023-05-28T15:30:00+00:00
Joelinton,723,Newcastle,Missing Fixture,Injury,2023-05-28T15:30:00+00:00
E. Krafth,2855,Newcastle,Missing Fixture,Knee Injury,2023-05-28T15:30:00+00:00
J. Lascelles,18894,Newcastle,Missing Fixture,Calf Injury,2023-05-28T15:30:00+00:00
J. Manquillo,18896,Newcastle,Missing Fixture,Ankle Injury,2023-05-28T15:30:00+00:00
N. Pope,18911,Newcastle,Missing Fixture,Hand Injury,2023-05-28T15:30:00+00:00
M. Ritchie,18903,Newcastle,Missing Fixture,Knee Injury,2023-05-28T15:30:00+00:00
J. Willock,1463,Newcastle,Missing Fixture,Muscle Injury,2023-05-28T15:30:00+00:00
N. Ferguson,127605,Crystal Palace,Missing Fixture,Lacking Match Fitness,2023-05-28T15:30:00+00:00
L. Milivojevic,18852,Crystal Palace,Missing Fixture,Injury,2023-05-28T15:30:00+00:00
J. Schlupp,18843,Crystal Palace,Missing Fixture,Knock,2023-05-28T15:30:00+00:00
J. Tomkins,18844,Crystal Palace,Missing Fixture,Muscle Injury,2023-05-28T15:30:00+00:00
W. Zaha,3247,Crystal Palace,Missing Fixture,Thigh Injury,2023-05-28T15:30:00+00:00
G. Biancone,84081,Nottingham Forest,Missing Fixture,Knee Injury,2023-05-28T15:30:00+00:00
J. Colback,19299,Nottingham Forest,Missing Fixture,Head Injury,2023-05-28T15:30:00+00:00
D. Henderson,19088,Nottingham Forest,Missing Fixture,Thigh Injury,2023-05-28T15:30:00+00:00
S. McKenna,44811,Nottingham Forest,Missing Fixture,Shoulder Injury,2023-05-28T15:30:00+00:00
O. Richards,19610,Nottingham Forest,Missing Fixture,Calf Injury,2023-05-28T15:30:00+00:00
N. Williams,138780,Nottingham Forest,Missing Fixture,Concussion,2023-05-28T15:30:00+00:00
C. Wood,18931,Nottingham Forest,Missing Fixture,Thigh Injury,2023-05-28T15:30:00+00:00
Danilo,275170,Nottingham Forest,Questionable,Muscle Injury,2023-05-28T15:30:00+00:00
Felipe,371,Nottingham Forest,Questionable,Injury,2023-05-28T15:30:00+00:00
K. Navas,731,Nottingham Forest,Questionable,Knock,2023-05-28T15:30:00+00:00
G. Scarpa,9926,Nottingham Forest,Questionable,Knee Injury,2023-05-28T15:30:00+00:00
J. Shelvey,18904,Nottingham Forest,Questionable,Calf Injury,2023-05-28T15:30:00+00:00
D. Calvert-Lewin,18766,Everton,Missing Fixture,Thigh Injury,2023-05-28T15:30:00+00:00
S. Coleman,18758,Everton,Missing Fixture,Knee Injury,2023-05-28T15:30:00+00:00
B. Godfrey,19073,Everton,Missing Fixture,Groin Injury,2023-05-28T15:30:00+00:00
N. Patterson,138417,Everton,Missing Fixture,Thigh Injury,2023-05-28T15:30:00+00:00
A. Townsend,18854,Everton,Missing Fixture,Knee Injury,2023-05-28T15:30:00+00:00
R. Vinagre,18745,Everton,Missing Fixture,Calf Injury,2023-05-28T15:30:00+00:00
T. Davies,18762,Everton,Questionable,Thigh Injury,2023-05-28T15:30:00+00:00
V. Mykolenko,2165,Everton,Questionable,Thigh Injury,2023-05-28T15:30:00+00:00
R. Fredericks,18815,Bournemouth,Missing Fixture,Calf Injury,2023-05-28T15:30:00+00:00
A. Semenyo,19281,Bournemouth,Missing Fixture,Leg Injury,2023-05-28T15:30:00+00:00
J. Stanislas,18878,Bournemouth,Missing Fixture,Injury,2023-05-28T15:30:00+00:00
M. Tavernier,19245,Bournemouth,Missing Fixture,Thigh Injury,2023-05-28T15:30:00+00:00
J. Rothwell,19482,Bournemouth,Questionable,Thigh Injury,2023-05-28T15:30:00+00:00
H. J. Traore,31057,Bournemouth,Questionable,Ankle Injury,2023-05-28T15:30:00+00:00
T. Adams,1150,Leeds,Missing Fixture,Thigh Injury,2023-05-28T15:30:00+00:00
S. Dallas,19126,Leeds,Missing Fixture,Broken Leg,2023-05-28T15:30:00+00:00
L. Sinisterra,37161,Leeds,Missing Fixture,Thigh Injury,2023-05-28T15:30:00+00:00
P. Bamford,19134,Leeds,Questionable,Thigh Injury,2023-05-28T15:30:00+00:00
R. Bentancur,863,Tottenham,Missing Fixture,Knee Injury,2023-05-28T15:30:00+00:00
E. Dier,175,Tottenham,Missing Fixture,Groin Injury,2023-05-28T15:30:00+00:00
H. Lloris,159,Tottenham,Missing Fixture,Muscle Injury,2023-05-28T15:30:00+00:00
C. Romero,30776,Tottenham,Missing Fixture,Injury,2023-05-28T15:30:00+00:00
R. Sessegnon,19032,Tottenham,Missing Fixture,Thigh Injury,2023-05-28T15:30:00+00:00
P. Hojbjerg,2735,Tottenham,Questionable,Injury,2023-05-28T15:30:00+00:00
J. Justin,19760,Leicester,Missing Fixture,Knee Injury,2023-05-28T15:30:00+00:00
W. Ndidi,18786,Leicester,Missing Fixture,Thigh Injury,2023-05-28T15:30:00+00:00
C. Soyuncu,18776,Leicester,Missing Fixture,Thigh Injury,2023-05-28T15:30:00+00:00
J. Vestergaard,18943,Leicester,Missing Fixture,Calf Injury,2023-05-28T15:30:00+00:00
D. Ward,18146,Leicester,Missing Fixture,Finger Injury,2023-05-28T15:30:00+00:00
R. Bertrand,18936,Leicester,Questionable,Lacking Match Fitness,2023-05-28T15:30:00+00:00
G. Scamacca,30544,West Ham,Missing Fixture,Knee Injury,2023-05-28T15:30:00+00:00
Antony,9971,Manchester United,Missing Fixture,Ankle Injury,2023-05-28T15:30:00+00:00
M. Greenwood,897,Manchester United,Missing Fixture,Inactive,2023-05-28T15:30:00+00:00
P. Jones,888,Manchester United,Missing Fixture,Knee Injury,2023-05-28T15:30:00+00:00
L. Martinez,2467,Manchester United,Missing Fixture,Leg Injury,2023-05-28T15:30:00+00:00
M. Sabitzer,1159,Manchester United,Missing Fixture,Knee Injury,2023-05-28T15:30:00+00:00
D. van de Beek,547,Manchester United,Missing Fixture,Knee Injury,2023-05-28T15:30:00+00:00
L. Kurzawa,263,Fulham,Missing Fixture,Knee Injury,2023-05-28T15:30:00+00:00
A. Pereira,899,Fulham,Missing Fixture,Ankle Injury,2023-05-28T15:30:00+00:00
T. Ream,19023,Fulham,Missing Fixture,Arm Injury,2023-05-28T15:30:00+00:00
C. Adams,19524,Southampton,Missing Fixture,Calf Injury,2023-05-28T15:30:00+00:00
A. Bella-Kotchap,25061,Southampton,Missing Fixture,Injury,2023-05-28T15:30:00+00:00
J. Larios,284264,Southampton,Missing Fixture,Muscle Injury,2023-05-28T15:30:00+00:00
R. Perraud,20600,Southampton,Missing Fixture,Knock,2023-05-28T15:30:00+00:00
M. Salisu,47480,Southampton,Missing Fixture,Muscle Injury,2023-05-28T15:30:00+00:00
P. Onuachu,15812,Southampton,Questionable,Back Injury,2023-05-28T15:30:00+00:00
S. Bajcetic,310187,Liverpool,Missing Fixture,Muscle Injury,2023-05-28T15:30:00+00:00
N. Keita,294,Liverpool,Missing Fixture,Muscle Injury,2023-05-28T15:30:00+00:00
C. Ramsay,135525,Liverpool,Missing Fixture,Knee Injury,2023-05-28T15:30:00+00:00
Thiago,507,Liverpool,Missing Fixture,Hip Injury,2023-05-28T15:30:00+00:00
A. Robertson,289,Liverpool,Questionable,Groin Injury,2023-05-28T15:30:00+00:00
M. Obafemi,18957,Burnley,Missing Fixture,Thigh Injury,2023-08-11T19:00:00+00:00
M. Elneny,1452,Arsenal,Missing Fixture,Knock,2023-08-12T11:30:00+00:00
Gabriel Jesus,643,Arsenal,Missing Fixture,Knee Injury,2023-08-12T11:30:00+00:00
F. Balogun,138835,Arsenal,Questionable,Ankle Injury,2023-08-12T11:30:00+00:00
A. S. Lokonga,1427,Arsenal,Questionable,Muscle Injury,2023-08-12T11:30:00+00:00
O. Zinchenko,641,Arsenal,Questionable,Calf Injury,2023-08-12T11:30:00+00:00
W. Hennessey,18836,Nottingham Forest,Missing Fixture,Knee Injury,2023-08-12T11:30:00+00:00
O. Richards,19610,Nottingham Forest,Missing Fixture,Calf Injury,2023-08-12T11:30:00+00:00
Felipe,371,Nottingham Forest,Questionable,Injury,2023-08-12T11:30:00+00:00
R. Fredericks,18815,Bournemouth,Missing Fixture,Calf Injury,2023-08-12T14:00:00+00:00
A. Scott,304853,Bournemouth,Missing Fixture,Knee Injury,2023-08-12T14:00:00+00:00
M. Tavernier,19245,Bournemouth,Missing Fixture,Thigh Injury,2023-08-12T14:00:00+00:00
L. Kelly,19263,Bournemouth,Questionable,Injury,2023-08-12T14:00:00+00:00
A. Smith,18869,Bournemouth,Questionable,Muscle Injury,2023-08-12T14:00:00+00:00
J. Moder,40911,Brighton,Missing Fixture,Knee Injury,2023-08-12T14:00:00+00:00
M. Caicedo,116117,Brighton,Questionable,Thigh Injury,2023-08-12T14:00:00+00:00
A. Lallana,295,Brighton,Questionable,Lacking Match Fitness,2023-08-12T14:00:00+00:00
A. Webster,19265,Brighton,Questionable,Knock,2023-08-12T14:00:00+00:00
R. Burke,19408,Luton,Missing Fixture,Injury,2023-08-12T14:00:00+00:00
J. Clark,20189,Luton,Missing Fixture,Ankle Injury,2023-08-12T14:00:00+00:00
G. Osho,20206,Luton,Missing Fixture,Knee Injury,2023-08-12T14:00:00+00:00
D. Potts,19756,Luton,Missing Fixture,Ankle Injury,2023-08-12T14:00:00+00:00
D. Alli,172,Everton,Missing Fixture,Muscle Injury,2023-08-12T14:00:00+00:00
S. Coleman,18758,Everton,Missing Fixture,Knee Injury,2023-08-12T14:00:00+00:00
D. McNeil,18929,Everton,Missing Fixture,Ankle Injury,2023-08-12T14:00:00+00:00
J. Palhinha,41104,Fulham,Missing Fixture,Shoulder Injury,2023-08-12T14:00:00+00:00
J. Bogle,19201,Sheffield Utd,Missing Fixture,Knee Injury,2023-08-12T14:00:00+00:00
R. Brewster,303,Sheffield Utd,Missing Fixture,Muscle Injury,2023-08-12T14:00:00+00:00
I. Coulibaly,2028,Sheffield Utd,Missing Fixture,Knee Injury,2023-08-12T14:00:00+00:00
J. Fleck,19102,Sheffield Utd,Missing Fixture,Calf Injury,2023-08-12T14:00:00+00:00
R. Norrington-Davies,18331,Sheffield Utd,Missing Fixture,Muscle Injury,2023-08-12T14:00:00+00:00
D. Jebbison,296458,Sheffield Utd,Questionable,Muscle Injury,2023-08-12T14:00:00+00:00
O. McBurnie,19337,Sheffield Utd,Questionable,Ankle Injury,2023-08-12T14:00:00+00:00
Matheus Franca,311157,Crystal Palace,Missing Fixture,Injury,2023-08-12T14:00:00+00:00
M. Olise,19617,Crystal Palace,Missing Fixture,Thigh Injury,2023-08-12T14:00:00+00:00
W. Hughes,18806,Crystal Palace,Questionable,Knee Injury,2023-08-12T14:00:00+00:00
E. Krafth,2855,Newcastle,Missing Fixture,Knee Injury,2023-08-12T16:30:00+00:00
J. Manquillo,18896,Newcastle,Missing Fixture,Muscle Injury,2023-08-12T16:30:00+00:00
J. Willock,1463,Newcastle,Missing Fixture,Muscle Injury,2023-08-12T16:30:00+00:00
E. Buendia,19071,Aston Villa,Missing Fixture,Knee Injury,2023-08-12T16:30:00+00:00
L. Dendoncker,2922,Aston Villa,Missing Fixture,Muscle Injury,2023-08-12T16:30:00+00:00
J. Duran,13489,Aston Villa,Missing Fixture,Injury,2023-08-12T16:30:00+00:00
K. Hause,19177,Aston Villa,Missing Fixture,Knee Injury,2023-08-12T16:30:00+00:00
T. Iroegbunam,284500,Aston Villa,Missing Fixture,Surgery,2023-08-12T16:30:00+00:00
A. Moreno,47547,Aston Villa,Missing Fixture,Thigh Injury,2023-08-12T16:30:00+00:00
J. Ramsey,19192,Aston Villa,Missing Fixture,Foot Injury,2023-08-12T16:30:00+00:00
B. Traore,671,Aston Villa,Missing Fixture,Muscle Injury,2023-08-12T16:30:00+00:00
I. Toney,19974,Brentford,Missing Fixture,Suspended,2023-08-13T13:00:00+00:00
F. Onyeka,15799,Brentford,Questionable,Thigh Injury,2023-08-13T13:00:00+00:00
R. Bentancur,863,Tottenham,Missing Fixture,Knee Injury,2023-08-13T13:00:00+00:00
B. Gil,2061,Tottenham,Missing Fixture,Muscle Injury,2023-08-13T13:00:00+00:00
R. Sessegnon,19032,Tottenham,Missing Fixture,Thigh Injury,2023-08-13T13:00:00+00:00
A. Whiteman,161,Tottenham,Missing Fixture,Ankle Injury,2023-08-13T13:00:00+00:00
F. Forster,18932,Tottenham,Questionable,Back Injury,2023-08-13T13:00:00+00:00
T. Ndombele,662,Tottenham,Questionable,Injury,2023-08-13T13:00:00+00:00
M. Bettinelli,19012,Chelsea,Missing Fixture,Injury,2023-08-13T15:30:00+00:00
A. Broja,138822,Chelsea,Missing Fixture,Knee Injury,2023-08-13T15:30:00+00:00
T. Chalobah,19720,Chelsea,Missing Fixture,Injury,2023-08-13T15:30:00+00:00
W. Fofana,22094,Chelsea,Missing Fixture,Leg Injury,2023-08-13T15:30:00+00:00
C. Nkunku,269,Chelsea,Missing Fixture,Knee Injury,2023-08-13T15:30:00+00:00
B. Badiashile,95,Chelsea,Questionable,Groin Injury,2023-08-13T15:30:00+00:00
S. Bajcetic,310187,Liverpool,Questionable,Muscle Injury,2023-08-13T15:30:00+00:00
Thiago,507,Liverpool,Questionable,Hip Injury,2023-08-13T15:30:00+00:00
A. Diallo,157997,Manchester United,Missing Fixture,Knee Injury,2023-08-14T19:00:00+00:00
M. Greenwood,897,Manchester United,Missing Fixture,Inactive,2023-08-14T19:00:00+00:00
T. Heaton,2931,Manchester United,Missing Fixture,Calf Injury,2023-08-14T19:00:00+00:00
K. Mainoo,284322,Manchester United,Missing Fixture,Ankle Injury,2023-08-14T19:00:00+00:00
T. Malacia,37145,Manchester United,Missing Fixture,Muscle Injury,2023-08-14T19:00:00+00:00
R. Hojlund,288006,Manchester United,Questionable,Lower Back Injury,2023-08-14T19:00:00+00:00
Felipe,371,Nottingham Forest,Missing Fixture,Injury,2023-08-18T18:45:00+00:00
W. Hennessey,18836,Nottingham Forest,Missing Fixture,Knee Injury,2023-08-18T18:45:00+00:00
O. Richards,19610,Nottingham Forest,Missing Fixture,Calf Injury,2023-08-18T18:45:00+00:00
R. Brewster,303,Sheffield Utd,Missing Fixture,Muscle Injury,2023-08-18T18:45:00+00:00
I. Coulibaly,2028,Sheffield Utd,Missing Fixture,Knee Injury,2023-08-18T18:45:00+00:00
J. Fleck,19102,Sheffield Utd,Missing Fixture,Calf Injury,2023-08-18T18:45:00+00:00
R. Norrington-Davies,18331,Sheffield Utd,Missing Fixture,Muscle Injury,2023-08-18T18:45:00+00:00
J. Bogle,19201,Sheffield Utd,Questionable,Knee Injury,2023-08-18T18:45:00+00:00
D. Jebbison,296458,Sheffield Utd,Questionable,Muscle Injury,2023-08-18T18:45:00+00:00
O. McBurnie,19337,Sheffield Utd,Questionable,Ankle Injury,2023-08-18T18:45:00+00:00
A. Mitrovic,2825,Fulham,Missing Fixture,Ankle Injury,2023-08-19T14:00:00+00:00
I. Toney,19974,Brentford,Missing Fixture,Suspended,2023-08-19T14:00:00+00:00
B. Mee,18917,Brentford,Questionable,Muscle Injury,2023-08-19T14:00:00+00:00
C. Jones,293,Liverpool,Missing Fixture,Ankle Injury,2023-08-19T14:00:00+00:00
Thiago,507,Liverpool,Missing Fixture,Hip Injury,2023-08-19T14:00:00+00:00
R. Fredericks,18815,Bournemouth,Missing Fixture,Calf Injury,2023-08-19T14:00:00+00:00
A. Scott,304853,Bournemouth,Missing Fixture,Knee Injury,2023-08-19T14:00:00+00:00
M. Tavernier,19245,Bournemouth,Missing Fixture,Thigh Injury,2023-08-19T14:00:00+00:00
L. Cook,18872,Bournemouth,Questionable,Hip Injury,2023-08-19T14:00:00+00:00
A. Smith,18869,Bournemouth,Questionable,Muscle Injury,2023-08-19T14:00:00+00:00
J. Moder,40911,Brighton,Missing Fixture,Knee Injury,2023-08-19T14:00:00+00:00
R. Bentancur,863,Tottenham,Missing Fixture,Knee Injury,2023-08-19T16:30:00+00:00
B. Gil,2061,Tottenham,Missing Fixture,Muscle Injury,2023-08-19T16:30:00+00:00
R. Sessegnon,19032,Tottenham,Missing Fixture,Thigh Injury,2023-08-19T16:30:00+00:00
A. Whiteman,161,Tottenham,Missing Fixture,Ankle Injury,2023-08-19T16:30:00+00:00
T. Ndombele,662,Tottenham,Questionable,Injury,2023-08-19T16:30:00+00:00
A. Diallo,157997,Manchester United,Missing Fixture,Knee Injury,2023-08-19T16:30:00+00:00
M. Greenwood,897,Manchester United,Missing Fixture,Inactive,2023-08-19T16:30:00+00:00
T. Heaton,2931,Manchester United,Missing Fixture,Calf Injury,2023-08-19T16:30:00+00:00
R. Hojlund,288006,Manchester United,Missing Fixture,Lower Back Injury,2023-08-19T16:30:00+00:00
K. Mainoo,284322,Manchester United,Missing Fixture,Ankle Injury,2023-08-19T16:30:00+00:00
T. Malacia,37145,Manchester United,Missing Fixture,Muscle Injury,2023-08-19T16:30:00+00:00
K. De Bruyne,629,Manchester City,Missing Fixture,Thigh Injury,2023-08-19T19:00:00+00:00
J. Stones,626,Manchester City,Missing Fixture,Muscle Injury,2023-08-19T19:00:00+00:00
B. Silva,636,Manchester City,Questionable,Illness,2023-08-19T19:00:00+00:00
E. Krafth,2855,Newcastle,Missing Fixture,Knee Injury,2023-08-19T19:00:00+00:00
J. Manquillo,18896,Newcastle,Missing Fixture,Muscle Injury,2023-08-19T19:00:00+00:00
J. Willock,1463,Newcastle,Missing Fixture,Muscle Injury,2023-08-19T19:00:00+00:00
E. Buendia,19071,Aston Villa,Missing Fixture,Knee Injury,2023-08-20T13:00:00+00:00
L. Dendoncker,2922,Aston Villa,Missing Fixture,Muscle Injury,2023-08-20T13:00:00+00:00
K. Hause,19177,Aston Villa,Missing Fixture,Knee Injury,2023-08-20T13:00:00+00:00
T. Iroegbunam,284500,Aston Villa,Missing Fixture,Surgery,2023-08-20T13:00:00+00:00
T. Mings,19179,Aston Villa,Missing Fixture,Knee Injury,2023-08-20T13:00:00+00:00
J. Ramsey,19192,Aston Villa,Missing Fixture,Foot Injury,2023-08-20T13:00:00+00:00
A. Moreno,47547,Aston Villa,Questionable,Thigh Injury,2023-08-20T13:00:00+00:00
D. Alli,172,Everton,Missing Fixture,Muscle Injury,2023-08-20T13:00:00+00:00
S. Coleman,18758,Everton,Missing Fixture,Knee Injury,2023-08-20T13:00:00+00:00
J. Harrison,19128,Everton,Missing Fixture,Injury,2023-08-20T13:00:00+00:00
D. McNeil,18929,Everton,Missing Fixture,Ankle Injury,2023-08-20T13:00:00+00:00
Chermiti,330412,Everton,Questionable,Lacking Match Fitness,2023-08-20T13:00:00+00:00
A. Gomes,18765,Everton,Questionable,Calf Injury,2023-08-20T13:00:00+00:00
M. Bettinelli,19012,Chelsea,Missing Fixture,Injury,2023-08-20T15:30:00+00:00
A. Broja,138822,Chelsea,Missing Fixture,Knee Injury,2023-08-20T15:30:00+00:00
T. Chalobah,19720,Chelsea,Missing Fixture,Injury,2023-08-20T15:30:00+00:00
W. Fofana,22094,Chelsea,Missing Fixture,Leg Injury,2023-08-20T15:30:00+00:00
R. James,19545,Chelsea,Missing Fixture,Hamstring Injury,2023-08-20T15:30:00+00:00
C. Nkunku,269,Chelsea,Missing Fixture,Knee Injury,2023-08-20T15:30:00+00:00
B. Badiashile,95,Chelsea,Questionable,Groin Injury,2023-08-20T15:30:00+00:00
W. Hughes,18806,Crystal Palace,Missing Fixture,Knee Injury,2023-08-21T19:00:00+00:00
Matheus Franca,311157,Crystal Palace,Missing Fixture,Injury,2023-08-21T19:00:00+00:00
M. Olise,19617,Crystal Palace,Missing Fixture,Thigh Injury,2023-08-21T19:00:00+00:00
M. Elneny,1452,Arsenal,Missing Fixture,Knock,2023-08-21T19:00:00+00:00
Gabriel Jesus,643,Arsenal,Missing Fixture,Knee Injury,2023-08-21T19:00:00+00:00
J. Timber,38746,Arsenal,Missing Fixture,Knee Injury,2023-08-21T19:00:00+00:00
F. Balogun,138835,Arsenal,Questionable,Ankle Injury,2023-08-21T19:00:00+00:00
A. S. Lokonga,1427,Arsenal,Questionable,Muscle Injury,2023-08-21T19:00:00+00:00
B. Badiashile,95,Chelsea,Missing Fixture,Groin Injury,2023-08-25T19:00:00+00:00
M. Bettinelli,19012,Chelsea,Missing Fixture,Injury,2023-08-25T19:00:00+00:00
A. Broja,138822,Chelsea,Missing Fixture,Knee Injury,2023-08-25T19:00:00+00:00
T. Chalobah,19720,Chelsea,Missing Fixture,Injury,2023-08-25T19:00:00+00:00
C. Chukwuemeka,138935,Chelsea,Missing Fixture,Knee Injury,2023-08-25T19:00:00+00:00
W. Fofana,22094,Chelsea,Missing Fixture,Leg Injury,2023-08-25T19:00:00+00:00
R. James,19545,Chelsea,Missing Fixture,Hamstring Injury,2023-08-25T19:00:00+00:00
M. Mudryk,63577,Chelsea,Missing Fixture,Injury,2023-08-25T19:00:00+00:00
C. Nkunku,269,Chelsea,Missing Fixture,Knee Injury,2023-08-25T19:00:00+00:00
R. Lavia,282125,Chelsea,Questionable,Lacking Match Fitness,2023-08-25T19:00:00+00:00
J. Clark,20189,Luton,Missing Fixture,Ankle Injury,2023-08-25T19:00:00+00:00
G. Osho,20206,Luton,Missing Fixture,Knee Injury,2023-08-25T19:00:00+00:00
D. Potts,19756,Luton,Missing Fixture,Ankle Injury,2023-08-25T19:00:00+00:00
T. Adams,1150,Bournemouth,Missing Fixture,Thigh Injury,2023-08-26T11:30:00+00:00
R. Fredericks,18815,Bournemouth,Missing Fixture,Calf Injury,2023-08-26T11:30:00+00:00
E. Marcondes,19356,Bournemouth,Missing Fixture,Ankle Injury,2023-08-26T11:30:00+00:00
A. Scott,304853,Bournemouth,Missing Fixture,Knee Injury,2023-08-26T11:30:00+00:00
M. Tavernier,19245,Bournemouth,Missing Fixture,Thigh Injury,2023-08-26T11:30:00+00:00
A. Smith,18869,Bournemouth,Questionable,Muscle Injury,2023-08-26T11:30:00+00:00
R. Bentancur,863,Tottenham,Missing Fixture,Knee Injury,2023-08-26T11:30:00+00:00
B. Gil,2061,Tottenham,Missing Fixture,Muscle Injury,2023-08-26T11:30:00+00:00
R. Sessegnon,19032,Tottenham,Missing Fixture,Thigh Injury,2023-08-26T11:30:00+00:00
A. Whiteman,161,Tottenham,Missing Fixture,Ankle Injury,2023-08-26T11:30:00+00:00
M. Elneny,1452,Arsenal,Missing Fixture,Knock,2023-08-26T14:00:00+00:00
J. Timber,38746,Arsenal,Missing Fixture,Knee Injury,2023-08-26T14:00:00+00:00
F. Balogun,138835,Arsenal,Questionable,Ankle Injury,2023-08-26T14:00:00+00:00
A. S. Lokonga,1427,Arsenal,Questionable,Muscle Injury,2023-08-26T14:00:00+00:00
S. Baptiste,20110,Brentford,Missing Fixture,Shoulder Injury,2023-08-26T14:00:00+00:00
J. Dasilva,19362,Brentford,Missing Fixture,Thigh Injury,2023-08-26T14:00:00+00:00
I. Toney,19974,Brentford,Missing Fixture,Suspended,2023-08-26T14:00:00+00:00
B. Mee,18917,Brentford,Questionable,Muscle Injury,2023-08-26T14:00:00+00:00
Matheus Franca,311157,Crystal Palace,Missing Fixture,Injury,2023-08-26T14:00:00+00:00
M. Olise,19617,Crystal Palace,Missing Fixture,Thigh Injury,2023-08-26T14:00:00+00:00
W. Hughes,18806,Crystal Palace,Questionable,Knee Injury,2023-08-26T14:00:00+00:00
D. Alli,172,Everton,Missing Fixture,Muscle Injury,2023-08-26T14:00:00+00:00
D. Calvert-Lewin,18766,Everton,Missing Fixture,Head Injury,2023-08-26T14:00:00+00:00
S. Coleman,18758,Everton,Missing Fixture,Knee Injury,2023-08-26T14:00:00+00:00
J. Harrison,19128,Everton,Missing Fixture,Injury,2023-08-26T14:00:00+00:00
A. Iwobi,1455,Everton,Missing Fixture,Thigh Injury,2023-08-26T14:00:00+00:00
D. McNeil,18929,Everton,Missing Fixture,Ankle Injury,2023-08-26T14:00:00+00:00
A. Gomes,18765,Everton,Questionable,Calf Injury,2023-08-26T14:00:00+00:00
A. Diallo,157997,Manchester United,Missing Fixture,Knee Injury,2023-08-26T14:00:00+00:00
T. Heaton,2931,Manchester United,Missing Fixture,Calf Injury,2023-08-26T14:00:00+00:00
K. Mainoo,284322,Manchester United,Missing Fixture,Ankle Injury,2023-08-26T14:00:00+00:00
T. Malacia,37145,Manchester United,Missing Fixture,Muscle Injury,2023-08-26T14:00:00+00:00
M. Mount,19220,Manchester United,Missing Fixture,Hamstring Injury,2023-08-26T14:00:00+00:00
L. Shaw,891,Manchester United,Missing Fixture,Muscle Injury,2023-08-26T14:00:00+00:00
R. Hojlund,288006,Manchester United,Questionable,Lower Back Injury,2023-08-26T14:00:00+00:00
Felipe,371,Nottingham Forest,Missing Fixture,Injury,2023-08-26T14:00:00+00:00
W. Hennessey,18836,Nottingham Forest,Missing Fixture,Knee Injury,2023-08-26T14:00:00+00:00
J. Enciso,70747,Brighton,Missing Fixture,Knee Injury,2023-08-26T16:30:00+00:00
J. Moder,40911,Brighton,Missing Fixture,Knee Injury,2023-08-26T16:30:00+00:00
D. Churlinov,105789,Burnley,Missing Fixture,Injury,2023-08-27T13:00:00+00:00
M. Obafemi,18957,Burnley,Missing Fixture,Thigh Injury,2023-08-27T13:00:00+00:00
J. Beyer,25628,Burnley,Questionable,Thigh Injury,2023-08-27T13:00:00+00:00
E. Buendia,19071,Aston Villa,Missing Fixture,Knee Injury,2023-08-27T13:00:00+00:00
Coutinho,147,Aston Villa,Missing Fixture,Hamstring Injury,2023-08-27T13:00:00+00:00
L. Dendoncker,2922,Aston Villa,Missing Fixture,Muscle Injury,2023-08-27T13:00:00+00:00
K. Hause,19177,Aston Villa,Missing Fixture,Knee Injury,2023-08-27T13:00:00+00:00
T. Iroegbunam,284500,Aston Villa,Missing Fixture,Surgery,2023-08-27T13:00:00+00:00
T. Mings,19179,Aston Villa,Missing Fixture,Knee Injury,2023-08-27T13:00:00+00:00
J. Ramsey,19192,Aston Villa,Missing Fixture,Foot Injury,2023-08-27T13:00:00+00:00
A. Moreno,47547,Aston Villa,Questionable,Thigh Injury,2023-08-27T13:00:00+00:00
R. Brewster,303,Sheffield Utd,Missing Fixture,Muscle Injury,2023-08-27T13:00:00+00:00
J. Fleck,19102,Sheffield Utd,Missing Fixture,Calf Injury,2023-08-27T13:00:00+00:00
D. Jebbison,296458,Sheffield Utd,Missing Fixture,Muscle Injury,2023-08-27T13:00:00+00:00
M. Lowe,44809,Sheffield Utd,Missing Fixture,Ankle Injury,2023-08-27T13:00:00+00:00
R. Norrington-Davies,18331,Sheffield Utd,Missing Fixture,Muscle Injury,2023-08-27T13:00:00+00:00
A. Slimane,199310,Sheffield Utd,Questionable,Thigh Injury,2023-08-27T13:00:00+00:00
K. De Bruyne,629,Manchester City,Missing Fixture,Thigh Injury,2023-08-27T13:00:00+00:00
J. Stones,626,Manchester City,Missing Fixture,Muscle Injury,2023-08-27T13:00:00+00:00
E. Krafth,2855,Newcastle,Missing Fixture,Knee Injury,2023-08-27T15:30:00+00:00
J. Manquillo,18896,Newcastle,Missing Fixture,Muscle Injury,2023-08-27T15:30:00+00:00
J. Willock,1463,Newcastle,Missing Fixture,Muscle Injury,2023-08-27T15:30:00+00:00
C. Jones,293,Liverpool,Missing Fixture,Ankle Injury,2023-08-27T15:30:00+00:00
Thiago,507,Liverpool,Missing Fixture,Hip Injury,2023-08-27T15:30:00+00:00
I. Konate,1145,Liverpool,Questionable,Lacking Match Fitness,2023-08-27T15:30:00+00:00
J. Clark,20189,Luton,Missing Fixture,Ankle Injury,2023-09-01T19:00:00+00:00
G. Osho,20206,Luton,Missing Fixture,Knee Injury,2023-09-01T19:00:00+00:00
D. Potts,19756,Luton,Missing Fixture,Ankle Injury,2023-09-01T19:00:00+00:00
K. Mavropanos,1445,West Ham,Missing Fixture,Lower Back Injury,2023-09-01T19:00:00+00:00
T. Soucek,1243,West Ham,Missing Fixture,Head Injury,2023-09-01T19:00:00+00:00
R. Brewster,303,Sheffield Utd,Missing Fixture,Muscle Injury,2023-09-02T11:30:00+00:00
J. Fleck,19102,Sheffield Utd,Missing Fixture,Calf Injury,2023-09-02T11:30:00+00:00
D. Jebbison,296458,Sheffield Utd,Missing Fixture,Muscle Injury,2023-09-02T11:30:00+00:00
M. Lowe,44809,Sheffield Utd,Missing Fixture,Ankle Injury,2023-09-02T11:30:00+00:00
R. Norrington-Davies,18331,Sheffield Utd,Missing Fixture,Muscle Injury,2023-09-02T11:30:00+00:00
B. Osborn,19302,Sheffield Utd,Missing Fixture,Groin Injury,2023-09-02T11:30:00+00:00
D. Alli,172,Everton,Missing Fixture,Muscle Injury,2023-09-02T11:30:00+00:00
S. Coleman,18758,Everton,Missing Fixture,Knee Injury,2023-09-02T11:30:00+00:00
A. Gomes,18765,Everton,Missing Fixture,Calf Injury,2023-09-02T11:30:00+00:00
D. Calvert-Lewin,18766,Everton,Questionable,Head Injury,2023-09-02T11:30:00+00:00
J. Harrison,19128,Everton,Questionable,Injury,2023-09-02T11:30:00+00:00
S. Baptiste,20110,Brentford,Missing Fixture,Shoulder Injury,2023-09-02T14:00:00+00:00
J. Dasilva,19362,Brentford,Missing Fixture,Thigh Injury,2023-09-02T14:00:00+00:00
I. Toney,19974,Brentford,Missing Fixture,Suspended,2023-09-02T14:00:00+00:00
M. Damsgaard,15908,Brentford,Questionable,Knock,2023-09-02T14:00:00+00:00
T. Adams,1150,Bournemouth,Missing Fixture,Thigh Injury,2023-09-02T14:00:00+00:00
R. Fredericks,18815,Bournemouth,Missing Fixture,Calf Injury,2023-09-02T14:00:00+00:00
E. Marcondes,19356,Bournemouth,Missing Fixture,Ankle Injury,2023-09-02T14:00:00+00:00
A. Scott,304853,Bournemouth,Missing Fixture,Knee Injury,2023-09-02T14:00:00+00:00
D. Churlinov,105789,Burnley,Missing Fixture,Injury,2023-09-02T14:00:00+00:00
H. Ekdal,47903,Burnley,Missing Fixture,Knee Injury,2023-09-02T14:00:00+00:00
M. Obafemi,18957,Burnley,Missing Fixture,Thigh Injury,2023-09-02T14:00:00+00:00
A. Zaroury,129169,Burnley,Missing Fixture,Red Card,2023-09-02T14:00:00+00:00
A. Ramsey,278079,Burnley,Questionable,Knock,2023-09-02T14:00:00+00:00
Vitinho,8661,Burnley,Questionable,Knee Injury,2023-09-02T14:00:00+00:00
R. Bentancur,863,Tottenham,Missing Fixture,Knee Injury,2023-09-02T14:00:00+00:00
B. Gil,2061,Tottenham,Missing Fixture,Muscle Injury,2023-09-02T14:00:00+00:00
G. Lo Celso,1578,Tottenham,Missing Fixture,Thigh Injury,2023-09-02T14:00:00+00:00
R. Sessegnon,19032,Tottenham,Missing Fixture,Thigh Injury,2023-09-02T14:00:00+00:00
A. Whiteman,161,Tottenham,Missing Fixture,Ankle Injury,2023-09-02T14:00:00+00:00
M. Bettinelli,19012,Chelsea,Missing Fixture,Injury,2023-09-02T14:00:00+00:00
A. Broja,138822,Chelsea,Missing Fixture,Knee Injury,2023-09-02T14:00:00+00:00
T. Chalobah,19720,Chelsea,Missing Fixture,Injury,2023-09-02T14:00:00+00:00
C. Chukwuemeka,138935,Chelsea,Missing Fixture,Knee Injury,2023-09-02T14:00:00+00:00
W. Fofana,22094,Chelsea,Missing Fixture,Leg Injury,2023-09-02T14:00:00+00:00
R. James,19545,Chelsea,Missing Fixture,Hamstring Injury,2023-09-02T14:00:00+00:00
C. Nkunku,269,Chelsea,Missing Fixture,Knee Injury,2023-09-02T14:00:00+00:00
B. Badiashile,95,Chelsea,Questionable,Groin Injury,2023-09-02T14:00:00+00:00
R. Lavia,282125,Chelsea,Questionable,Lacking Match Fitness,2023-09-02T14:00:00+00:00
W. Hennessey,18836,Nottingham Forest,Questionable,Knee Injury,2023-09-02T14:00:00+00:00
K. De Bruyne,629,Manchester City,Missing Fixture,Thigh Injury,2023-09-02T14:00:00+00:00
J. Stones,626,Manchester City,Questionable,Muscle Injury,2023-09-02T14:00:00+00:00
S. Benda,19312,Fulham,Missing Fixture,Knee Injury,2023-09-02T14:00:00+00:00
S. Lukic,2823,Fulham,Missing Fixture,Knee Injury,2023-09-02T14:00:00+00:00
J. Enciso,70747,Brighton,Missing Fixture,Knee Injury,2023-09-02T16:30:00+00:00
J. Moder,40911,Brighton,Missing Fixture,Knee Injury,2023-09-02T16:30:00+00:00
D. Welbeck,1469,Brighton,Questionable,Muscle Injury,2023-09-02T16:30:00+00:00
E. Krafth,2855,Newcastle,Missing Fixture,Knee Injury,2023-09-02T16:30:00+00:00
J. Willock,1463,Newcastle,Missing Fixture,Muscle Injury,2023-09-02T16:30:00+00:00
S. Botman,38734,Newcastle,Questionable,Ankle Injury,2023-09-02T16:30:00+00:00
J. Manquillo,18896,Newcastle,Questionable,Muscle Injury,2023-09-02T16:30:00+00:00
Matheus Franca,311157,Crystal Palace,Missing Fixture,Injury,2023-09-03T13:00:00+00:00
M. Olise,19617,Crystal Palace,Missing Fixture,Thigh Injury,2023-09-03T13:00:00+00:00
J. Hodge,204033,Wolves,Missing Fixture,Thigh Injury,2023-09-03T13:00:00+00:00
V. van Dijk,290,Liverpool,Missing Fixture,Red Card,2023-09-03T13:00:00+00:00
I. Konate,1145,Liverpool,Questionable,Lacking Match Fitness,2023-09-03T13:00:00+00:00
Thiago,507,Liverpool,Questionable,Hip Injury,2023-09-03T13:00:00+00:00
E. Buendia,19071,Aston Villa,Missing Fixture,Knee Injury,2023-09-03T13:00:00+00:00
Coutinho,147,Aston Villa,Missing Fixture,Hamstring Injury,2023-09-03T13:00:00+00:00
K. Hause,19177,Aston Villa,Missing Fixture,Knee Injury,2023-09-03T13:00:00+00:00
T. Iroegbunam,284500,Aston Villa,Missing Fixture,Surgery,2023-09-03T13:00:00+00:00
T. Mings,19179,Aston Villa,Missing Fixture,Knee Injury,2023-09-03T13:00:00+00:00
J. Ramsey,19192,Aston Villa,Missing Fixture,Foot Injury,2023-09-03T13:00:00+00:00
A. Moreno,47547,Aston Villa,Questionable,Thigh Injury,2023-09-03T13:00:00+00:00
M. Elneny,1452,Arsenal,Missing Fixture,Knock,2023-09-03T15:30:00+00:00
T. Partey,49,Arsenal,Missing Fixture,Muscle Injury,2023-09-03T15:30:00+00:00
J. Timber,38746,Arsenal,Missing Fixture,Knee Injury,2023-09-03T15:30:00+00:00
A. Diallo,157997,Manchester United,Missing Fixture,Knee Injury,2023-09-03T15:30:00+00:00
T. Heaton,2931,Manchester United,Missing Fixture,Calf Injury,2023-09-03T15:30:00+00:00
K. Mainoo,284322,Manchester United,Missing Fixture,Ankle Injury,2023-09-03T15:30:00+00:00
T. Malacia,37145,Manchester United,Missing Fixture,Muscle Injury,2023-09-03T15:30:00+00:00
M. Mount,19220,Manchester United,Missing Fixture,Hamstring Injury,2023-09-03T15:30:00+00:00
L. Shaw,891,Manchester United,Missing Fixture,Muscle Injury,2023-09-03T15:30:00+00:00
R. Varane,742,Manchester United,Missing Fixture,Injury,2023-09-03T15:30:00+00:00
J. Hodge,204033,Wolves,Missing Fixture,Thigh Injury,2023-09-16T11:30:00+00:00
Thiago,507,Liverpool,Missing Fixture,Hip Injury,2023-09-16T11:30:00+00:00
V. van Dijk,290,Liverpool,Missing Fixture,Red Card,2023-09-16T11:30:00+00:00
T. Alexander-Arnold,283,Liverpool,Questionable,Muscle Injury,2023-09-16T11:30:00+00:00
E. Buendia,19071,Aston Villa,Missing Fixture,Knee Injury,2023-09-16T14:00:00+00:00
Diego Carlos,21090,Aston Villa,Missing Fixture,Injury,2023-09-16T14:00:00+00:00
K. Hause,19177,Aston Villa,Missing Fixture,Knee Injury,2023-09-16T14:00:00+00:00
T. Iroegbunam,284500,Aston Villa,Missing Fixture,Surgery,2023-09-16T14:00:00+00:00
T. Mings,19179,Aston Villa,Missing Fixture,Knee Injury,2023-09-16T14:00:00+00:00
J. Ramsey,19192,Aston Villa,Questionable,Foot Injury,2023-09-16T14:00:00+00:00
B. Traore,671,Aston Villa,Questionable,Injury,2023-09-16T14:00:00+00:00
J. Lerma,2490,Crystal Palace,Missing Fixture,Thigh Injury,2023-09-16T14:00:00+00:00
Matheus Franca,311157,Crystal Palace,Missing Fixture,Injury,2023-09-16T14:00:00+00:00
M. Olise,19617,Crystal Palace,Missing Fixture,Thigh Injury,2023-09-16T14:00:00+00:00
J. Tomkins,18844,Crystal Palace,Missing Fixture,Calf Injury,2023-09-16T14:00:00+00:00
M. Guehi,67971,Crystal Palace,Questionable,Injury,2023-09-16T14:00:00+00:00
T. Adarabioyo,19145,Fulham,Missing Fixture,Injury,2023-09-16T14:00:00+00:00
S. Benda,19312,Fulham,Missing Fixture,Knee Injury,2023-09-16T14:00:00+00:00
S. Lukic,2823,Fulham,Questionable,Knee Injury,2023-09-16T14:00:00+00:00
J. Clark,20189,Luton,Missing Fixture,Ankle Injury,2023-09-16T14:00:00+00:00
G. Osho,20206,Luton,Missing Fixture,Knee Injury,2023-09-16T14:00:00+00:00
D. Potts,19756,Luton,Missing Fixture,Ankle Injury,2023-09-16T14:00:00+00:00
S. Amrabat,74,Manchester United,Missing Fixture,Back Injury,2023-09-16T14:00:00+00:00
Antony,9971,Manchester United,Missing Fixture,Inactive,2023-09-16T14:00:00+00:00
A. Diallo,157997,Manchester United,Missing Fixture,Knee Injury,2023-09-16T14:00:00+00:00
T. Heaton,2931,Manchester United,Missing Fixture,Calf Injury,2023-09-16T14:00:00+00:00
K. Mainoo,284322,Manchester United,Missing Fixture,Ankle Injury,2023-09-16T14:00:00+00:00
T. Malacia,37145,Manchester United,Missing Fixture,Muscle Injury,2023-09-16T14:00:00+00:00
J. Sancho,18,Manchester United,Missing Fixture,Suspended,2023-09-16T14:00:00+00:00
L. Shaw,891,Manchester United,Missing Fixture,Muscle Injury,2023-09-16T14:00:00+00:00
M. Mount,19220,Manchester United,Questionable,Hamstring Injury,2023-09-16T14:00:00+00:00
R. Varane,742,Manchester United,Questionable,Injury,2023-09-16T14:00:00+00:00
J. Enciso,70747,Brighton,Missing Fixture,Knee Injury,2023-09-16T14:00:00+00:00
J. Moder,40911,Brighton,Missing Fixture,Knee Injury,2023-09-16T14:00:00+00:00
R. Bentancur,863,Tottenham,Missing Fixture,Knee Injury,2023-09-16T14:00:00+00:00
B. Gil,2061,Tottenham,Missing Fixture,Muscle Injury,2023-09-16T14:00:00+00:00
R. Sessegnon,19032,Tottenham,Missing Fixture,Thigh Injury,2023-09-16T14:00:00+00:00
A. Whiteman,161,Tottenham,Missing Fixture,Ankle Injury,2023-09-16T14:00:00+00:00
G. Lo Celso,1578,Tottenham,Questionable,Thigh Injury,2023-09-16T14:00:00+00:00
G. Baldock,19090,Sheffield Utd,Missing Fixture,Calf Injury,2023-09-16T14:00:00+00:00
R. Brewster,303,Sheffield Utd,Missing Fixture,Muscle Injury,2023-09-16T14:00:00+00:00
J. Egan,19093,Sheffield Utd,Missing Fixture,Knee Injury,2023-09-16T14:00:00+00:00
J. Fleck,19102,Sheffield Utd,Missing Fixture,Calf Injury,2023-09-16T14:00:00+00:00
D. Jebbison,296458,Sheffield Utd,Missing Fixture,Muscle Injury,2023-09-16T14:00:00+00:00
M. Lowe,44809,Sheffield Utd,Missing Fixture,Ankle Injury,2023-09-16T14:00:00+00:00
R. Norrington-Davies,18331,Sheffield Utd,Missing Fixture,Muscle Injury,2023-09-16T14:00:00+00:00
B. Osborn,19302,Sheffield Utd,Missing Fixture,Groin Injury,2023-09-16T14:00:00+00:00
K. De Bruyne,629,Manchester City,Missing Fixture,Thigh Injury,2023-09-16T14:00:00+00:00
J. Grealish,19187,Manchester City,Questionable,Thigh Injury,2023-09-16T14:00:00+00:00
M. Kovacic,2291,Manchester City,Questionable,Back Injury,2023-09-16T14:00:00+00:00
J. Stones,626,Manchester City,Questionable,Muscle Injury,2023-09-16T14:00:00+00:00
E. Krafth,2855,Newcastle,Missing Fixture,Knee Injury,2023-09-16T16:30:00+00:00
J. Willock,1463,Newcastle,Missing Fixture,Muscle Injury,2023-09-16T16:30:00+00:00
J. Manquillo,18896,Newcastle,Questionable,Muscle Injury,2023-09-16T16:30:00+00:00
S. Baptiste,20110,Brentford,Missing Fixture,Shoulder Injury,2023-09-16T16:30:00+00:00
J. Dasilva,19362,Brentford,Missing Fixture,Thigh Injury,2023-09-16T16:30:00+00:00
I. Toney,19974,Brentford,Missing Fixture,Suspended,2023-09-16T16:30:00+00:00
M. Damsgaard,15908,Brentford,Questionable,Knock,2023-09-16T16:30:00+00:00
R. Fredericks,18815,Bournemouth,Missing Fixture,Calf Injury,2023-09-17T13:00:00+00:00
E. Marcondes,19356,Bournemouth,Missing Fixture,Ankle Injury,2023-09-17T13:00:00+00:00
A. Scott,304853,Bournemouth,Missing Fixture,Knee Injury,2023-09-17T13:00:00+00:00
T. Adams,1150,Bournemouth,Questionable,Thigh Injury,2023-09-17T13:00:00+00:00
M. Bettinelli,19012,Chelsea,Missing Fixture,Injury,2023-09-17T13:00:00+00:00
A. Broja,138822,Chelsea,Missing Fixture,Knee Injury,2023-09-17T13:00:00+00:00
C. Chukwuemeka,138935,Chelsea,Missing Fixture,Knee Injury,2023-09-17T13:00:00+00:00
W. Fofana,22094,Chelsea,Missing Fixture,Knee Injury,2023-09-17T13:00:00+00:00
R. James,19545,Chelsea,Missing Fixture,Hamstring Injury,2023-09-17T13:00:00+00:00
R. Lavia,282125,Chelsea,Missing Fixture,Ankle Injury,2023-09-17T13:00:00+00:00
C. Nkunku,269,Chelsea,Missing Fixture,Knee Injury,2023-09-17T13:00:00+00:00
B. Badiashile,95,Chelsea,Questionable,Groin Injury,2023-09-17T13:00:00+00:00
M. Caicedo,116117,Chelsea,Questionable,Inactive,2023-09-17T13:00:00+00:00
T. Chalobah,19720,Chelsea,Questionable,Injury,2023-09-17T13:00:00+00:00
D. Alli,172,Everton,Missing Fixture,Muscle Injury,2023-09-17T15:30:00+00:00
S. Coleman,18758,Everton,Missing Fixture,Knee Injury,2023-09-17T15:30:00+00:00
A. Gomes,18765,Everton,Questionable,Calf Injury,2023-09-17T15:30:00+00:00
J. Harrison,19128,Everton,Questionable,Injury,2023-09-17T15:30:00+00:00
M. Elneny,1452,Arsenal,Missing Fixture,Knock,2023-09-17T15:30:00+00:00
T. Partey,49,Arsenal,Missing Fixture,Muscle Injury,2023-09-17T15:30:00+00:00
J. Timber,38746,Arsenal,Missing Fixture,Knee Injury,2023-09-17T15:30:00+00:00
S. Aurier,163,Nottingham Forest,Questionable,Injury,2023-09-18T18:45:00+00:00
Danilo,275170,Nottingham Forest,Questionable,Thigh Injury,2023-09-18T18:45:00+00:00
W. Hennessey,18836,Nottingham Forest,Questionable,Knee Injury,2023-09-18T18:45:00+00:00
D. Churlinov,105789,Burnley,Missing Fixture,Injury,2023-09-18T18:45:00+00:00
H. Ekdal,47903,Burnley,Missing Fixture,Knee Injury,2023-09-18T18:45:00+00:00
M. Obafemi,18957,Burnley,Missing Fixture,Thigh Injury,2023-09-18T18:45:00+00:00
J. Lerma,2490,Crystal Palace,Missing Fixture,Thigh Injury,2023-09-23T14:00:00+00:00
Matheus Franca,311157,Crystal Palace,Missing Fixture,Injury,2023-09-23T14:00:00+00:00
M. Olise,19617,Crystal Palace,Missing Fixture,Thigh Injury,2023-09-23T14:00:00+00:00
J. Tomkins,18844,Crystal Palace,Missing Fixture,Calf Injury,2023-09-23T14:00:00+00:00
N. Ahamada,152418,Crystal Palace,Questionable,Ankle Injury,2023-09-23T14:00:00+00:00
T. Adarabioyo,19145,Fulham,Missing Fixture,Injury,2023-09-23T14:00:00+00:00
S. Benda,19312,Fulham,Missing Fixture,Knee Injury,2023-09-23T14:00:00+00:00
S. Lukic,2823,Fulham,Missing Fixture,Knee Injury,2023-09-23T14:00:00+00:00
J. Clark,20189,Luton,Missing Fixture,Ankle Injury,2023-09-23T14:00:00+00:00
G. Osho,20206,Luton,Missing Fixture,Knee Injury,2023-09-23T14:00:00+00:00
D. Potts,19756,Luton,Missing Fixture,Ankle Injury,2023-09-23T14:00:00+00:00
R. Barkley,2287,Luton,Questionable,Thigh Injury,2023-09-23T14:00:00+00:00
J. Hodge,204033,Wolves,Questionable,Thigh Injury,2023-09-23T14:00:00+00:00
K. De Bruyne,629,Manchester City,Missing Fixture,Thigh Injury,2023-09-23T14:00:00+00:00
B. Silva,636,Manchester City,Missing Fixture,Injury,2023-09-23T14:00:00+00:00
M. Kovacic,2291,Manchester City,Questionable,Back Injury,2023-09-23T14:00:00+00:00
J. Stones,626,Manchester City,Questionable,Muscle Injury,2023-09-23T14:00:00+00:00
Danilo,275170,Nottingham Forest,Missing Fixture,Thigh Injury,2023-09-23T14:00:00+00:00
W. Hennessey,18836,Nottingham Forest,Questionable,Knee Injury,2023-09-23T14:00:00+00:00
S. Baptiste,20110,Brentford,Missing Fixture,Shoulder Injury,2023-09-23T16:30:00+00:00
J. Dasilva,19362,Brentford,Missing Fixture,Thigh Injury,2023-09-23T16:30:00+00:00
R. Henry,19346,Brentford,Missing Fixture,Knee Injury,2023-09-23T16:30:00+00:00
N. Maupay,19364,Brentford,Missing Fixture,Loan agreement,2023-09-23T16:30:00+00:00
I. Toney,19974,Brentford,Missing Fixture,Suspended,2023-09-23T16:30:00+00:00
M. Damsgaard,15908,Brentford,Questionable,Knock,2023-09-23T16:30:00+00:00
D. Alli,172,Everton,Missing Fixture,Muscle Injury,2023-09-23T16:30:00+00:00
S. Coleman,18758,Everton,Missing Fixture,Knee Injury,2023-09-23T16:30:00+00:00
A. Gomes,18765,Everton,Questionable,Calf Injury,2023-09-23T16:30:00+00:00
D. Churlinov,105789,Burnley,Missing Fixture,Injury,2023-09-23T19:00:00+00:00
H. Ekdal,47903,Burnley,Missing Fixture,Knee Injury,2023-09-23T19:00:00+00:00
L. Foster,98936,Burnley,Missing Fixture,Red Card,2023-09-23T19:00:00+00:00
M. Obafemi,18957,Burnley,Missing Fixture,Thigh Injury,2023-09-23T19:00:00+00:00
Vitinho,8661,Burnley,Questionable,Knee Injury,2023-09-23T19:00:00+00:00
Antony,9971,Manchester United,Missing Fixture,Inactive,2023-09-23T19:00:00+00:00
A. Diallo,157997,Manchester United,Missing Fixture,Knee Injury,2023-09-23T19:00:00+00:00
K. Mainoo,284322,Manchester United,Missing Fixture,Ankle Injury,2023-09-23T19:00:00+00:00
T. Malacia,37145,Manchester United,Missing Fixture,Muscle Injury,2023-09-23T19:00:00+00:00
J. Sancho,18,Manchester United,Missing Fixture,Suspended,2023-09-23T19:00:00+00:00
L. Shaw,891,Manchester United,Missing Fixture,Muscle Injury,2023-09-23T19:00:00+00:00
A. Wan-Bissaka,18846,Manchester United,Missing Fixture,Injury,2023-09-23T19:00:00+00:00
H. Maguire,2935,Manchester United,Questionable,Injury,2023-09-23T19:00:00+00:00
M. Mount,19220,Manchester United,Questionable,Hamstring Injury,2023-09-23T19:00:00+00:00
T. Partey,49,Arsenal,Missing Fixture,Muscle Injury,2023-09-24T13:00:00+00:00
J. Timber,38746,Arsenal,Missing Fixture,Knee Injury,2023-09-24T13:00:00+00:00
L. Trossard,1946,Arsenal,Missing Fixture,Muscle Injury,2023-09-24T13:00:00+00:00
G. Martinelli,127769,Arsenal,Questionable,Muscle Injury,2023-09-24T13:00:00+00:00
R. Bentancur,863,Tottenham,Missing Fixture,Knee Injury,2023-09-24T13:00:00+00:00
B. Gil,2061,Tottenham,Missing Fixture,Muscle Injury,2023-09-24T13:00:00+00:00
I. Perisic,207,Tottenham,Missing Fixture,Knee Injury,2023-09-24T13:00:00+00:00
R. Sessegnon,19032,Tottenham,Missing Fixture,Thigh Injury,2023-09-24T13:00:00+00:00
A. Whiteman,161,Tottenham,Missing Fixture,Ankle Injury,2023-09-24T13:00:00+00:00
G. Lo Celso,1578,Tottenham,Questionable,Thigh Injury,2023-09-24T13:00:00+00:00
J. Enciso,70747,Brighton,Missing Fixture,Knee Injury,2023-09-24T13:00:00+00:00
J. Moder,40911,Brighton,Missing Fixture,Knee Injury,2023-09-24T13:00:00+00:00
P. Gross,18970,Brighton,Questionable,Muscle Injury,2023-09-24T13:00:00+00:00
J. Milner,296,Brighton,Questionable,Muscle Injury,2023-09-24T13:00:00+00:00
T. Adams,1150,Bournemouth,Missing Fixture,Thigh Injury,2023-09-24T13:00:00+00:00
R. Fredericks,18815,Bournemouth,Missing Fixture,Calf Injury,2023-09-24T13:00:00+00:00
E. Marcondes,19356,Bournemouth,Missing Fixture,Ankle Injury,2023-09-24T13:00:00+00:00
A. Scott,304853,Bournemouth,Missing Fixture,Knee Injury,2023-09-24T13:00:00+00:00
M. Bettinelli,19012,Chelsea,Missing Fixture,Injury,2023-09-24T13:00:00+00:00
W. Fofana,22094,Chelsea,Missing Fixture,Knee Injury,2023-09-24T13:00:00+00:00
R. James,19545,Chelsea,Missing Fixture,Hamstring Injury,2023-09-24T13:00:00+00:00
R. Lavia,282125,Chelsea,Missing Fixture,Ankle Injury,2023-09-24T13:00:00+00:00
C. Nkunku,269,Chelsea,Missing Fixture,Knee Injury,2023-09-24T13:00:00+00:00
T. Chalobah,19720,Chelsea,Questionable,Injury,2023-09-24T13:00:00+00:00
C. Chukwuemeka,138935,Chelsea,Questionable,Knee Injury,2023-09-24T13:00:00+00:00
N. Madueke,136723,Chelsea,Questionable,Muscle Injury,2023-09-24T13:00:00+00:00
E. Buendia,19071,Aston Villa,Missing Fixture,Knee Injury,2023-09-24T13:00:00+00:00
Diego Carlos,21090,Aston Villa,Missing Fixture,Injury,2023-09-24T13:00:00+00:00
K. Hause,19177,Aston Villa,Missing Fixture,Knee Injury,2023-09-24T13:00:00+00:00
T. Iroegbunam,284500,Aston Villa,Missing Fixture,Surgery,2023-09-24T13:00:00+00:00
T. Mings,19179,Aston Villa,Missing Fixture,Knee Injury,2023-09-24T13:00:00+00:00
B. Traore,671,Aston Villa,Questionable,Injury,2023-09-24T13:00:00+00:00
Thiago,507,Liverpool,Missing Fixture,Hip Injury,2023-09-24T13:00:00+00:00
T. Alexander-Arnold,283,Liverpool,Questionable,Muscle Injury,2023-09-24T13:00:00+00:00
A. Cresswell,18813,West Ham,Missing Fixture,Thigh Injury,2023-09-24T13:00:00+00:00
G. Baldock,19090,Sheffield Utd,Missing Fixture,Calf Injury,2023-09-24T15:30:00+00:00
R. Brewster,303,Sheffield Utd,Missing Fixture,Muscle Injury,2023-09-24T15:30:00+00:00
J. Fleck,19102,Sheffield Utd,Missing Fixture,Calf Injury,2023-09-24T15:30:00+00:00
D. Jebbison,296458,Sheffield Utd,Missing Fixture,Muscle Injury,2023-09-24T15:30:00+00:00
M. Lowe,44809,Sheffield Utd,Missing Fixture,Ankle Injury,2023-09-24T15:30:00+00:00
O. McBurnie,19337,Sheffield Utd,Missing Fixture,Red Card,2023-09-24T15:30:00+00:00
R. Norrington-Davies,18331,Sheffield Utd,Missing Fixture,Muscle Injury,2023-09-24T15:30:00+00:00
B. Osborn,19302,Sheffield Utd,Missing Fixture,Groin Injury,2023-09-24T15:30:00+00:00
W. Osula,315237,Sheffield Utd,Questionable,Muscle Injury,2023-09-24T15:30:00+00:00
Joelinton,723,Newcastle,Missing Fixture,Knee Injury,2023-09-24T15:30:00+00:00
E. Krafth,2855,Newcastle,Missing Fixture,Knee Injury,2023-09-24T15:30:00+00:00
J. Willock,1463,Newcastle,Missing Fixture,Muscle Injury,2023-09-24T15:30:00+00:00
L. Bailey,983,Aston Villa,Missing Fixture,Thigh Injury,2023-09-30T11:30:00+00:00
E. Buendia,19071,Aston Villa,Missing Fixture,Knee Injury,2023-09-30T11:30:00+00:00
K. Hause,19177,Aston Villa,Missing Fixture,Knee Injury,2023-09-30T11:30:00+00:00
T. Mings,19179,Aston Villa,Missing Fixture,Knee Injury,2023-09-30T11:30:00+00:00
T. Iroegbunam,284500,Aston Villa,Questionable,Surgery,2023-09-30T11:30:00+00:00
A. Moreno,47547,Aston Villa,Questionable,Injury,2023-09-30T11:30:00+00:00
J. Enciso,70747,Brighton,Missing Fixture,Knee Injury,2023-09-30T11:30:00+00:00
J. Moder,40911,Brighton,Missing Fixture,Knee Injury,2023-09-30T11:30:00+00:00
P. Gross,18970,Brighton,Questionable,Muscle Injury,2023-09-30T11:30:00+00:00
A. Lallana,295,Brighton,Questionable,Injury,2023-09-30T11:30:00+00:00
Antony,9971,Manchester United,Missing Fixture,Inactive,2023-09-30T14:00:00+00:00
A. Diallo,157997,Manchester United,Missing Fixture,Knee Injury,2023-09-30T14:00:00+00:00
K. Mainoo,284322,Manchester United,Missing Fixture,Ankle Injury,2023-09-30T14:00:00+00:00
T. Malacia,37145,Manchester United,Missing Fixture,Muscle Injury,2023-09-30T14:00:00+00:00
L. Martinez,2467,Manchester United,Missing Fixture,Foot Injury,2023-09-30T14:00:00+00:00
J. Sancho,18,Manchester United,Missing Fixture,Suspended,2023-09-30T14:00:00+00:00
L. Shaw,891,Manchester United,Missing Fixture,Muscle Injury,2023-09-30T14:00:00+00:00
A. Wan-Bissaka,18846,Manchester United,Missing Fixture,Injury,2023-09-30T14:00:00+00:00
S. Reguilon,739,Manchester United,Questionable,Injury,2023-09-30T14:00:00+00:00
N. Ferguson,127605,Crystal Palace,Missing Fixture,Thigh Injury,2023-09-30T14:00:00+00:00
D. Henderson,19088,Crystal Palace,Missing Fixture,Thigh Injury,2023-09-30T14:00:00+00:00
J. Lerma,2490,Crystal Palace,Missing Fixture,Thigh Injury,2023-09-30T14:00:00+00:00
Matheus Franca,311157,Crystal Palace,Missing Fixture,Injury,2023-09-30T14:00:00+00:00
M. Olise,19617,Crystal Palace,Missing Fixture,Thigh Injury,2023-09-30T14:00:00+00:00
J. Tomkins,18844,Crystal Palace,Missing Fixture,Calf Injury,2023-09-30T14:00:00+00:00
N. Ahamada,152418,Crystal Palace,Questionable,Ankle Injury,2023-09-30T14:00:00+00:00
O. Edouard,1135,Crystal Palace,Questionable,Thigh Injury,2023-09-30T14:00:00+00:00
R. Fredericks,18815,Bournemouth,Missing Fixture,Calf Injury,2023-09-30T14:00:00+00:00
L. Kelly,19263,Bournemouth,Missing Fixture,Calf Injury,2023-09-30T14:00:00+00:00
E. Marcondes,19356,Bournemouth,Missing Fixture,Ankle Injury,2023-09-30T14:00:00+00:00
C. Mepham,18866,Bournemouth,Missing Fixture,Muscle Injury,2023-09-30T14:00:00+00:00
A. Scott,304853,Bournemouth,Missing Fixture,Knee Injury,2023-09-30T14:00:00+00:00
T. Partey,49,Arsenal,Missing Fixture,Muscle Injury,2023-09-30T14:00:00+00:00
J. Timber,38746,Arsenal,Missing Fixture,Knee Injury,2023-09-30T14:00:00+00:00
G. Martinelli,127769,Arsenal,Questionable,Muscle Injury,2023-09-30T14:00:00+00:00
D. Alli,172,Everton,Missing Fixture,Muscle Injury,2023-09-30T14:00:00+00:00
S. Coleman,18758,Everton,Missing Fixture,Knee Injury,2023-09-30T14:00:00+00:00
A. Gomes,18765,Everton,Missing Fixture,Calf Injury,2023-09-30T14:00:00+00:00
J. Clark,20189,Luton,Missing Fixture,Ankle Injury,2023-09-30T14:00:00+00:00
A. S. Lokonga,1427,Luton,Missing Fixture,Thigh Injury,2023-09-30T14:00:00+00:00
G. Osho,20206,Luton,Missing Fixture,Knee Injury,2023-09-30T14:00:00+00:00
D. Potts,19756,Luton,Missing Fixture,Ankle Injury,2023-09-30T14:00:00+00:00
R. Barkley,2287,Luton,Questionable,Thigh Injury,2023-09-30T14:00:00+00:00
H. Barnes,18778,Newcastle,Missing Fixture,Ankle Injury,2023-09-30T14:00:00+00:00
J. Willock,1463,Newcastle,Missing Fixture,Muscle Injury,2023-09-30T14:00:00+00:00
S. Botman,38734,Newcastle,Questionable,Knee Injury,2023-09-30T14:00:00+00:00
C. Wilson,2939,Newcastle,Questionable,Thigh Injury,2023-09-30T14:00:00+00:00
D. Churlinov,105789,Burnley,Missing Fixture,Injury,2023-09-30T14:00:00+00:00
H. Ekdal,47903,Burnley,Missing Fixture,Knee Injury,2023-09-30T14:00:00+00:00
L. Foster,98936,Burnley,Missing Fixture,Red Card,2023-09-30T14:00:00+00:00
B. Manuel Hedilazio,8589,Burnley,Missing Fixture,Ankle Injury,2023-09-30T14:00:00+00:00
M. Obafemi,18957,Burnley,Missing Fixture,Thigh Injury,2023-09-30T14:00:00+00:00
N. Redmond,18948,Burnley,Missing Fixture,Injury,2023-09-30T14:00:00+00:00
J. B. Gudmundsson,2790,Burnley,Questionable,Muscle Injury,2023-09-30T14:00:00+00:00
A. Cresswell,18813,West Ham,Questionable,Thigh Injury,2023-09-30T14:00:00+00:00
G. Baldock,19090,Sheffield Utd,Missing Fixture,Calf Injury,2023-09-30T14:00:00+00:00
D. Jebbison,296458,Sheffield Utd,Missing Fixture,Muscle Injury,2023-09-30T14:00:00+00:00
M. Lowe,44809,Sheffield Utd,Missing Fixture,Ankle Injury,2023-09-30T14:00:00+00:00
R. Norrington-Davies,18331,Sheffield Utd,Missing Fixture,Muscle Injury,2023-09-30T14:00:00+00:00
B. Osborn,19302,Sheffield Utd,Missing Fixture,Groin Injury,2023-09-30T14:00:00+00:00
W. Osula,315237,Sheffield Utd,Missing Fixture,Muscle Injury,2023-09-30T14:00:00+00:00
J. Fleck,19102,Sheffield Utd,Questionable,Calf Injury,2023-09-30T14:00:00+00:00
J. Bellegarde,20665,Wolves,Missing Fixture,Red Card,2023-09-30T14:00:00+00:00
T. Doyle,144732,Wolves,Missing Fixture,Loan agreement,2023-09-30T14:00:00+00:00
K. De Bruyne,629,Manchester City,Missing Fixture,Thigh Injury,2023-09-30T14:00:00+00:00
Rodri,44,Manchester City,Missing Fixture,Red Card,2023-09-30T14:00:00+00:00
J. Stones,626,Manchester City,Missing Fixture,Muscle Injury,2023-09-30T14:00:00+00:00
B. Silva,636,Manchester City,Questionable,Injury,2023-09-30T14:00:00+00:00
R. Bentancur,863,Tottenham,Missing Fixture,Knee Injury,2023-09-30T16:30:00+00:00
B. Gil,2061,Tottenham,Missing Fixture,Muscle Injury,2023-09-30T16:30:00+00:00
I. Perisic,207,Tottenham,Missing Fixture,Knee Injury,2023-09-30T16:30:00+00:00
R. Sessegnon,19032,Tottenham,Missing Fixture,Thigh Injury,2023-09-30T16:30:00+00:00
A. Whiteman,161,Tottenham,Missing Fixture,Ankle Injury,2023-09-30T16:30:00+00:00
B. Johnson,129711,Tottenham,Questionable,Leg Injury,2023-09-30T16:30:00+00:00
G. Lo Celso,1578,Tottenham,Questionable,Thigh Injury,2023-09-30T16:30:00+00:00
S. Bajcetic,310187,Liverpool,Missing Fixture,Calf Injury,2023-09-30T16:30:00+00:00
Thiago,507,Liverpool,Missing Fixture,Hip Injury,2023-09-30T16:30:00+00:00
Danilo,275170,Nottingham Forest,Missing Fixture,Thigh Injury,2023-10-01T13:00:00+00:00
Felipe,371,Nottingham Forest,Missing Fixture,Knee Injury,2023-10-01T13:00:00+00:00
W. Hennessey,18836,Nottingham Forest,Missing Fixture,Knee Injury,2023-10-01T13:00:00+00:00
N. Tavares,41577,Nottingham Forest,Questionable,Muscle Injury,2023-10-01T13:00:00+00:00
S. Baptiste,20110,Brentford,Missing Fixture,Shoulder Injury,2023-10-01T13:00:00+00:00
M. Damsgaard,15908,Brentford,Missing Fixture,Knock,2023-10-01T13:00:00+00:00
J. Dasilva,19362,Brentford,Missing Fixture,Thigh Injury,2023-10-01T13:00:00+00:00
R. Henry,19346,Brentford,Missing Fixture,Knee Injury,2023-10-01T13:00:00+00:00
B. Mee,18917,Brentford,Missing Fixture,Knock,2023-10-01T13:00:00+00:00
K. Schade,178077,Brentford,Missing Fixture,Hip Injury,2023-10-01T13:00:00+00:00
I. Toney,19974,Brentford,Missing Fixture,Suspended,2023-10-01T13:00:00+00:00
T. Adarabioyo,19145,Fulham,Missing Fixture,Injury,2023-10-02T19:00:00+00:00
S. Benda,19312,Fulham,Missing Fixture,Knee Injury,2023-10-02T19:00:00+00:00
A. Traore,18753,Fulham,Missing Fixture,Thigh Injury,2023-10-02T19:00:00+00:00
K. Tete,657,Fulham,Questionable,Injury,2023-10-02T19:00:00+00:00
M. Bettinelli,19012,Chelsea,Missing Fixture,Injury,2023-10-02T19:00:00+00:00
B. Chilwell,2933,Chelsea,Missing Fixture,Thigh Injury,2023-10-02T19:00:00+00:00
W. Fofana,22094,Chelsea,Missing Fixture,Knee Injury,2023-10-02T19:00:00+00:00
M. Gusto,161907,Chelsea,Missing Fixture,Red Card,2023-10-02T19:00:00+00:00
N. Jackson,283058,Chelsea,Missing Fixture,Yellow Cards,2023-10-02T19:00:00+00:00
R. Lavia,282125,Chelsea,Missing Fixture,Ankle Injury,2023-10-02T19:00:00+00:00
C. Nkunku,269,Chelsea,Missing Fixture,Knee Injury,2023-10-02T19:00:00+00:00
B. Badiashile,95,Chelsea,Questionable,Groin Injury,2023-10-02T19:00:00+00:00
T. Chalobah,19720,Chelsea,Questionable,Injury,2023-10-02T19:00:00+00:00
C. Chukwuemeka,138935,Chelsea,Questionable,Knee Injury,2023-10-02T19:00:00+00:00
R. James,19545,Chelsea,Questionable,Hamstring Injury,2023-10-02T19:00:00+00:00
J. Clark,20189,Luton,Missing Fixture,Ankle Injury,2023-10-03T18:30:00+00:00
A. S. Lokonga,1427,Luton,Missing Fixture,Thigh Injury,2023-10-03T18:30:00+00:00
G. Osho,20206,Luton,Missing Fixture,Knee Injury,2023-10-03T18:30:00+00:00
D. Potts,19756,Luton,Missing Fixture,Ankle Injury,2023-10-03T18:30:00+00:00
D. Churlinov,105789,Burnley,Missing Fixture,Injury,2023-10-03T18:30:00+00:00
H. Ekdal,47903,Burnley,Missing Fixture,Knee Injury,2023-10-03T18:30:00+00:00
J. B. Gudmundsson,2790,Burnley,Missing Fixture,Muscle Injury,2023-10-03T18:30:00+00:00
B. Manuel Hedilazio,8589,Burnley,Missing Fixture,Ankle Injury,2023-10-03T18:30:00+00:00
M. Obafemi,18957,Burnley,Missing Fixture,Thigh Injury,2023-10-03T18:30:00+00:00
N. Redmond,18948,Burnley,Missing Fixture,Injury,2023-10-03T18:30:00+00:00
A. Bell,19466,Luton,Missing Fixture,Thigh Injury,2023-10-07T11:30:00+00:00
J. Clark,20189,Luton,Missing Fixture,Ankle Injury,2023-10-07T11:30:00+00:00
A. S. Lokonga,1427,Luton,Missing Fixture,Thigh Injury,2023-10-07T11:30:00+00:00
G. Osho,20206,Luton,Missing Fixture,Knee Injury,2023-10-07T11:30:00+00:00
D. Potts,19756,Luton,Missing Fixture,Ankle Injury,2023-10-07T11:30:00+00:00
R. Bentancur,863,Tottenham,Missing Fixture,Knee Injury,2023-10-07T11:30:00+00:00
I. Perisic,207,Tottenham,Missing Fixture,Knee Injury,2023-10-07T11:30:00+00:00
R. Sessegnon,19032,Tottenham,Missing Fixture,Thigh Injury,2023-10-07T11:30:00+00:00
M. Solomon,697,Tottenham,Missing Fixture,Knee Injury,2023-10-07T11:30:00+00:00
A. Whiteman,161,Tottenham,Missing Fixture,Ankle Injury,2023-10-07T11:30:00+00:00
B. Johnson,129711,Tottenham,Questionable,Leg Injury,2023-10-07T11:30:00+00:00
H. Ekdal,47903,Burnley,Missing Fixture,Knee Injury,2023-10-07T14:00:00+00:00
J. B. Gudmundsson,2790,Burnley,Missing Fixture,Muscle Injury,2023-10-07T14:00:00+00:00
B. Manuel Hedilazio,8589,Burnley,Missing Fixture,Ankle Injury,2023-10-07T14:00:00+00:00
M. Obafemi,18957,Burnley,Missing Fixture,Thigh Injury,2023-10-07T14:00:00+00:00
N. Redmond,18948,Burnley,Missing Fixture,Injury,2023-10-07T14:00:00+00:00
B. Chilwell,2933,Chelsea,Missing Fixture,Thigh Injury,2023-10-07T14:00:00+00:00
W. Fofana,22094,Chelsea,Missing Fixture,Knee Injury,2023-10-07T14:00:00+00:00
M. Gusto,161907,Chelsea,Missing Fixture,Red Card,2023-10-07T14:00:00+00:00
R. James,19545,Chelsea,Missing Fixture,Suspended,2023-10-07T14:00:00+00:00
R. Lavia,282125,Chelsea,Missing Fixture,Ankle Injury,2023-10-07T14:00:00+00:00
C. Nkunku,269,Chelsea,Missing Fixture,Knee Injury,2023-10-07T14:00:00+00:00
B. Badiashile,95,Chelsea,Questionable,Groin Injury,2023-10-07T14:00:00+00:00
M. Bettinelli,19012,Chelsea,Questionable,Injury,2023-10-07T14:00:00+00:00
D. Alli,172,Everton,Missing Fixture,Muscle Injury,2023-10-07T14:00:00+00:00
S. Coleman,18758,Everton,Questionable,Knee Injury,2023-10-07T14:00:00+00:00
A. Gomes,18765,Everton,Questionable,Calf Injury,2023-10-07T14:00:00+00:00
T. Adams,1150,Bournemouth,Missing Fixture,Thigh Injury,2023-10-07T14:00:00+00:00
R. Fredericks,18815,Bournemouth,Missing Fixture,Calf Injury,2023-10-07T14:00:00+00:00
L. Kelly,19263,Bournemouth,Missing Fixture,Calf Injury,2023-10-07T14:00:00+00:00
E. Marcondes,19356,Bournemouth,Missing Fixture,Ankle Injury,2023-10-07T14:00:00+00:00
C. Mepham,18866,Bournemouth,Missing Fixture,Muscle Injury,2023-10-07T14:00:00+00:00
A. Scott,304853,Bournemouth,Missing Fixture,Knee Injury,2023-10-07T14:00:00+00:00
T. Adarabioyo,19145,Fulham,Missing Fixture,Injury,2023-10-07T14:00:00+00:00
S. Benda,19312,Fulham,Missing Fixture,Knee Injury,2023-10-07T14:00:00+00:00
K. Tete,657,Fulham,Questionable,Injury,2023-10-07T14:00:00+00:00
A. Traore,18753,Fulham,Questionable,Thigh Injury,2023-10-07T14:00:00+00:00
G. Baldock,19090,Sheffield Utd,Missing Fixture,Calf Injury,2023-10-07T14:00:00+00:00
J. Egan,19093,Sheffield Utd,Missing Fixture,Ankle Injury,2023-10-07T14:00:00+00:00
D. Jebbison,296458,Sheffield Utd,Missing Fixture,Muscle Injury,2023-10-07T14:00:00+00:00
M. Lowe,44809,Sheffield Utd,Missing Fixture,Ankle Injury,2023-10-07T14:00:00+00:00
R. Norrington-Davies,18331,Sheffield Utd,Missing Fixture,Muscle Injury,2023-10-07T14:00:00+00:00
B. Osborn,19302,Sheffield Utd,Missing Fixture,Groin Injury,2023-10-07T14:00:00+00:00
W. Osula,315237,Sheffield Utd,Missing Fixture,Muscle Injury,2023-10-07T14:00:00+00:00
A. Diallo,157997,Manchester United,Missing Fixture,Knee Injury,2023-10-07T14:00:00+00:00
K. Mainoo,284322,Manchester United,Missing Fixture,Ankle Injury,2023-10-07T14:00:00+00:00
T. Malacia,37145,Manchester United,Missing Fixture,Muscle Injury,2023-10-07T14:00:00+00:00
L. Martinez,2467,Manchester United,Missing Fixture,Foot Injury,2023-10-07T14:00:00+00:00
S. Reguilon,739,Manchester United,Missing Fixture,Injury,2023-10-07T14:00:00+00:00
J. Sancho,18,Manchester United,Missing Fixture,Suspended,2023-10-07T14:00:00+00:00
L. Shaw,891,Manchester United,Missing Fixture,Muscle Injury,2023-10-07T14:00:00+00:00
A. Wan-Bissaka,18846,Manchester United,Missing Fixture,Injury,2023-10-07T14:00:00+00:00
S. Baptiste,20110,Brentford,Missing Fixture,Shoulder Injury,2023-10-07T14:00:00+00:00
M. Damsgaard,15908,Brentford,Missing Fixture,Knock,2023-10-07T14:00:00+00:00
J. Dasilva,19362,Brentford,Missing Fixture,Thigh Injury,2023-10-07T14:00:00+00:00
R. Henry,19346,Brentford,Missing Fixture,Knee Injury,2023-10-07T14:00:00+00:00
K. Schade,178077,Brentford,Missing Fixture,Hip Injury,2023-10-07T14:00:00+00:00
I. Toney,19974,Brentford,Missing Fixture,Suspended,2023-10-07T14:00:00+00:00
B. Mee,18917,Brentford,Questionable,Knock,2023-10-07T14:00:00+00:00
N. Ahamada,152418,Crystal Palace,Missing Fixture,Ankle Injury,2023-10-07T16:30:00+00:00
E. Eze,19586,Crystal Palace,Missing Fixture,Muscle Injury,2023-10-07T16:30:00+00:00
N. Ferguson,127605,Crystal Palace,Missing Fixture,Thigh Injury,2023-10-07T16:30:00+00:00
D. Henderson,19088,Crystal Palace,Missing Fixture,Thigh Injury,2023-10-07T16:30:00+00:00
Matheus Franca,311157,Crystal Palace,Missing Fixture,Injury,2023-10-07T16:30:00+00:00
M. Olise,19617,Crystal Palace,Missing Fixture,Thigh Injury,2023-10-07T16:30:00+00:00
C. Doucoure,3339,Crystal Palace,Questionable,Thigh Injury,2023-10-07T16:30:00+00:00
J. Lerma,2490,Crystal Palace,Questionable,Thigh Injury,2023-10-07T16:30:00+00:00
J. Ward,18847,Crystal Palace,Questionable,Muscle Injury,2023-10-07T16:30:00+00:00
Danilo,275170,Nottingham Forest,Missing Fixture,Thigh Injury,2023-10-07T16:30:00+00:00
Felipe,371,Nottingham Forest,Missing Fixture,Knee Injury,2023-10-07T16:30:00+00:00
W. Hennessey,18836,Nottingham Forest,Missing Fixture,Knee Injury,2023-10-07T16:30:00+00:00
M. Niakhate,25916,Nottingham Forest,Missing Fixture,Red Card,2023-10-07T16:30:00+00:00
N. Tavares,41577,Nottingham Forest,Missing Fixture,Muscle Injury,2023-10-07T16:30:00+00:00
O. Aina,2771,Nottingham Forest,Questionable,Injury,2023-10-07T16:30:00+00:00
J. Enciso,70747,Brighton,Missing Fixture,Knee Injury,2023-10-08T13:00:00+00:00
P. Estupinan,46731,Brighton,Missing Fixture,Injury,2023-10-08T13:00:00+00:00
J. Moder,40911,Brighton,Missing Fixture,Knee Injury,2023-10-08T13:00:00+00:00
T. Lamptey,138815,Brighton,Questionable,Injury,2023-10-08T13:00:00+00:00
J. Milner,296,Brighton,Questionable,Muscle Injury,2023-10-08T13:00:00+00:00
S. Bajcetic,310187,Liverpool,Missing Fixture,Calf Injury,2023-10-08T13:00:00+00:00
Diogo Jota,2678,Liverpool,Missing Fixture,Red Card,2023-10-08T13:00:00+00:00
C. Jones,293,Liverpool,Missing Fixture,Red Card,2023-10-08T13:00:00+00:00
C. Kelleher,281,Liverpool,Missing Fixture,Injury,2023-10-08T13:00:00+00:00
Thiago,507,Liverpool,Missing Fixture,Hip Injury,2023-10-08T13:00:00+00:00
C. Gakpo,247,Liverpool,Questionable,Knee Injury,2023-10-08T13:00:00+00:00
A. Cresswell,18813,West Ham,Missing Fixture,Thigh Injury,2023-10-08T13:00:00+00:00
B. Johnson,18823,West Ham,Missing Fixture,Groin Injury,2023-10-08T13:00:00+00:00
H. Barnes,18778,Newcastle,Missing Fixture,Ankle Injury,2023-10-08T13:00:00+00:00
S. Botman,38734,Newcastle,Missing Fixture,Knee Injury,2023-10-08T13:00:00+00:00
A. Gordon,138787,Newcastle,Missing Fixture,Yellow Cards,2023-10-08T13:00:00+00:00
J. Willock,1463,Newcastle,Missing Fixture,Muscle Injury,2023-10-08T13:00:00+00:00
Joelinton,723,Newcastle,Questionable,Calf Injury,2023-10-08T13:00:00+00:00
J. Bellegarde,20665,Wolves,Missing Fixture,Red Card,2023-10-08T13:00:00+00:00
H. Bueno,280687,Wolves,Questionable,Thigh Injury,2023-10-08T13:00:00+00:00
E. Buendia,19071,Aston Villa,Missing Fixture,Knee Injury,2023-10-08T13:00:00+00:00
K. Hause,19177,Aston Villa,Missing Fixture,Knee Injury,2023-10-08T13:00:00+00:00
T. Mings,19179,Aston Villa,Missing Fixture,Knee Injury,2023-10-08T13:00:00+00:00
A. Moreno,47547,Aston Villa,Missing Fixture,Injury,2023-10-08T13:00:00+00:00
J. Ramsey,19192,Aston Villa,Missing Fixture,Injury,2023-10-08T13:00:00+00:00
T. Iroegbunam,284500,Aston Villa,Questionable,Surgery,2023-10-08T13:00:00+00:00
J. Timber,38746,Arsenal,Missing Fixture,Knee Injury,2023-10-08T15:30:00+00:00
B. Saka,1460,Arsenal,Questionable,Leg Injury,2023-10-08T15:30:00+00:00
K. De Bruyne,629,Manchester City,Missing Fixture,Thigh Injury,2023-10-08T15:30:00+00:00
Rodri,44,Manchester City,Missing Fixture,Red Card,2023-10-08T15:30:00+00:00
S. Bajcetic,310187,Liverpool,Missing Fixture,Calf Injury,2023-10-21T11:30:00+00:00
C. Jones,293,Liverpool,Missing Fixture,Red Card,2023-10-21T11:30:00+00:00
A. Robertson,289,Liverpool,Missing Fixture,Shoulder Injury,2023-10-21T11:30:00+00:00
Thiago,507,Liverpool,Missing Fixture,Hip Injury,2023-10-21T11:30:00+00:00
C. Gakpo,247,Liverpool,Questionable,Knee Injury,2023-10-21T11:30:00+00:00
D. Alli,172,Everton,Missing Fixture,Muscle Injury,2023-10-21T11:30:00+00:00
S. Coleman,18758,Everton,Questionable,Knee Injury,2023-10-21T11:30:00+00:00
A. Gomes,18765,Everton,Questionable,Calf Injury,2023-10-21T11:30:00+00:00
T. Adams,1150,Bournemouth,Missing Fixture,Thigh Injury,2023-10-21T14:00:00+00:00
R. Fredericks,18815,Bournemouth,Missing Fixture,Calf Injury,2023-10-21T14:00:00+00:00
E. Marcondes,19356,Bournemouth,Missing Fixture,Ankle Injury,2023-10-21T14:00:00+00:00
M. Lemina,18947,Wolves,Missing Fixture,Red Card,2023-10-21T14:00:00+00:00
N. Semedo,130,Wolves,Missing Fixture,Yellow Cards,2023-10-21T14:00:00+00:00
H. Bueno,280687,Wolves,Questionable,Thigh Injury,2023-10-21T14:00:00+00:00
S. Baptiste,20110,Brentford,Missing Fixture,Shoulder Injury,2023-10-21T14:00:00+00:00
M. Damsgaard,15908,Brentford,Missing Fixture,Knock,2023-10-21T14:00:00+00:00
J. Dasilva,19362,Brentford,Missing Fixture,Thigh Injury,2023-10-21T14:00:00+00:00
R. Henry,19346,Brentford,Missing Fixture,Knee Injury,2023-10-21T14:00:00+00:00
A. Hickey,44871,Brentford,Missing Fixture,Yellow Cards,2023-10-21T14:00:00+00:00
K. Schade,178077,Brentford,Missing Fixture,Hip Injury,2023-10-21T14:00:00+00:00
I. Toney,19974,Brentford,Missing Fixture,Suspended,2023-10-21T14:00:00+00:00
K. Lewis-Potter,106725,Brentford,Questionable,Calf Injury,2023-10-21T14:00:00+00:00
J. Beyer,25628,Burnley,Missing Fixture,Knock,2023-10-21T14:00:00+00:00
M. Obafemi,18957,Burnley,Missing Fixture,Thigh Injury,2023-10-21T14:00:00+00:00
H. Ekdal,47903,Burnley,Questionable,Knee Injury,2023-10-21T14:00:00+00:00
J. B. Gudmundsson,2790,Burnley,Questionable,Muscle Injury,2023-10-21T14:00:00+00:00
B. Manuel Hedilazio,8589,Burnley,Questionable,Ankle Injury,2023-10-21T14:00:00+00:00
K. De Bruyne,629,Manchester City,Missing Fixture,Thigh Injury,2023-10-21T14:00:00+00:00
J. Enciso,70747,Brighton,Missing Fixture,Knee Injury,2023-10-21T14:00:00+00:00
P. Estupinan,46731,Brighton,Missing Fixture,Injury,2023-10-21T14:00:00+00:00
J. Moder,40911,Brighton,Missing Fixture,Knee Injury,2023-10-21T14:00:00+00:00
T. Lamptey,138815,Brighton,Questionable,Injury,2023-10-21T14:00:00+00:00
H. Barnes,18778,Newcastle,Missing Fixture,Ankle Injury,2023-10-21T14:00:00+00:00
L. Miley,328105,Newcastle,Missing Fixture,Illness,2023-10-21T14:00:00+00:00
S. Botman,38734,Newcastle,Questionable,Knee Injury,2023-10-21T14:00:00+00:00
J. Willock,1463,Newcastle,Questionable,Muscle Injury,2023-10-21T14:00:00+00:00
E. Eze,19586,Crystal Palace,Missing Fixture,Muscle Injury,2023-10-21T14:00:00+00:00
D. Henderson,19088,Crystal Palace,Missing Fixture,Thigh Injury,2023-10-21T14:00:00+00:00
J. Tomkins,18844,Crystal Palace,Missing Fixture,Calf Injury,2023-10-21T14:00:00+00:00
N. Ferguson,127605,Crystal Palace,Questionable,Thigh Injury,2023-10-21T14:00:00+00:00
M. Olise,19617,Crystal Palace,Questionable,Thigh Injury,2023-10-21T14:00:00+00:00
J. Schlupp,18843,Crystal Palace,Questionable,Knock,2023-10-21T14:00:00+00:00
Danilo,275170,Nottingham Forest,Missing Fixture,Thigh Injury,2023-10-21T14:00:00+00:00
Felipe,371,Nottingham Forest,Missing Fixture,Knee Injury,2023-10-21T14:00:00+00:00
G. Montiel,2468,Nottingham Forest,Missing Fixture,Muscle Injury,2023-10-21T14:00:00+00:00
T. Awoniyi,8598,Nottingham Forest,Questionable,Groin Injury,2023-10-21T14:00:00+00:00
N. Tavares,41577,Nottingham Forest,Questionable,Muscle Injury,2023-10-21T14:00:00+00:00
M. Andersen,15632,Luton,Missing Fixture,Thigh Injury,2023-10-21T14:00:00+00:00
A. Bell,19466,Luton,Missing Fixture,Thigh Injury,2023-10-21T14:00:00+00:00
J. Clark,20189,Luton,Missing Fixture,Ankle Injury,2023-10-21T14:00:00+00:00
A. S. Lokonga,1427,Luton,Missing Fixture,Thigh Injury,2023-10-21T14:00:00+00:00
D. Potts,19756,Luton,Missing Fixture,Ankle Injury,2023-10-21T14:00:00+00:00
A. Broja,138822,Chelsea,Missing Fixture,Injury,2023-10-21T16:30:00+00:00
T. Chalobah,19720,Chelsea,Missing Fixture,Thigh Injury,2023-10-21T16:30:00+00:00
B. Chilwell,2933,Chelsea,Missing Fixture,Thigh Injury,2023-10-21T16:30:00+00:00
C. Chukwuemeka,138935,Chelsea,Missing Fixture,Knee Injury,2023-10-21T16:30:00+00:00
W. Fofana,22094,Chelsea,Missing Fixture,Knee Injury,2023-10-21T16:30:00+00:00
R. Lavia,282125,Chelsea,Missing Fixture,Ankle Injury,2023-10-21T16:30:00+00:00
C. Nkunku,269,Chelsea,Missing Fixture,Knee Injury,2023-10-21T16:30:00+00:00
M. Bettinelli,19012,Chelsea,Questionable,Injury,2023-10-21T16:30:00+00:00
J. Timber,38746,Arsenal,Missing Fixture,Knee Injury,2023-10-21T16:30:00+00:00
C. Basham,19091,Sheffield Utd,Missing Fixture,Ankle Injury,2023-10-21T19:00:00+00:00
T. Davies,18762,Sheffield Utd,Missing Fixture,Injury,2023-10-21T19:00:00+00:00
J. Egan,19093,Sheffield Utd,Missing Fixture,Ankle Injury,2023-10-21T19:00:00+00:00
D. Jebbison,296458,Sheffield Utd,Missing Fixture,Muscle Injury,2023-10-21T19:00:00+00:00
M. Lowe,44809,Sheffield Utd,Missing Fixture,Ankle Injury,2023-10-21T19:00:00+00:00
R. Norrington-Davies,18331,Sheffield Utd,Missing Fixture,Muscle Injury,2023-10-21T19:00:00+00:00
G. Baldock,19090,Sheffield Utd,Questionable,Calf Injury,2023-10-21T19:00:00+00:00
W. Osula,315237,Sheffield Utd,Questionable,Muscle Injury,2023-10-21T19:00:00+00:00
Casemiro,747,Manchester United,Missing Fixture,Ankle Injury,2023-10-21T19:00:00+00:00
A. Diallo,157997,Manchester United,Missing Fixture,Knee Injury,2023-10-21T19:00:00+00:00
T. Malacia,37145,Manchester United,Missing Fixture,Muscle Injury,2023-10-21T19:00:00+00:00
L. Martinez,2467,Manchester United,Missing Fixture,Foot Injury,2023-10-21T19:00:00+00:00
J. Sancho,18,Manchester United,Missing Fixture,Suspended,2023-10-21T19:00:00+00:00
L. Shaw,891,Manchester United,Missing Fixture,Muscle Injury,2023-10-21T19:00:00+00:00
K. Mainoo,284322,Manchester United,Questionable,Ankle Injury,2023-10-21T19:00:00+00:00
A. Wan-Bissaka,18846,Manchester United,Questionable,Injury,2023-10-21T19:00:00+00:00
E. Buendia,19071,Aston Villa,Missing Fixture,Knee Injury,2023-10-22T15:30:00+00:00
K. Hause,19177,Aston Villa,Missing Fixture,Knee Injury,2023-10-22T15:30:00+00:00
T. Mings,19179,Aston Villa,Missing Fixture,Knee Injury,2023-10-22T15:30:00+00:00
A. Moreno,47547,Aston Villa,Missing Fixture,Injury,2023-10-22T15:30:00+00:00
J. Ramsey,19192,Aston Villa,Missing Fixture,Injury,2023-10-22T15:30:00+00:00
A. Cresswell,18813,West Ham,Questionable,Thigh Injury,2023-10-22T15:30:00+00:00
B. Johnson,18823,West Ham,Questionable,Groin Injury,2023-10-22T15:30:00+00:00
R. Bentancur,863,Tottenham,Missing Fixture,Knee Injury,2023-10-23T19:00:00+00:00
Y. Bissouma,18968,Tottenham,Missing Fixture,Red Card,2023-10-23T19:00:00+00:00
I. Perisic,207,Tottenham,Missing Fixture,Knee Injury,2023-10-23T19:00:00+00:00
R. Sessegnon,19032,Tottenham,Missing Fixture,Thigh Injury,2023-10-23T19:00:00+00:00
M. Solomon,697,Tottenham,Missing Fixture,Knee Injury,2023-10-23T19:00:00+00:00
A. Whiteman,161,Tottenham,Missing Fixture,Ankle Injury,2023-10-23T19:00:00+00:00
T. Adarabioyo,19145,Fulham,Missing Fixture,Injury,2023-10-23T19:00:00+00:00
S. Benda,19312,Fulham,Missing Fixture,Knee Injury,2023-10-23T19:00:00+00:00
I. Diop,18814,Fulham,Missing Fixture,Foot Injury,2023-10-23T19:00:00+00:00
K. Tete,657,Fulham,Missing Fixture,Injury,2023-10-23T19:00:00+00:00
A. Traore,18753,Fulham,Missing Fixture,Thigh Injury,2023-10-23T19:00:00+00:00
E. Eze,19586,Crystal Palace,Missing Fixture,Muscle Injury,2023-10-27T19:00:00+00:00
D. Henderson,19088,Crystal Palace,Missing Fixture,Thigh Injury,2023-10-27T19:00:00+00:00
J. Tomkins,18844,Crystal Palace,Missing Fixture,Calf Injury,2023-10-27T19:00:00+00:00
M. Olise,19617,Crystal Palace,Questionable,Thigh Injury,2023-10-27T19:00:00+00:00
I. Perisic,207,Tottenham,Missing Fixture,Knee Injury,2023-10-27T19:00:00+00:00
R. Sessegnon,19032,Tottenham,Missing Fixture,Thigh Injury,2023-10-27T19:00:00+00:00
M. Solomon,697,Tottenham,Missing Fixture,Knee Injury,2023-10-27T19:00:00+00:00
A. Whiteman,161,Tottenham,Missing Fixture,Ankle Injury,2023-10-27T19:00:00+00:00
D. Udogie,204039,Tottenham,Questionable,Muscle Injury,2023-10-27T19:00:00+00:00
T. Chalobah,19720,Chelsea,Missing Fixture,Thigh Injury,2023-10-28T11:30:00+00:00
B. Chilwell,2933,Chelsea,Missing Fixture,Thigh Injury,2023-10-28T11:30:00+00:00
C. Chukwuemeka,138935,Chelsea,Missing Fixture,Knee Injury,2023-10-28T11:30:00+00:00
E. Fernandez,5996,Chelsea,Missing Fixture,Rest,2023-10-28T11:30:00+00:00
W. Fofana,22094,Chelsea,Missing Fixture,Knee Injury,2023-10-28T11:30:00+00:00
R. Lavia,282125,Chelsea,Missing Fixture,Ankle Injury,2023-10-28T11:30:00+00:00
M. Mudryk,63577,Chelsea,Missing Fixture,Muscle Injury,2023-10-28T11:30:00+00:00
C. Nkunku,269,Chelsea,Missing Fixture,Knee Injury,2023-10-28T11:30:00+00:00
M. Bettinelli,19012,Chelsea,Questionable,Injury,2023-10-28T11:30:00+00:00
A. Broja,138822,Chelsea,Questionable,Injury,2023-10-28T11:30:00+00:00
M. Damsgaard,15908,Brentford,Missing Fixture,Knock,2023-10-28T11:30:00+00:00
J. Dasilva,19362,Brentford,Missing Fixture,Thigh Injury,2023-10-28T11:30:00+00:00
R. Henry,19346,Brentford,Missing Fixture,Knee Injury,2023-10-28T11:30:00+00:00
K. Schade,178077,Brentford,Missing Fixture,Hip Injury,2023-10-28T11:30:00+00:00
I. Toney,19974,Brentford,Missing Fixture,Suspended,2023-10-28T11:30:00+00:00
S. Baptiste,20110,Brentford,Questionable,Shoulder Injury,2023-10-28T11:30:00+00:00
K. Lewis-Potter,106725,Brentford,Questionable,Calf Injury,2023-10-28T11:30:00+00:00
Gabriel Jesus,643,Arsenal,Missing Fixture,Muscle Injury,2023-10-28T14:00:00+00:00
T. Partey,49,Arsenal,Missing Fixture,Muscle Injury,2023-10-28T14:00:00+00:00
J. Timber,38746,Arsenal,Missing Fixture,Knee Injury,2023-10-28T14:00:00+00:00
A. Ahmedhodzic,1949,Sheffield Utd,Missing Fixture,Thigh Injury,2023-10-28T14:00:00+00:00
C. Basham,19091,Sheffield Utd,Missing Fixture,Ankle Injury,2023-10-28T14:00:00+00:00
T. Davies,18762,Sheffield Utd,Missing Fixture,Injury,2023-10-28T14:00:00+00:00
J. Egan,19093,Sheffield Utd,Missing Fixture,Ankle Injury,2023-10-28T14:00:00+00:00
D. Jebbison,296458,Sheffield Utd,Missing Fixture,Muscle Injury,2023-10-28T14:00:00+00:00
M. Lowe,44809,Sheffield Utd,Missing Fixture,Ankle Injury,2023-10-28T14:00:00+00:00
R. Norrington-Davies,18331,Sheffield Utd,Missing Fixture,Muscle Injury,2023-10-28T14:00:00+00:00
W. Osula,315237,Sheffield Utd,Missing Fixture,Muscle Injury,2023-10-28T14:00:00+00:00
O. McBurnie,19337,Sheffield Utd,Questionable,Groin Injury,2023-10-28T14:00:00+00:00
T. Adams,1150,Bournemouth,Missing Fixture,Thigh Injury,2023-10-28T14:00:00+00:00
L. Cook,18872,Bournemouth,Missing Fixture,Red Card,2023-10-28T14:00:00+00:00
R. Fredericks,18815,Bournemouth,Missing Fixture,Calf Injury,2023-10-28T14:00:00+00:00
E. Marcondes,19356,Bournemouth,Missing Fixture,Ankle Injury,2023-10-28T14:00:00+00:00
Neto,912,Bournemouth,Missing Fixture,Ankle Injury,2023-10-28T14:00:00+00:00
J. Beyer,25628,Burnley,Missing Fixture,Knock,2023-10-28T14:00:00+00:00
L. Foster,98936,Burnley,Missing Fixture,Illness,2023-10-28T14:00:00+00:00
C. Roberts,19331,Burnley,Missing Fixture,Red Card,2023-10-28T14:00:00+00:00
H. Ekdal,47903,Burnley,Questionable,Knee Injury,2023-10-28T14:00:00+00:00
B. Manuel Hedilazio,8589,Burnley,Questionable,Ankle Injury,2023-10-28T14:00:00+00:00
M. Obafemi,18957,Burnley,Questionable,Thigh Injury,2023-10-28T14:00:00+00:00
H. Bueno,280687,Wolves,Missing Fixture,Thigh Injury,2023-10-28T16:30:00+00:00
J. Hodge,204033,Wolves,Missing Fixture,Shoulder Injury,2023-10-28T16:30:00+00:00
J. Bellegarde,20665,Wolves,Questionable,Muscle Injury,2023-10-28T16:30:00+00:00
E. Anderson,138908,Newcastle,Missing Fixture,Back Injury,2023-10-28T16:30:00+00:00
H. Barnes,18778,Newcastle,Missing Fixture,Ankle Injury,2023-10-28T16:30:00+00:00
S. Botman,38734,Newcastle,Missing Fixture,Knee Injury,2023-10-28T16:30:00+00:00
A. Isak,2864,Newcastle,Missing Fixture,Groin Injury,2023-10-28T16:30:00+00:00
L. Miley,328105,Newcastle,Missing Fixture,Illness,2023-10-28T16:30:00+00:00
J. Murphy,19163,Newcastle,Missing Fixture,Shoulder Injury,2023-10-28T16:30:00+00:00
S. Tonali,31146,Newcastle,Missing Fixture,Suspended,2023-10-28T16:30:00+00:00
Emerson,2284,West Ham,Missing Fixture,Yellow Cards,2023-10-29T13:00:00+00:00
D. Alli,172,Everton,Missing Fixture,Muscle Injury,2023-10-29T13:00:00+00:00
A. Gomes,18765,Everton,Missing Fixture,Calf Injury,2023-10-29T13:00:00+00:00
A. Young,894,Everton,Missing Fixture,Red Card,2023-10-29T13:00:00+00:00
S. Coleman,18758,Everton,Questionable,Knee Injury,2023-10-29T13:00:00+00:00
E. Buendia,19071,Aston Villa,Missing Fixture,Knee Injury,2023-10-29T14:00:00+00:00
K. Hause,19177,Aston Villa,Missing Fixture,Knee Injury,2023-10-29T14:00:00+00:00
T. Mings,19179,Aston Villa,Missing Fixture,Knee Injury,2023-10-29T14:00:00+00:00
A. Moreno,47547,Aston Villa,Missing Fixture,Injury,2023-10-29T14:00:00+00:00
J. Ramsey,19192,Aston Villa,Missing Fixture,Injury,2023-10-29T14:00:00+00:00
M. Andersen,15632,Luton,Missing Fixture,Thigh Injury,2023-10-29T14:00:00+00:00
R. Burke,19408,Luton,Missing Fixture,Injury,2023-10-29T14:00:00+00:00
A. S. Lokonga,1427,Luton,Missing Fixture,Thigh Injury,2023-10-29T14:00:00+00:00
D. Potts,19756,Luton,Missing Fixture,Ankle Injury,2023-10-29T14:00:00+00:00
A. Bell,19466,Luton,Questionable,Thigh Injury,2023-10-29T14:00:00+00:00
J. Clark,20189,Luton,Questionable,Ankle Injury,2023-10-29T14:00:00+00:00
J. Enciso,70747,Brighton,Missing Fixture,Knee Injury,2023-10-29T14:00:00+00:00
P. Estupinan,46731,Brighton,Missing Fixture,Injury,2023-10-29T14:00:00+00:00
T. Lamptey,138815,Brighton,Missing Fixture,Injury,2023-10-29T14:00:00+00:00
S. March,18973,Brighton,Missing Fixture,Knee Injury,2023-10-29T14:00:00+00:00
D. Welbeck,1469,Brighton,Missing Fixture,Muscle Injury,2023-10-29T14:00:00+00:00
T. Adarabioyo,19145,Fulham,Missing Fixture,Injury,2023-10-29T14:00:00+00:00
I. Diop,18814,Fulham,Missing Fixture,Foot Injury,2023-10-29T14:00:00+00:00
K. Tete,657,Fulham,Questionable,Injury,2023-10-29T14:00:00+00:00
A. Traore,18753,Fulham,Questionable,Thigh Injury,2023-10-29T14:00:00+00:00
S. Bajcetic,310187,Liverpool,Missing Fixture,Calf Injury,2023-10-29T14:00:00+00:00
C. Jones,293,Liverpool,Missing Fixture,Red Card,2023-10-29T14:00:00+00:00
A. Robertson,289,Liverpool,Missing Fixture,Shoulder Injury,2023-10-29T14:00:00+00:00
Thiago,507,Liverpool,Missing Fixture,Hip Injury,2023-10-29T14:00:00+00:00
Danilo,275170,Nottingham Forest,Missing Fixture,Thigh Injury,2023-10-29T14:00:00+00:00
C. Hudson-Odoi,2298,Nottingham Forest,Missing Fixture,Thigh Injury,2023-10-29T14:00:00+00:00
G. Montiel,2468,Nottingham Forest,Missing Fixture,Muscle Injury,2023-10-29T14:00:00+00:00
D. Origi,305,Nottingham Forest,Missing Fixture,Groin Injury,2023-10-29T14:00:00+00:00
Felipe,371,Nottingham Forest,Questionable,Knee Injury,2023-10-29T14:00:00+00:00
A. Diallo,157997,Manchester United,Missing Fixture,Knee Injury,2023-10-29T15:30:00+00:00
T. Malacia,37145,Manchester United,Missing Fixture,Muscle Injury,2023-10-29T15:30:00+00:00
L. Martinez,2467,Manchester United,Missing Fixture,Foot Injury,2023-10-29T15:30:00+00:00
J. Sancho,18,Manchester United,Missing Fixture,Suspended,2023-10-29T15:30:00+00:00
L. Shaw,891,Manchester United,Missing Fixture,Muscle Injury,2023-10-29T15:30:00+00:00
Casemiro,747,Manchester United,Questionable,Ankle Injury,2023-10-29T15:30:00+00:00
A. Wan-Bissaka,18846,Manchester United,Questionable,Thigh Injury,2023-10-29T15:30:00+00:00
M. Akanji,5,Manchester City,Missing Fixture,Red Card,2023-10-29T15:30:00+00:00
K. De Bruyne,629,Manchester City,Missing Fixture,Thigh Injury,2023-10-29T15:30:00+00:00
I. Diop,18814,Fulham,Missing Fixture,Foot Injury,2023-11-04T12:30:00+00:00
T. Adarabioyo,19145,Fulham,Questionable,Injury,2023-11-04T12:30:00+00:00
K. Tete,657,Fulham,Questionable,Injury,2023-11-04T12:30:00+00:00
A. Traore,18753,Fulham,Questionable,Thigh Injury,2023-11-04T12:30:00+00:00
Casemiro,747,Manchester United,Missing Fixture,Hamstring Injury,2023-11-04T12:30:00+00:00
A. Diallo,157997,Manchester United,Missing Fixture,Knee Injury,2023-11-04T12:30:00+00:00
T. Malacia,37145,Manchester United,Missing Fixture,Muscle Injury,2023-11-04T12:30:00+00:00
L. Martinez,2467,Manchester United,Missing Fixture,Foot Injury,2023-11-04T12:30:00+00:00
M. Rashford,909,Manchester United,Missing Fixture,Leg Injury,2023-11-04T12:30:00+00:00
J. Sancho,18,Manchester United,Missing Fixture,Suspended,2023-11-04T12:30:00+00:00
L. Shaw,891,Manchester United,Missing Fixture,Muscle Injury,2023-11-04T12:30:00+00:00
V. Lindelof,889,Manchester United,Questionable,Illness,2023-11-04T12:30:00+00:00
J. Cullen,19827,Burnley,Missing Fixture,Yellow Cards,2023-11-04T15:00:00+00:00
H. Ekdal,47903,Burnley,Missing Fixture,Knee Injury,2023-11-04T15:00:00+00:00
A. Ramsey,278079,Burnley,Missing Fixture,Injury,2023-11-04T15:00:00+00:00
L. Foster,98936,Burnley,Questionable,Illness,2023-11-04T15:00:00+00:00
B. Manuel Hedilazio,8589,Burnley,Questionable,Ankle Injury,2023-11-04T15:00:00+00:00
M. Obafemi,18957,Burnley,Questionable,Thigh Injury,2023-11-04T15:00:00+00:00
D. Henderson,19088,Crystal Palace,Missing Fixture,Thigh Injury,2023-11-04T15:00:00+00:00
M. Olise,19617,Crystal Palace,Missing Fixture,Thigh Injury,2023-11-04T15:00:00+00:00
J. Tomkins,18844,Crystal Palace,Missing Fixture,Calf Injury,2023-11-04T15:00:00+00:00
D. Alli,172,Everton,Missing Fixture,Muscle Injury,2023-11-04T15:00:00+00:00
A. Gomes,18765,Everton,Missing Fixture,Calf Injury,2023-11-04T15:00:00+00:00
J. Enciso,70747,Brighton,Missing Fixture,Knee Injury,2023-11-04T15:00:00+00:00
S. March,18973,Brighton,Missing Fixture,Knee Injury,2023-11-04T15:00:00+00:00
D. Welbeck,1469,Brighton,Missing Fixture,Muscle Injury,2023-11-04T15:00:00+00:00
P. Estupinan,46731,Brighton,Questionable,Injury,2023-11-04T15:00:00+00:00
M. Damsgaard,15908,Brentford,Missing Fixture,Knock,2023-11-04T15:00:00+00:00
J. Dasilva,19362,Brentford,Missing Fixture,Thigh Injury,2023-11-04T15:00:00+00:00
R. Henry,19346,Brentford,Missing Fixture,Knee Injury,2023-11-04T15:00:00+00:00
K. Schade,178077,Brentford,Missing Fixture,Hip Injury,2023-11-04T15:00:00+00:00
I. Toney,19974,Brentford,Missing Fixture,Suspended,2023-11-04T15:00:00+00:00
S. Baptiste,20110,Brentford,Questionable,Shoulder Injury,2023-11-04T15:00:00+00:00
K. Lewis-Potter,106725,Brentford,Questionable,Calf Injury,2023-11-04T15:00:00+00:00
E. Alvarez,2869,West Ham,Missing Fixture,Yellow Cards,2023-11-04T15:00:00+00:00
K. Zouma,2726,West Ham,Questionable,Injury,2023-11-04T15:00:00+00:00
K. De Bruyne,629,Manchester City,Missing Fixture,Thigh Injury,2023-11-04T15:00:00+00:00
T. Adams,1150,Bournemouth,Missing Fixture,Thigh Injury,2023-11-04T15:00:00+00:00
L. Cook,18872,Bournemouth,Missing Fixture,Red Card,2023-11-04T15:00:00+00:00
R. Fredericks,18815,Bournemouth,Missing Fixture,Calf Injury,2023-11-04T15:00:00+00:00
E. Marcondes,19356,Bournemouth,Missing Fixture,Ankle Injury,2023-11-04T15:00:00+00:00
Neto,912,Bournemouth,Missing Fixture,Ankle Injury,2023-11-04T15:00:00+00:00
D. Randolph,19229,Bournemouth,Missing Fixture,Illness,2023-11-04T15:00:00+00:00
C. Basham,19091,Sheffield Utd,Missing Fixture,Ankle Injury,2023-11-04T15:00:00+00:00
T. Davies,18762,Sheffield Utd,Missing Fixture,Injury,2023-11-04T15:00:00+00:00
J. Egan,19093,Sheffield Utd,Missing Fixture,Ankle Injury,2023-11-04T15:00:00+00:00
D. Jebbison,296458,Sheffield Utd,Missing Fixture,Muscle Injury,2023-11-04T15:00:00+00:00
M. Lowe,44809,Sheffield Utd,Missing Fixture,Ankle Injury,2023-11-04T15:00:00+00:00
R. Norrington-Davies,18331,Sheffield Utd,Missing Fixture,Muscle Injury,2023-11-04T15:00:00+00:00
A. Ahmedhodzic,1949,Sheffield Utd,Questionable,Thigh Injury,2023-11-04T15:00:00+00:00
O. McBurnie,19337,Sheffield Utd,Questionable,Groin Injury,2023-11-04T15:00:00+00:00
H. Bueno,280687,Wolves,Missing Fixture,Thigh Injury,2023-11-04T15:00:00+00:00
J. Hodge,204033,Wolves,Missing Fixture,Shoulder Injury,2023-11-04T15:00:00+00:00
P. Neto,1864,Wolves,Missing Fixture,Thigh Injury,2023-11-04T15:00:00+00:00
E. Anderson,138908,Newcastle,Missing Fixture,Back Injury,2023-11-04T17:30:00+00:00
H. Barnes,18778,Newcastle,Missing Fixture,Ankle Injury,2023-11-04T17:30:00+00:00
S. Botman,38734,Newcastle,Missing Fixture,Knee Injury,2023-11-04T17:30:00+00:00
A. Isak,2864,Newcastle,Missing Fixture,Groin Injury,2023-11-04T17:30:00+00:00
J. Manquillo,18896,Newcastle,Missing Fixture,Groin Injury,2023-11-04T17:30:00+00:00
S. Tonali,31146,Newcastle,Missing Fixture,Suspended,2023-11-04T17:30:00+00:00
M. Targett,18941,Newcastle,Questionable,Injury,2023-11-04T17:30:00+00:00
Gabriel Jesus,643,Arsenal,Missing Fixture,Muscle Injury,2023-11-04T17:30:00+00:00
M. Odegaard,37127,Arsenal,Missing Fixture,Injury,2023-11-04T17:30:00+00:00
T. Partey,49,Arsenal,Missing Fixture,Muscle Injury,2023-11-04T17:30:00+00:00
E. Smith Rowe,1161,Arsenal,Missing Fixture,Knee Injury,2023-11-04T17:30:00+00:00
J. Timber,38746,Arsenal,Missing Fixture,Knee Injury,2023-11-04T17:30:00+00:00
C. Hudson-Odoi,2298,Nottingham Forest,Missing Fixture,Thigh Injury,2023-11-05T14:00:00+00:00
G. Montiel,2468,Nottingham Forest,Missing Fixture,Muscle Injury,2023-11-05T14:00:00+00:00
D. Origi,305,Nottingham Forest,Missing Fixture,Groin Injury,2023-11-05T14:00:00+00:00
C. Wood,18931,Nottingham Forest,Missing Fixture,Thigh Injury,2023-11-05T14:00:00+00:00
Felipe,371,Nottingham Forest,Questionable,Knee Injury,2023-11-05T14:00:00+00:00
E. Buendia,19071,Aston Villa,Missing Fixture,Knee Injury,2023-11-05T14:00:00+00:00
K. Hause,19177,Aston Villa,Missing Fixture,Knee Injury,2023-11-05T14:00:00+00:00
T. Mings,19179,Aston Villa,Missing Fixture,Knee Injury,2023-11-05T14:00:00+00:00
J. Ramsey,19192,Aston Villa,Missing Fixture,Injury,2023-11-05T14:00:00+00:00
J. Duran,13489,Aston Villa,Questionable,Toe Injury,2023-11-05T14:00:00+00:00
M. Andersen,15632,Luton,Missing Fixture,Thigh Injury,2023-11-05T16:30:00+00:00
L. Berry,19759,Luton,Missing Fixture,Calf Injury,2023-11-05T16:30:00+00:00
R. Burke,19408,Luton,Missing Fixture,Injury,2023-11-05T16:30:00+00:00
A. S. Lokonga,1427,Luton,Missing Fixture,Thigh Injury,2023-11-05T16:30:00+00:00
D. Potts,19756,Luton,Missing Fixture,Ankle Injury,2023-11-05T16:30:00+00:00
A. Bell,19466,Luton,Questionable,Thigh Injury,2023-11-05T16:30:00+00:00
S. Bajcetic,310187,Liverpool,Missing Fixture,Calf Injury,2023-11-05T16:30:00+00:00
A. Robertson,289,Liverpool,Missing Fixture,Shoulder Injury,2023-11-05T16:30:00+00:00
Thiago,507,Liverpool,Missing Fixture,Hip Injury,2023-11-05T16:30:00+00:00
I. Perisic,207,Tottenham,Missing Fixture,Knee Injury,2023-11-06T20:00:00+00:00
R. Sessegnon,19032,Tottenham,Missing Fixture,Thigh Injury,2023-11-06T20:00:00+00:00
M. Solomon,697,Tottenham,Missing Fixture,Knee Injury,2023-11-06T20:00:00+00:00
A. Whiteman,161,Tottenham,Missing Fixture,Ankle Injury,2023-11-06T20:00:00+00:00
B. Davies,164,Tottenham,Questionable,Ankle Injury,2023-11-06T20:00:00+00:00
T. Chalobah,19720,Chelsea,Missing Fixture,Thigh Injury,2023-11-06T20:00:00+00:00
B. Chilwell,2933,Chelsea,Missing Fixture,Thigh Injury,2023-11-06T20:00:00+00:00
C. Chukwuemeka,138935,Chelsea,Missing Fixture,Knee Injury,2023-11-06T20:00:00+00:00
W. Fofana,22094,Chelsea,Missing Fixture,Knee Injury,2023-11-06T20:00:00+00:00
R. Lavia,282125,Chelsea,Missing Fixture,Ankle Injury,2023-11-06T20:00:00+00:00
C. Nkunku,269,Chelsea,Missing Fixture,Knee Injury,2023-11-06T20:00:00+00:00
M. Bettinelli,19012,Chelsea,Questionable,Injury,2023-11-06T20:00:00+00:00
A. Broja,138822,Chelsea,Questionable,Injury,2023-11-06T20:00:00+00:00
J. Hodge,204033,Wolves,Missing Fixture,Shoulder Injury,2023-11-11T12:30:00+00:00
P. Neto,1864,Wolves,Questionable,Thigh Injury,2023-11-11T12:30:00+00:00
J. Maddison,18784,Tottenham,Missing Fixture,Ankle Injury,2023-11-11T12:30:00+00:00
I. Perisic,207,Tottenham,Missing Fixture,Knee Injury,2023-11-11T12:30:00+00:00
Richarlison,2413,Tottenham,Missing Fixture,Pelvis Injury,2023-11-11T12:30:00+00:00
C. Romero,30776,Tottenham,Missing Fixture,Red Card,2023-11-11T12:30:00+00:00
R. Sessegnon,19032,Tottenham,Missing Fixture,Thigh Injury,2023-11-11T12:30:00+00:00
M. Solomon,697,Tottenham,Missing Fixture,Knee Injury,2023-11-11T12:30:00+00:00
D. Udogie,204039,Tottenham,Missing Fixture,Red Card,2023-11-11T12:30:00+00:00
A. Whiteman,161,Tottenham,Missing Fixture,Ankle Injury,2023-11-11T12:30:00+00:00
M. van de Ven,152849,Tottenham,Missing Fixture,Thigh Injury,2023-11-11T12:30:00+00:00
Gabriel Jesus,643,Arsenal,Missing Fixture,Muscle Injury,2023-11-11T15:00:00+00:00
T. Partey,49,Arsenal,Missing Fixture,Muscle Injury,2023-11-11T15:00:00+00:00
E. Smith Rowe,1161,Arsenal,Missing Fixture,Knee Injury,2023-11-11T15:00:00+00:00
J. Timber,38746,Arsenal,Missing Fixture,Knee Injury,2023-11-11T15:00:00+00:00
M. Odegaard,37127,Arsenal,Questionable,Injury,2023-11-11T15:00:00+00:00
L. Foster,98936,Burnley,Missing Fixture,Illness,2023-11-11T15:00:00+00:00
A. Al Dakhil,323449,Burnley,Questionable,Knock,2023-11-11T15:00:00+00:00
D. Henderson,19088,Crystal Palace,Missing Fixture,Thigh Injury,2023-11-11T15:00:00+00:00
J. Rak-Sakyi,284449,Crystal Palace,Missing Fixture,Thigh Injury,2023-11-11T15:00:00+00:00
J. Tomkins,18844,Crystal Palace,Missing Fixture,Calf Injury,2023-11-11T15:00:00+00:00
D. Alli,172,Everton,Missing Fixture,Muscle Injury,2023-11-11T15:00:00+00:00
A. Gomes,18765,Everton,Missing Fixture,Calf Injury,2023-11-11T15:00:00+00:00
S. Coleman,18758,Everton,Questionable,Lacking Match Fitness,2023-11-11T15:00:00+00:00
Casemiro,747,Manchester United,Missing Fixture,Hamstring Injury,2023-11-11T15:00:00+00:00
A. Diallo,157997,Manchester United,Missing Fixture,Knee Injury,2023-11-11T15:00:00+00:00
J. Evans,18772,Manchester United,Missing Fixture,Injury,2023-11-11T15:00:00+00:00
T. Malacia,37145,Manchester United,Missing Fixture,Muscle Injury,2023-11-11T15:00:00+00:00
L. Martinez,2467,Manchester United,Missing Fixture,Foot Injury,2023-11-11T15:00:00+00:00
J. Sancho,18,Manchester United,Missing Fixture,Suspended,2023-11-11T15:00:00+00:00
L. Shaw,891,Manchester United,Missing Fixture,Muscle Injury,2023-11-11T15:00:00+00:00
M. Andersen,15632,Luton,Missing Fixture,Thigh Injury,2023-11-11T15:00:00+00:00
R. Burke,19408,Luton,Missing Fixture,Injury,2023-11-11T15:00:00+00:00
A. S. Lokonga,1427,Luton,Missing Fixture,Thigh Injury,2023-11-11T15:00:00+00:00
D. Potts,19756,Luton,Missing Fixture,Ankle Injury,2023-11-11T15:00:00+00:00
A. Bell,19466,Luton,Questionable,Thigh Injury,2023-11-11T15:00:00+00:00
C. Woodrow,19808,Luton,Questionable,Calf Injury,2023-11-11T15:00:00+00:00
T. Adams,1150,Bournemouth,Missing Fixture,Thigh Injury,2023-11-11T17:30:00+00:00
R. Fredericks,18815,Bournemouth,Missing Fixture,Calf Injury,2023-11-11T17:30:00+00:00
E. Marcondes,19356,Bournemouth,Missing Fixture,Ankle Injury,2023-11-11T17:30:00+00:00
D. Randolph,19229,Bournemouth,Missing Fixture,Illness,2023-11-11T17:30:00+00:00
A. Scott,304853,Bournemouth,Missing Fixture,Knee Injury,2023-11-11T17:30:00+00:00
E. Anderson,138908,Newcastle,Missing Fixture,Back Injury,2023-11-11T17:30:00+00:00
H. Barnes,18778,Newcastle,Missing Fixture,Ankle Injury,2023-11-11T17:30:00+00:00
S. Botman,38734,Newcastle,Missing Fixture,Knee Injury,2023-11-11T17:30:00+00:00
D. Burn,18961,Newcastle,Missing Fixture,Back Injury,2023-11-11T17:30:00+00:00
B. Guimaraes,10135,Newcastle,Missing Fixture,Yellow Cards,2023-11-11T17:30:00+00:00
J. Manquillo,18896,Newcastle,Missing Fixture,Groin Injury,2023-11-11T17:30:00+00:00
J. Murphy,19163,Newcastle,Missing Fixture,Shoulder Injury,2023-11-11T17:30:00+00:00
M. Targett,18941,Newcastle,Missing Fixture,Injury,2023-11-11T17:30:00+00:00
S. Tonali,31146,Newcastle,Missing Fixture,Suspended,2023-11-11T17:30:00+00:00
A. Isak,2864,Newcastle,Questionable,Groin Injury,2023-11-11T17:30:00+00:00
C. Wilson,2939,Newcastle,Questionable,Thigh Injury,2023-11-11T17:30:00+00:00
E. Buendia,19071,Aston Villa,Missing Fixture,Knee Injury,2023-11-12T14:00:00+00:00
K. Hause,19177,Aston Villa,Missing Fixture,Knee Injury,2023-11-12T14:00:00+00:00
T. Mings,19179,Aston Villa,Missing Fixture,Knee Injury,2023-11-12T14:00:00+00:00
J. Ramsey,19192,Aston Villa,Missing Fixture,Injury,2023-11-12T14:00:00+00:00
Diego Carlos,21090,Aston Villa,Questionable,Injury,2023-11-12T14:00:00+00:00
I. Diop,18814,Fulham,Missing Fixture,Foot Injury,2023-11-12T14:00:00+00:00
Rodrigo Muniz,195106,Fulham,Missing Fixture,Injury,2023-11-12T14:00:00+00:00
T. Adarabioyo,19145,Fulham,Questionable,Injury,2023-11-12T14:00:00+00:00
L. Dunk,18963,Brighton,Missing Fixture,Groin Injury,2023-11-12T14:00:00+00:00
J. Enciso,70747,Brighton,Missing Fixture,Knee Injury,2023-11-12T14:00:00+00:00
P. Estupinan,46731,Brighton,Missing Fixture,Injury,2023-11-12T14:00:00+00:00
T. Lamptey,138815,Brighton,Missing Fixture,Injury,2023-11-12T14:00:00+00:00
S. March,18973,Brighton,Missing Fixture,Knee Injury,2023-11-12T14:00:00+00:00
J. Milner,296,Brighton,Missing Fixture,Injury,2023-11-12T14:00:00+00:00
D. Welbeck,1469,Brighton,Missing Fixture,Muscle Injury,2023-11-12T14:00:00+00:00
C. Basham,19091,Sheffield Utd,Missing Fixture,Ankle Injury,2023-11-12T14:00:00+00:00
R. Brewster,303,Sheffield Utd,Missing Fixture,Thigh Injury,2023-11-12T14:00:00+00:00
T. Davies,18762,Sheffield Utd,Missing Fixture,Injury,2023-11-12T14:00:00+00:00
J. Egan,19093,Sheffield Utd,Missing Fixture,Ankle Injury,2023-11-12T14:00:00+00:00
D. Jebbison,296458,Sheffield Utd,Missing Fixture,Muscle Injury,2023-11-12T14:00:00+00:00
R. Norrington-Davies,18331,Sheffield Utd,Missing Fixture,Muscle Injury,2023-11-12T14:00:00+00:00
A. Ahmedhodzic,1949,Sheffield Utd,Questionable,Thigh Injury,2023-11-12T14:00:00+00:00
O. McBurnie,19337,Sheffield Utd,Questionable,Groin Injury,2023-11-12T14:00:00+00:00
S. Bajcetic,310187,Liverpool,Missing Fixture,Calf Injury,2023-11-12T14:00:00+00:00
C. Jones,293,Liverpool,Missing Fixture,Illness,2023-11-12T14:00:00+00:00
A. Mac Allister,6716,Liverpool,Missing Fixture,Yellow Cards,2023-11-12T14:00:00+00:00
A. Robertson,289,Liverpool,Missing Fixture,Shoulder Injury,2023-11-12T14:00:00+00:00
Thiago,507,Liverpool,Missing Fixture,Hip Injury,2023-11-12T14:00:00+00:00
R. Gravenberch,542,Liverpool,Questionable,Knee Injury,2023-11-12T14:00:00+00:00
M. Damsgaard,15908,Brentford,Missing Fixture,Knock,2023-11-12T14:00:00+00:00
J. Dasilva,19362,Brentford,Missing Fixture,Thigh Injury,2023-11-12T14:00:00+00:00
R. Henry,19346,Brentford,Missing Fixture,Knee Injury,2023-11-12T14:00:00+00:00
A. Hickey,44871,Brentford,Missing Fixture,Thigh Injury,2023-11-12T14:00:00+00:00
K. Schade,178077,Brentford,Missing Fixture,Hip Injury,2023-11-12T14:00:00+00:00
I. Toney,19974,Brentford,Missing Fixture,Suspended,2023-11-12T14:00:00+00:00
K. Lewis-Potter,106725,Brentford,Questionable,Calf Injury,2023-11-12T14:00:00+00:00
C. Hudson-Odoi,2298,Nottingham Forest,Missing Fixture,Thigh Injury,2023-11-12T14:00:00+00:00
Felipe,371,Nottingham Forest,Questionable,Knee Injury,2023-11-12T14:00:00+00:00
G. Montiel,2468,Nottingham Forest,Questionable,Muscle Injury,2023-11-12T14:00:00+00:00
T. Chalobah,19720,Chelsea,Missing Fixture,Thigh Injury,2023-11-12T16:30:00+00:00
B. Chilwell,2933,Chelsea,Missing Fixture,Thigh Injury,2023-11-12T16:30:00+00:00
C. Chukwuemeka,138935,Chelsea,Missing Fixture,Knee Injury,2023-11-12T16:30:00+00:00
W. Fofana,22094,Chelsea,Missing Fixture,Knee Injury,2023-11-12T16:30:00+00:00
M. Bettinelli,19012,Chelsea,Questionable,Injury,2023-11-12T16:30:00+00:00
R. Lavia,282125,Chelsea,Questionable,Ankle Injury,2023-11-12T16:30:00+00:00
C. Nkunku,269,Chelsea,Questionable,Knee Injury,2023-11-12T16:30:00+00:00
K. De Bruyne,629,Manchester City,Missing Fixture,Thigh Injury,2023-11-12T16:30:00+00:00
S. Gomez,23,Manchester City,Missing Fixture,Injury,2023-11-12T16:30:00+00:00
J. Stones,626,Manchester City,Missing Fixture,Muscle Injury,2023-11-12T16:30:00+00:00
K. De Bruyne,629,Manchester City,Missing Fixture,Thigh Injury,2023-11-25T12:30:00+00:00
J. Stones,626,Manchester City,Missing Fixture,Muscle Injury,2023-11-25T12:30:00+00:00
N. Ake,18861,Manchester City,Questionable,Injury,2023-11-25T12:30:00+00:00
Ederson,617,Manchester City,Questionable,Ankle Injury,2023-11-25T12:30:00+00:00
S. Gomez,23,Manchester City,Questionable,Injury,2023-11-25T12:30:00+00:00
E. Haaland,1100,Manchester City,Questionable,Ankle Injury,2023-11-25T12:30:00+00:00
M. Kovacic,2291,Manchester City,Questionable,Thigh Injury,2023-11-25T12:30:00+00:00
M. Nunes,41621,Manchester City,Questionable,Muscle Injury,2023-11-25T12:30:00+00:00
S. Bajcetic,310187,Liverpool,Missing Fixture,Calf Injury,2023-11-25T12:30:00+00:00
A. Robertson,289,Liverpool,Missing Fixture,Shoulder Injury,2023-11-25T12:30:00+00:00
Thiago,507,Liverpool,Missing Fixture,Hip Injury,2023-11-25T12:30:00+00:00
J. Cork,18922,Burnley,Missing Fixture,Injury,2023-11-25T15:00:00+00:00
L. Foster,98936,Burnley,Missing Fixture,Illness,2023-11-25T15:00:00+00:00
A. Al Dakhil,323449,Burnley,Questionable,Knock,2023-11-25T15:00:00+00:00
A. Muric,616,Burnley,Questionable,Illness,2023-11-25T15:00:00+00:00
M. Antonio,18819,West Ham,Missing Fixture,Knee Injury,2023-11-25T15:00:00+00:00
J. Bowen,19428,West Ham,Questionable,Knee Injury,2023-11-25T15:00:00+00:00
M. Andersen,15632,Luton,Missing Fixture,Thigh Injury,2023-11-25T15:00:00+00:00
R. Burke,19408,Luton,Missing Fixture,Injury,2023-11-25T15:00:00+00:00
A. S. Lokonga,1427,Luton,Missing Fixture,Thigh Injury,2023-11-25T15:00:00+00:00
D. Potts,19756,Luton,Missing Fixture,Ankle Injury,2023-11-25T15:00:00+00:00
I. Kabore,140947,Luton,Questionable,Concussion,2023-11-25T15:00:00+00:00
C. Woodrow,19808,Luton,Questionable,Calf Injury,2023-11-25T15:00:00+00:00
D. Henderson,19088,Crystal Palace,Missing Fixture,Thigh Injury,2023-11-25T15:00:00+00:00
J. Rak-Sakyi,284449,Crystal Palace,Missing Fixture,Thigh Injury,2023-11-25T15:00:00+00:00
J. Tomkins,18844,Crystal Palace,Questionable,Calf Injury,2023-11-25T15:00:00+00:00
E. Anderson,138908,Newcastle,Missing Fixture,Back Injury,2023-11-25T15:00:00+00:00
H. Barnes,18778,Newcastle,Missing Fixture,Ankle Injury,2023-11-25T15:00:00+00:00
S. Botman,38734,Newcastle,Missing Fixture,Knee Injury,2023-11-25T15:00:00+00:00
D. Burn,18961,Newcastle,Missing Fixture,Back Injury,2023-11-25T15:00:00+00:00
L. Hall,284492,Newcastle,Missing Fixture,Loan agreement,2023-11-25T15:00:00+00:00
J. Manquillo,18896,Newcastle,Missing Fixture,Groin Injury,2023-11-25T15:00:00+00:00
M. Targett,18941,Newcastle,Missing Fixture,Injury,2023-11-25T15:00:00+00:00
S. Tonali,31146,Newcastle,Missing Fixture,Suspended,2023-11-25T15:00:00+00:00
C. Wilson,2939,Newcastle,Missing Fixture,Thigh Injury,2023-11-25T15:00:00+00:00
S. Longstaff,18901,Newcastle,Questionable,Ankle Injury,2023-11-25T15:00:00+00:00
T. Chalobah,19720,Chelsea,Missing Fixture,Thigh Injury,2023-11-25T15:00:00+00:00
B. Chilwell,2933,Chelsea,Missing Fixture,Thigh Injury,2023-11-25T15:00:00+00:00
C. Chukwuemeka,138935,Chelsea,Missing Fixture,Knee Injury,2023-11-25T15:00:00+00:00
W. Fofana,22094,Chelsea,Missing Fixture,Knee Injury,2023-11-25T15:00:00+00:00
R. Lavia,282125,Chelsea,Missing Fixture,Ankle Injury,2023-11-25T15:00:00+00:00
C. Nkunku,269,Chelsea,Missing Fixture,Knee Injury,2023-11-25T15:00:00+00:00
M. Bettinelli,19012,Chelsea,Questionable,Injury,2023-11-25T15:00:00+00:00
T. Awoniyi,8598,Nottingham Forest,Missing Fixture,Groin Injury,2023-11-25T15:00:00+00:00
Felipe,371,Nottingham Forest,Questionable,Knee Injury,2023-11-25T15:00:00+00:00
M. Dahoud,14,Brighton,Missing Fixture,Red Card,2023-11-25T15:00:00+00:00
J. Enciso,70747,Brighton,Missing Fixture,Knee Injury,2023-11-25T15:00:00+00:00
P. Estupinan,46731,Brighton,Missing Fixture,Injury,2023-11-25T15:00:00+00:00
S. March,18973,Brighton,Missing Fixture,Knee Injury,2023-11-25T15:00:00+00:00
J. Milner,296,Brighton,Missing Fixture,Injury,2023-11-25T15:00:00+00:00
K. Mitoma,106835,Brighton,Missing Fixture,Injury,2023-11-25T15:00:00+00:00
A. Webster,19265,Brighton,Missing Fixture,Knock,2023-11-25T15:00:00+00:00
D. Welbeck,1469,Brighton,Missing Fixture,Muscle Injury,2023-11-25T15:00:00+00:00
Igor,7600,Brighton,Questionable,Ankle Injury,2023-11-25T15:00:00+00:00
C. Basham,19091,Sheffield Utd,Missing Fixture,Ankle Injury,2023-11-25T15:00:00+00:00
R. Brewster,303,Sheffield Utd,Missing Fixture,Thigh Injury,2023-11-25T15:00:00+00:00
T. Davies,18762,Sheffield Utd,Missing Fixture,Injury,2023-11-25T15:00:00+00:00
J. Egan,19093,Sheffield Utd,Missing Fixture,Ankle Injury,2023-11-25T15:00:00+00:00
D. Jebbison,296458,Sheffield Utd,Missing Fixture,Muscle Injury,2023-11-25T15:00:00+00:00
R. Norrington-Davies,18331,Sheffield Utd,Missing Fixture,Muscle Injury,2023-11-25T15:00:00+00:00
M. Aarons,19070,Bournemouth,Missing Fixture,Thigh Injury,2023-11-25T15:00:00+00:00
T. Adams,1150,Bournemouth,Missing Fixture,Thigh Injury,2023-11-25T15:00:00+00:00
R. Fredericks,18815,Bournemouth,Missing Fixture,Calf Injury,2023-11-25T15:00:00+00:00
E. Marcondes,19356,Bournemouth,Missing Fixture,Ankle Injury,2023-11-25T15:00:00+00:00
D. Randolph,19229,Bournemouth,Missing Fixture,Illness,2023-11-25T15:00:00+00:00
A. Scott,304853,Bournemouth,Missing Fixture,Knee Injury,2023-11-25T15:00:00+00:00
N. Collins,19495,Brentford,Missing Fixture,Ankle Injury,2023-11-25T17:30:00+00:00
R. Henry,19346,Brentford,Missing Fixture,Knee Injury,2023-11-25T17:30:00+00:00
A. Hickey,44871,Brentford,Missing Fixture,Thigh Injury,2023-11-25T17:30:00+00:00
K. Schade,178077,Brentford,Missing Fixture,Hip Injury,2023-11-25T17:30:00+00:00
I. Toney,19974,Brentford,Missing Fixture,Suspended,2023-11-25T17:30:00+00:00
M. Damsgaard,15908,Brentford,Questionable,Knock,2023-11-25T17:30:00+00:00
J. Dasilva,19362,Brentford,Questionable,Thigh Injury,2023-11-25T17:30:00+00:00
T. Partey,49,Arsenal,Missing Fixture,Muscle Injury,2023-11-25T17:30:00+00:00
D. Raya,19465,Arsenal,Missing Fixture,Loan agreement,2023-11-25T17:30:00+00:00
E. Smith Rowe,1161,Arsenal,Missing Fixture,Knee Injury,2023-11-25T17:30:00+00:00
J. Timber,38746,Arsenal,Missing Fixture,Knee Injury,2023-11-25T17:30:00+00:00
F. Vieira,41725,Arsenal,Missing Fixture,Red Card,2023-11-25T17:30:00+00:00
Y. Bissouma,18968,Tottenham,Missing Fixture,Yellow Cards,2023-11-26T14:00:00+00:00
J. Maddison,18784,Tottenham,Missing Fixture,Ankle Injury,2023-11-26T14:00:00+00:00
I. Perisic,207,Tottenham,Missing Fixture,Knee Injury,2023-11-26T14:00:00+00:00
Richarlison,2413,Tottenham,Missing Fixture,Pelvis Injury,2023-11-26T14:00:00+00:00
C. Romero,30776,Tottenham,Missing Fixture,Red Card,2023-11-26T14:00:00+00:00
R. Sessegnon,19032,Tottenham,Missing Fixture,Thigh Injury,2023-11-26T14:00:00+00:00
M. Solomon,697,Tottenham,Missing Fixture,Knee Injury,2023-11-26T14:00:00+00:00
A. Whiteman,161,Tottenham,Missing Fixture,Ankle Injury,2023-11-26T14:00:00+00:00
M. van de Ven,152849,Tottenham,Missing Fixture,Thigh Injury,2023-11-26T14:00:00+00:00
P. M. Sarr,237129,Tottenham,Questionable,Injury,2023-11-26T14:00:00+00:00
E. Buendia,19071,Aston Villa,Missing Fixture,Knee Injury,2023-11-26T14:00:00+00:00
T. Mings,19179,Aston Villa,Missing Fixture,Knee Injury,2023-11-26T14:00:00+00:00
B. Traore,671,Aston Villa,Missing Fixture,Muscle Injury,2023-11-26T14:00:00+00:00
N. Zaniolo,786,Aston Villa,Questionable,Injury,2023-11-26T14:00:00+00:00
D. Alli,172,Everton,Missing Fixture,Muscle Injury,2023-11-26T16:30:00+00:00
A. Gomes,18765,Everton,Missing Fixture,Calf Injury,2023-11-26T16:30:00+00:00
A. Onana,162714,Everton,Questionable,Calf Injury,2023-11-26T16:30:00+00:00
Casemiro,747,Manchester United,Missing Fixture,Hamstring Injury,2023-11-26T16:30:00+00:00
A. Diallo,157997,Manchester United,Missing Fixture,Knee Injury,2023-11-26T16:30:00+00:00
C. Eriksen,174,Manchester United,Missing Fixture,Knee Injury,2023-11-26T16:30:00+00:00
J. Evans,18772,Manchester United,Missing Fixture,Injury,2023-11-26T16:30:00+00:00
T. Malacia,37145,Manchester United,Missing Fixture,Muscle Injury,2023-11-26T16:30:00+00:00
L. Martinez,2467,Manchester United,Missing Fixture,Foot Injury,2023-11-26T16:30:00+00:00
M. Mount,19220,Manchester United,Missing Fixture,Injury,2023-11-26T16:30:00+00:00
J. Sancho,18,Manchester United,Missing Fixture,Suspended,2023-11-26T16:30:00+00:00
R. Hojlund,288006,Manchester United,Questionable,Thigh Injury,2023-11-26T16:30:00+00:00
I. Diop,18814,Fulham,Missing Fixture,Foot Injury,2023-11-27T20:00:00+00:00
J. Palhinha,41104,Fulham,Missing Fixture,Yellow Cards,2023-11-27T20:00:00+00:00
Rodrigo Muniz,195106,Fulham,Missing Fixture,Injury,2023-11-27T20:00:00+00:00
A. Traore,18753,Fulham,Missing Fixture,Thigh Injury,2023-11-27T20:00:00+00:00
C. Dawson,19147,Wolves,Missing Fixture,Yellow Cards,2023-11-27T20:00:00+00:00
J. Hodge,204033,Wolves,Missing Fixture,Shoulder Injury,2023-11-27T20:00:00+00:00
P. Neto,1864,Wolves,Missing Fixture,Thigh Injury,2023-11-27T20:00:00+00:00
T. Partey,49,Arsenal,Missing Fixture,Muscle Injury,2023-12-02T15:00:00+00:00
E. Smith Rowe,1161,Arsenal,Missing Fixture,Knee Injury,2023-12-02T15:00:00+00:00
J. Timber,38746,Arsenal,Missing Fixture,Knee Injury,2023-12-02T15:00:00+00:00
F. Vieira,41725,Arsenal,Missing Fixture,Groin Injury,2023-12-02T15:00:00+00:00
J. Hodge,204033,Wolves,Missing Fixture,Shoulder Injury,2023-12-02T15:00:00+00:00
Joao Gomes,195103,Wolves,Missing Fixture,Yellow Cards,2023-12-02T15:00:00+00:00
M. Lemina,18947,Wolves,Missing Fixture,Yellow Cards,2023-12-02T15:00:00+00:00
P. Neto,1864,Wolves,Missing Fixture,Thigh Injury,2023-12-02T15:00:00+00:00
R. Ait Nouri,21138,Wolves,Questionable,Ankle Injury,2023-12-02T15:00:00+00:00
N. Collins,19495,Brentford,Missing Fixture,Ankle Injury,2023-12-02T15:00:00+00:00
R. Henry,19346,Brentford,Missing Fixture,Knee Injury,2023-12-02T15:00:00+00:00
A. Hickey,44871,Brentford,Missing Fixture,Thigh Injury,2023-12-02T15:00:00+00:00
K. Schade,178077,Brentford,Missing Fixture,Hip Injury,2023-12-02T15:00:00+00:00
I. Toney,19974,Brentford,Missing Fixture,Suspended,2023-12-02T15:00:00+00:00
M. Damsgaard,15908,Brentford,Questionable,Knock,2023-12-02T15:00:00+00:00
J. Dasilva,19362,Brentford,Questionable,Thigh Injury,2023-12-02T15:00:00+00:00
M. Jensen,47438,Brentford,Questionable,Knock,2023-12-02T15:00:00+00:00
M. Andersen,15632,Luton,Missing Fixture,Thigh Injury,2023-12-02T15:00:00+00:00
R. Burke,19408,Luton,Missing Fixture,Injury,2023-12-02T15:00:00+00:00
D. Potts,19756,Luton,Missing Fixture,Ankle Injury,2023-12-02T15:00:00+00:00
A. S. Lokonga,1427,Luton,Questionable,Thigh Injury,2023-12-02T15:00:00+00:00
M. Nakamba,76,Luton,Questionable,Knee Injury,2023-12-02T15:00:00+00:00
C. Woodrow,19808,Luton,Questionable,Calf Injury,2023-12-02T15:00:00+00:00
L. Foster,98936,Burnley,Missing Fixture,Illness,2023-12-02T15:00:00+00:00
J. Cork,18922,Burnley,Questionable,Injury,2023-12-02T15:00:00+00:00
A. Muric,616,Burnley,Questionable,Illness,2023-12-02T15:00:00+00:00
C. Basham,19091,Sheffield Utd,Missing Fixture,Ankle Injury,2023-12-02T15:00:00+00:00
R. Brewster,303,Sheffield Utd,Missing Fixture,Thigh Injury,2023-12-02T15:00:00+00:00
T. Davies,18762,Sheffield Utd,Missing Fixture,Injury,2023-12-02T15:00:00+00:00
J. Egan,19093,Sheffield Utd,Missing Fixture,Ankle Injury,2023-12-02T15:00:00+00:00
D. Jebbison,296458,Sheffield Utd,Missing Fixture,Muscle Injury,2023-12-02T15:00:00+00:00
R. Norrington-Davies,18331,Sheffield Utd,Missing Fixture,Muscle Injury,2023-12-02T15:00:00+00:00
T. Awoniyi,8598,Nottingham Forest,Missing Fixture,Groin Injury,2023-12-02T17:30:00+00:00
D. Alli,172,Everton,Missing Fixture,Muscle Injury,2023-12-02T17:30:00+00:00
A. Gomes,18765,Everton,Missing Fixture,Calf Injury,2023-12-02T17:30:00+00:00
A. Onana,162714,Everton,Questionable,Calf Injury,2023-12-02T17:30:00+00:00
E. Anderson,138908,Newcastle,Missing Fixture,Back Injury,2023-12-02T20:00:00+00:00
H. Barnes,18778,Newcastle,Missing Fixture,Ankle Injury,2023-12-02T20:00:00+00:00
S. Botman,38734,Newcastle,Missing Fixture,Knee Injury,2023-12-02T20:00:00+00:00
D. Burn,18961,Newcastle,Missing Fixture,Back Injury,2023-12-02T20:00:00+00:00
S. Longstaff,18901,Newcastle,Missing Fixture,Ankle Injury,2023-12-02T20:00:00+00:00
J. Manquillo,18896,Newcastle,Missing Fixture,Groin Injury,2023-12-02T20:00:00+00:00
J. Murphy,19163,Newcastle,Missing Fixture,Shoulder Injury,2023-12-02T20:00:00+00:00
M. Targett,18941,Newcastle,Missing Fixture,Injury,2023-12-02T20:00:00+00:00
S. Tonali,31146,Newcastle,Missing Fixture,Suspended,2023-12-02T20:00:00+00:00
J. Willock,1463,Newcastle,Missing Fixture,Achilles Tendon Injury,2023-12-02T20:00:00+00:00
C. Wilson,2939,Newcastle,Missing Fixture,Thigh Injury,2023-12-02T20:00:00+00:00
Casemiro,747,Manchester United,Missing Fixture,Hamstring Injury,2023-12-02T20:00:00+00:00
A. Diallo,157997,Manchester United,Missing Fixture,Knee Injury,2023-12-02T20:00:00+00:00
C. Eriksen,174,Manchester United,Missing Fixture,Knee Injury,2023-12-02T20:00:00+00:00
J. Evans,18772,Manchester United,Missing Fixture,Injury,2023-12-02T20:00:00+00:00
T. Malacia,37145,Manchester United,Missing Fixture,Muscle Injury,2023-12-02T20:00:00+00:00
L. Martinez,2467,Manchester United,Missing Fixture,Foot Injury,2023-12-02T20:00:00+00:00
J. Sancho,18,Manchester United,Missing Fixture,Suspended,2023-12-02T20:00:00+00:00
M. Mount,19220,Manchester United,Questionable,Injury,2023-12-02T20:00:00+00:00
M. Aarons,19070,Bournemouth,Missing Fixture,Thigh Injury,2023-12-03T14:00:00+00:00
T. Adams,1150,Bournemouth,Missing Fixture,Thigh Injury,2023-12-03T14:00:00+00:00
R. Fredericks,18815,Bournemouth,Missing Fixture,Calf Injury,2023-12-03T14:00:00+00:00
L. Kelly,19263,Bournemouth,Missing Fixture,Thigh Injury,2023-12-03T14:00:00+00:00
E. Marcondes,19356,Bournemouth,Missing Fixture,Ankle Injury,2023-12-03T14:00:00+00:00
D. Randolph,19229,Bournemouth,Missing Fixture,Illness,2023-12-03T14:00:00+00:00
A. Scott,304853,Bournemouth,Missing Fixture,Knee Injury,2023-12-03T14:00:00+00:00
E. Buendia,19071,Aston Villa,Missing Fixture,Knee Injury,2023-12-03T14:00:00+00:00
B. Kamara,1904,Aston Villa,Missing Fixture,Yellow Cards,2023-12-03T14:00:00+00:00
T. Mings,19179,Aston Villa,Missing Fixture,Knee Injury,2023-12-03T14:00:00+00:00
B. Traore,671,Aston Villa,Missing Fixture,Muscle Injury,2023-12-03T14:00:00+00:00
T. Chalobah,19720,Chelsea,Missing Fixture,Thigh Injury,2023-12-03T14:00:00+00:00
B. Chilwell,2933,Chelsea,Missing Fixture,Thigh Injury,2023-12-03T14:00:00+00:00
C. Chukwuemeka,138935,Chelsea,Missing Fixture,Knee Injury,2023-12-03T14:00:00+00:00
M. Cucurella,47380,Chelsea,Missing Fixture,Yellow Cards,2023-12-03T14:00:00+00:00
W. Fofana,22094,Chelsea,Missing Fixture,Knee Injury,2023-12-03T14:00:00+00:00
R. James,19545,Chelsea,Missing Fixture,Red Card,2023-12-03T14:00:00+00:00
M. Bettinelli,19012,Chelsea,Questionable,Injury,2023-12-03T14:00:00+00:00
M. Gusto,161907,Chelsea,Questionable,Tendon Injury,2023-12-03T14:00:00+00:00
R. Lavia,282125,Chelsea,Questionable,Ankle Injury,2023-12-03T14:00:00+00:00
C. Nkunku,269,Chelsea,Questionable,Knee Injury,2023-12-03T14:00:00+00:00
M. Dahoud,14,Brighton,Missing Fixture,Red Card,2023-12-03T14:00:00+00:00
L. Dunk,18963,Brighton,Missing Fixture,Red Card,2023-12-03T14:00:00+00:00
J. Enciso,70747,Brighton,Missing Fixture,Knee Injury,2023-12-03T14:00:00+00:00
P. Estupinan,46731,Brighton,Missing Fixture,Injury,2023-12-03T14:00:00+00:00
A. Fati,135775,Brighton,Missing Fixture,Calf Injury,2023-12-03T14:00:00+00:00
T. Lamptey,138815,Brighton,Missing Fixture,Muscle Injury,2023-12-03T14:00:00+00:00
S. March,18973,Brighton,Missing Fixture,Knee Injury,2023-12-03T14:00:00+00:00
A. Webster,19265,Brighton,Missing Fixture,Knock,2023-12-03T14:00:00+00:00
D. Welbeck,1469,Brighton,Missing Fixture,Muscle Injury,2023-12-03T14:00:00+00:00
Alisson,280,Liverpool,Missing Fixture,Muscle Injury,2023-12-03T14:00:00+00:00
S. Bajcetic,310187,Liverpool,Missing Fixture,Calf Injury,2023-12-03T14:00:00+00:00
Diogo Jota,2678,Liverpool,Missing Fixture,Muscle Injury,2023-12-03T14:00:00+00:00
A. Robertson,289,Liverpool,Missing Fixture,Shoulder Injury,2023-12-03T14:00:00+00:00
Thiago,507,Liverpool,Missing Fixture,Hip Injury,2023-12-03T14:00:00+00:00
I. Diop,18814,Fulham,Missing Fixture,Foot Injury,2023-12-03T14:00:00+00:00
Rodrigo Muniz,195106,Fulham,Missing Fixture,Injury,2023-12-03T14:00:00+00:00
A. Traore,18753,Fulham,Missing Fixture,Thigh Injury,2023-12-03T14:00:00+00:00
M. Antonio,18819,West Ham,Missing Fixture,Knee Injury,2023-12-03T14:00:00+00:00
C. Doucoure,3339,Crystal Palace,Missing Fixture,Achilles Tendon Injury,2023-12-03T14:00:00+00:00
E. Eze,19586,Crystal Palace,Missing Fixture,Ankle Injury,2023-12-03T14:00:00+00:00
D. Henderson,19088,Crystal Palace,Missing Fixture,Thigh Injury,2023-12-03T14:00:00+00:00
R. Holding,1440,Crystal Palace,Missing Fixture,Ankle Injury,2023-12-03T14:00:00+00:00
J. Rak-Sakyi,284449,Crystal Palace,Missing Fixture,Thigh Injury,2023-12-03T14:00:00+00:00
K. De Bruyne,629,Manchester City,Missing Fixture,Thigh Injury,2023-12-03T16:30:00+00:00
M. Nunes,41621,Manchester City,Questionable,Muscle Injury,2023-12-03T16:30:00+00:00
R. Bentancur,863,Tottenham,Missing Fixture,Ankle Injury,2023-12-03T16:30:00+00:00
J. Maddison,18784,Tottenham,Missing Fixture,Ankle Injury,2023-12-03T16:30:00+00:00
I. Perisic,207,Tottenham,Missing Fixture,Knee Injury,2023-12-03T16:30:00+00:00
C. Romero,30776,Tottenham,Missing Fixture,Red Card,2023-12-03T16:30:00+00:00
R. Sessegnon,19032,Tottenham,Missing Fixture,Thigh Injury,2023-12-03T16:30:00+00:00
M. Solomon,697,Tottenham,Missing Fixture,Knee Injury,2023-12-03T16:30:00+00:00
A. Whiteman,161,Tottenham,Missing Fixture,Ankle Injury,2023-12-03T16:30:00+00:00
M. van de Ven,152849,Tottenham,Missing Fixture,Thigh Injury,2023-12-03T16:30:00+00:00
P. M. Sarr,237129,Tottenham,Questionable,Injury,2023-12-03T16:30:00+00:00
J. Hodge,204033,Wolves,Missing Fixture,Shoulder Injury,2023-12-05T19:30:00+00:00
Jonny,18740,Wolves,Missing Fixture,Injury,2023-12-05T19:30:00+00:00
P. Neto,1864,Wolves,Missing Fixture,Thigh Injury,2023-12-05T19:30:00+00:00
R. Ait Nouri,21138,Wolves,Questionable,Ankle Injury,2023-12-05T19:30:00+00:00
J. Sa,1590,Wolves,Questionable,Back Injury,2023-12-05T19:30:00+00:00
J. Beyer,25628,Burnley,Missing Fixture,Yellow Cards,2023-12-05T19:30:00+00:00
J. Cork,18922,Burnley,Missing Fixture,Injury,2023-12-05T19:30:00+00:00
L. Foster,98936,Burnley,Missing Fixture,Illness,2023-12-05T19:30:00+00:00
J. Cullen,19827,Burnley,Questionable,Knock,2023-12-05T19:30:00+00:00
M. Andersen,15632,Luton,Missing Fixture,Thigh Injury,2023-12-05T20:15:00+00:00
R. Burke,19408,Luton,Missing Fixture,Injury,2023-12-05T20:15:00+00:00
A. S. Lokonga,1427,Luton,Missing Fixture,Loan agreement,2023-12-05T20:15:00+00:00
D. Potts,19756,Luton,Missing Fixture,Ankle Injury,2023-12-05T20:15:00+00:00
T. Lockyer,20203,Luton,Questionable,Back Injury,2023-12-05T20:15:00+00:00
M. Nakamba,76,Luton,Questionable,Knee Injury,2023-12-05T20:15:00+00:00
C. Woodrow,19808,Luton,Questionable,Calf Injury,2023-12-05T20:15:00+00:00
T. Partey,49,Arsenal,Missing Fixture,Muscle Injury,2023-12-05T20:15:00+00:00
E. Smith Rowe,1161,Arsenal,Missing Fixture,Knee Injury,2023-12-05T20:15:00+00:00
J. Timber,38746,Arsenal,Missing Fixture,Knee Injury,2023-12-05T20:15:00+00:00
F. Vieira,41725,Arsenal,Missing Fixture,Groin Injury,2023-12-05T20:15:00+00:00
T. Tomiyasu,2597,Arsenal,Questionable,Calf Injury,2023-12-05T20:15:00+00:00
M. Dahoud,14,Brighton,Missing Fixture,Red Card,2023-12-06T19:30:00+00:00
L. Dunk,18963,Brighton,Missing Fixture,Red Card,2023-12-06T19:30:00+00:00
J. Enciso,70747,Brighton,Missing Fixture,Knee Injury,2023-12-06T19:30:00+00:00
P. Estupinan,46731,Brighton,Missing Fixture,Injury,2023-12-06T19:30:00+00:00
A. Fati,135775,Brighton,Missing Fixture,Calf Injury,2023-12-06T19:30:00+00:00
T. Lamptey,138815,Brighton,Missing Fixture,Muscle Injury,2023-12-06T19:30:00+00:00
S. March,18973,Brighton,Missing Fixture,Knee Injury,2023-12-06T19:30:00+00:00
A. Webster,19265,Brighton,Missing Fixture,Knock,2023-12-06T19:30:00+00:00
D. Welbeck,1469,Brighton,Missing Fixture,Muscle Injury,2023-12-06T19:30:00+00:00
K. Ajer,1119,Brentford,Missing Fixture,Ankle Injury,2023-12-06T19:30:00+00:00
N. Collins,19495,Brentford,Missing Fixture,Ankle Injury,2023-12-06T19:30:00+00:00
R. Henry,19346,Brentford,Missing Fixture,Knee Injury,2023-12-06T19:30:00+00:00
A. Hickey,44871,Brentford,Missing Fixture,Thigh Injury,2023-12-06T19:30:00+00:00
C. Norgaard,30407,Brentford,Missing Fixture,Yellow Cards,2023-12-06T19:30:00+00:00
K. Schade,178077,Brentford,Missing Fixture,Hip Injury,2023-12-06T19:30:00+00:00
I. Toney,19974,Brentford,Missing Fixture,Suspended,2023-12-06T19:30:00+00:00
J. Dasilva,19362,Brentford,Questionable,Thigh Injury,2023-12-06T19:30:00+00:00
M. Jensen,47438,Brentford,Questionable,Knock,2023-12-06T19:30:00+00:00
C. Doucoure,3339,Crystal Palace,Missing Fixture,Achilles Tendon Injury,2023-12-06T19:30:00+00:00
E. Eze,19586,Crystal Palace,Missing Fixture,Ankle Injury,2023-12-06T19:30:00+00:00
D. Henderson,19088,Crystal Palace,Missing Fixture,Thigh Injury,2023-12-06T19:30:00+00:00
R. Holding,1440,Crystal Palace,Missing Fixture,Ankle Injury,2023-12-06T19:30:00+00:00
J. Rak-Sakyi,284449,Crystal Palace,Missing Fixture,Thigh Injury,2023-12-06T19:30:00+00:00
M. Aarons,19070,Bournemouth,Missing Fixture,Thigh Injury,2023-12-06T19:30:00+00:00
T. Adams,1150,Bournemouth,Missing Fixture,Thigh Injury,2023-12-06T19:30:00+00:00
R. Fredericks,18815,Bournemouth,Missing Fixture,Calf Injury,2023-12-06T19:30:00+00:00
L. Kelly,19263,Bournemouth,Missing Fixture,Thigh Injury,2023-12-06T19:30:00+00:00
E. Marcondes,19356,Bournemouth,Missing Fixture,Ankle Injury,2023-12-06T19:30:00+00:00
D. Randolph,19229,Bournemouth,Missing Fixture,Illness,2023-12-06T19:30:00+00:00
A. Scott,304853,Bournemouth,Missing Fixture,Knee Injury,2023-12-06T19:30:00+00:00
I. Diop,18814,Fulham,Missing Fixture,Foot Injury,2023-12-06T19:30:00+00:00
Rodrigo Muniz,195106,Fulham,Missing Fixture,Injury,2023-12-06T19:30:00+00:00
A. Traore,18753,Fulham,Missing Fixture,Thigh Injury,2023-12-06T19:30:00+00:00
T. Awoniyi,8598,Nottingham Forest,Missing Fixture,Groin Injury,2023-12-06T19:30:00+00:00
W. Boly,18739,Nottingham Forest,Questionable,Muscle Injury,2023-12-06T19:30:00+00:00
G. Baldock,19090,Sheffield Utd,Missing Fixture,Thigh Injury,2023-12-06T19:30:00+00:00
C. Basham,19091,Sheffield Utd,Missing Fixture,Ankle Injury,2023-12-06T19:30:00+00:00
R. Brewster,303,Sheffield Utd,Missing Fixture,Thigh Injury,2023-12-06T19:30:00+00:00
T. Davies,18762,Sheffield Utd,Missing Fixture,Injury,2023-12-06T19:30:00+00:00
J. Egan,19093,Sheffield Utd,Missing Fixture,Ankle Injury,2023-12-06T19:30:00+00:00
D. Jebbison,296458,Sheffield Utd,Missing Fixture,Muscle Injury,2023-12-06T19:30:00+00:00
O. McBurnie,19337,Sheffield Utd,Missing Fixture,Red Card,2023-12-06T19:30:00+00:00
R. Norrington-Davies,18331,Sheffield Utd,Missing Fixture,Muscle Injury,2023-12-06T19:30:00+00:00
Alisson,280,Liverpool,Missing Fixture,Muscle Injury,2023-12-06T19:30:00+00:00
S. Bajcetic,310187,Liverpool,Missing Fixture,Calf Injury,2023-12-06T19:30:00+00:00
Diogo Jota,2678,Liverpool,Missing Fixture,Muscle Injury,2023-12-06T19:30:00+00:00
J. Matip,286,Liverpool,Missing Fixture,Knee Injury,2023-12-06T19:30:00+00:00
A. Robertson,289,Liverpool,Missing Fixture,Shoulder Injury,2023-12-06T19:30:00+00:00
Thiago,507,Liverpool,Missing Fixture,Hip Injury,2023-12-06T19:30:00+00:00
E. Buendia,19071,Aston Villa,Missing Fixture,Knee Injury,2023-12-06T20:15:00+00:00
T. Mings,19179,Aston Villa,Missing Fixture,Knee Injury,2023-12-06T20:15:00+00:00
B. Traore,671,Aston Villa,Missing Fixture,Muscle Injury,2023-12-06T20:15:00+00:00
K. De Bruyne,629,Manchester City,Missing Fixture,Thigh Injury,2023-12-06T20:15:00+00:00
J. Grealish,19187,Manchester City,Missing Fixture,Yellow Cards,2023-12-06T20:15:00+00:00
Rodri,44,Manchester City,Missing Fixture,Yellow Cards,2023-12-06T20:15:00+00:00
J. Doku,1422,Manchester City,Questionable,Knock,2023-12-06T20:15:00+00:00
Casemiro,747,Manchester United,Missing Fixture,Hamstring Injury,2023-12-06T20:15:00+00:00
A. Diallo,157997,Manchester United,Missing Fixture,Knee Injury,2023-12-06T20:15:00+00:00
C. Eriksen,174,Manchester United,Missing Fixture,Knee Injury,2023-12-06T20:15:00+00:00
T. Malacia,37145,Manchester United,Missing Fixture,Muscle Injury,2023-12-06T20:15:00+00:00
L. Martinez,2467,Manchester United,Missing Fixture,Foot Injury,2023-12-06T20:15:00+00:00
M. Mount,19220,Manchester United,Missing Fixture,Injury,2023-12-06T20:15:00+00:00
J. Sancho,18,Manchester United,Missing Fixture,Suspended,2023-12-06T20:15:00+00:00
T. Chalobah,19720,Chelsea,Missing Fixture,Thigh Injury,2023-12-06T20:15:00+00:00
B. Chilwell,2933,Chelsea,Missing Fixture,Thigh Injury,2023-12-06T20:15:00+00:00
C. Chukwuemeka,138935,Chelsea,Missing Fixture,Knee Injury,2023-12-06T20:15:00+00:00
W. Fofana,22094,Chelsea,Missing Fixture,Knee Injury,2023-12-06T20:15:00+00:00
C. Gallagher,67972,Chelsea,Missing Fixture,Red Card,2023-12-06T20:15:00+00:00
M. Gusto,161907,Chelsea,Missing Fixture,Tendon Injury,2023-12-06T20:15:00+00:00
N. Madueke,136723,Chelsea,Missing Fixture,Injury,2023-12-06T20:15:00+00:00
C. Nkunku,269,Chelsea,Missing Fixture,Knee Injury,2023-12-06T20:15:00+00:00
L. Ugochukwu,270508,Chelsea,Missing Fixture,Injury,2023-12-06T20:15:00+00:00
M. Bettinelli,19012,Chelsea,Questionable,Injury,2023-12-06T20:15:00+00:00
R. Lavia,282125,Chelsea,Questionable,Ankle Injury,2023-12-06T20:15:00+00:00
D. Alli,172,Everton,Missing Fixture,Muscle Injury,2023-12-07T19:30:00+00:00
A. Gomes,18765,Everton,Questionable,Calf Injury,2023-12-07T19:30:00+00:00
A. Onana,162714,Everton,Questionable,Calf Injury,2023-12-07T19:30:00+00:00
E. Anderson,138908,Newcastle,Missing Fixture,Back Injury,2023-12-07T19:30:00+00:00
H. Barnes,18778,Newcastle,Missing Fixture,Ankle Injury,2023-12-07T19:30:00+00:00
S. Botman,38734,Newcastle,Missing Fixture,Knee Injury,2023-12-07T19:30:00+00:00
D. Burn,18961,Newcastle,Missing Fixture,Back Injury,2023-12-07T19:30:00+00:00
S. Longstaff,18901,Newcastle,Missing Fixture,Ankle Injury,2023-12-07T19:30:00+00:00
J. Manquillo,18896,Newcastle,Missing Fixture,Groin Injury,2023-12-07T19:30:00+00:00
J. Murphy,19163,Newcastle,Missing Fixture,Shoulder Injury,2023-12-07T19:30:00+00:00
N. Pope,18911,Newcastle,Missing Fixture,Shoulder Injury,2023-12-07T19:30:00+00:00
M. Targett,18941,Newcastle,Missing Fixture,Injury,2023-12-07T19:30:00+00:00
S. Tonali,31146,Newcastle,Missing Fixture,Suspended,2023-12-07T19:30:00+00:00
J. Willock,1463,Newcastle,Missing Fixture,Achilles Tendon Injury,2023-12-07T19:30:00+00:00
C. Wilson,2939,Newcastle,Missing Fixture,Thigh Injury,2023-12-07T19:30:00+00:00
R. Bentancur,863,Tottenham,Missing Fixture,Ankle Injury,2023-12-07T20:15:00+00:00
E. Dier,175,Tottenham,Missing Fixture,Muscle Injury,2023-12-07T20:15:00+00:00
J. Maddison,18784,Tottenham,Missing Fixture,Ankle Injury,2023-12-07T20:15:00+00:00
I. Perisic,207,Tottenham,Missing Fixture,Knee Injury,2023-12-07T20:15:00+00:00
R. Sessegnon,19032,Tottenham,Missing Fixture,Thigh Injury,2023-12-07T20:15:00+00:00
M. Solomon,697,Tottenham,Missing Fixture,Knee Injury,2023-12-07T20:15:00+00:00
A. Whiteman,161,Tottenham,Missing Fixture,Ankle Injury,2023-12-07T20:15:00+00:00
M. van de Ven,152849,Tottenham,Missing Fixture,Thigh Injury,2023-12-07T20:15:00+00:00
M. Antonio,18819,West Ham,Missing Fixture,Knee Injury,2023-12-07T20:15:00+00:00
C. Doucoure,3339,Crystal Palace,Missing Fixture,Achilles Tendon Injury,2023-12-09T12:30:00+00:00
E. Eze,19586,Crystal Palace,Missing Fixture,Ankle Injury,2023-12-09T12:30:00+00:00
D. Henderson,19088,Crystal Palace,Missing Fixture,Thigh Injury,2023-12-09T12:30:00+00:00
R. Holding,1440,Crystal Palace,Missing Fixture,Ankle Injury,2023-12-09T12:30:00+00:00
J. Rak-Sakyi,284449,Crystal Palace,Missing Fixture,Thigh Injury,2023-12-09T12:30:00+00:00
T. Mitchell,182201,Crystal Palace,Questionable,Groin Injury,2023-12-09T12:30:00+00:00
S. Bajcetic,310187,Liverpool,Missing Fixture,Calf Injury,2023-12-09T12:30:00+00:00
Diogo Jota,2678,Liverpool,Missing Fixture,Muscle Injury,2023-12-09T12:30:00+00:00
A. Mac Allister,6716,Liverpool,Missing Fixture,Knee Injury,2023-12-09T12:30:00+00:00
J. Matip,286,Liverpool,Missing Fixture,Knee Injury,2023-12-09T12:30:00+00:00
A. Robertson,289,Liverpool,Missing Fixture,Shoulder Injury,2023-12-09T12:30:00+00:00
Thiago,507,Liverpool,Missing Fixture,Hip Injury,2023-12-09T12:30:00+00:00
J. Enciso,70747,Brighton,Missing Fixture,Knee Injury,2023-12-09T15:00:00+00:00
P. Estupinan,46731,Brighton,Missing Fixture,Injury,2023-12-09T15:00:00+00:00
A. Fati,135775,Brighton,Missing Fixture,Calf Injury,2023-12-09T15:00:00+00:00
T. Lamptey,138815,Brighton,Missing Fixture,Muscle Injury,2023-12-09T15:00:00+00:00
S. March,18973,Brighton,Missing Fixture,Knee Injury,2023-12-09T15:00:00+00:00
D. Welbeck,1469,Brighton,Missing Fixture,Muscle Injury,2023-12-09T15:00:00+00:00
A. Webster,19265,Brighton,Questionable,Knock,2023-12-09T15:00:00+00:00
J. Cork,18922,Burnley,Missing Fixture,Injury,2023-12-09T15:00:00+00:00
L. Foster,98936,Burnley,Missing Fixture,Illness,2023-12-09T15:00:00+00:00
L. Koleosho,359603,Burnley,Missing Fixture,Knee Injury,2023-12-09T15:00:00+00:00
J. Cullen,19827,Burnley,Questionable,Knock,2023-12-09T15:00:00+00:00
Casemiro,747,Manchester United,Missing Fixture,Hamstring Injury,2023-12-09T15:00:00+00:00
A. Diallo,157997,Manchester United,Missing Fixture,Knee Injury,2023-12-09T15:00:00+00:00
C. Eriksen,174,Manchester United,Missing Fixture,Knee Injury,2023-12-09T15:00:00+00:00
V. Lindelof,889,Manchester United,Missing Fixture,Knock,2023-12-09T15:00:00+00:00
T. Malacia,37145,Manchester United,Missing Fixture,Muscle Injury,2023-12-09T15:00:00+00:00
L. Martinez,2467,Manchester United,Missing Fixture,Foot Injury,2023-12-09T15:00:00+00:00
M. Mount,19220,Manchester United,Missing Fixture,Injury,2023-12-09T15:00:00+00:00
J. Sancho,18,Manchester United,Missing Fixture,Suspended,2023-12-09T15:00:00+00:00
M. Aarons,19070,Bournemouth,Missing Fixture,Thigh Injury,2023-12-09T15:00:00+00:00
T. Adams,1150,Bournemouth,Missing Fixture,Thigh Injury,2023-12-09T15:00:00+00:00
R. Fredericks,18815,Bournemouth,Missing Fixture,Calf Injury,2023-12-09T15:00:00+00:00
L. Kelly,19263,Bournemouth,Missing Fixture,Thigh Injury,2023-12-09T15:00:00+00:00
E. Marcondes,19356,Bournemouth,Missing Fixture,Ankle Injury,2023-12-09T15:00:00+00:00
D. Randolph,19229,Bournemouth,Missing Fixture,Illness,2023-12-09T15:00:00+00:00
A. Scott,304853,Bournemouth,Missing Fixture,Knee Injury,2023-12-09T15:00:00+00:00
H. J. Traore,31057,Bournemouth,Missing Fixture,Illness,2023-12-09T15:00:00+00:00
C. Basham,19091,Sheffield Utd,Missing Fixture,Ankle Injury,2023-12-09T15:00:00+00:00
R. Brewster,303,Sheffield Utd,Missing Fixture,Thigh Injury,2023-12-09T15:00:00+00:00
T. Davies,18762,Sheffield Utd,Missing Fixture,Injury,2023-12-09T15:00:00+00:00
J. Egan,19093,Sheffield Utd,Missing Fixture,Ankle Injury,2023-12-09T15:00:00+00:00
D. Jebbison,296458,Sheffield Utd,Missing Fixture,Muscle Injury,2023-12-09T15:00:00+00:00
O. McBurnie,19337,Sheffield Utd,Missing Fixture,Red Card,2023-12-09T15:00:00+00:00
R. Norrington-Davies,18331,Sheffield Utd,Missing Fixture,Muscle Injury,2023-12-09T15:00:00+00:00
O. Norwood,19105,Sheffield Utd,Missing Fixture,Yellow Cards,2023-12-09T15:00:00+00:00
G. Baldock,19090,Sheffield Utd,Questionable,Thigh Injury,2023-12-09T15:00:00+00:00
K. Ajer,1119,Brentford,Missing Fixture,Ankle Injury,2023-12-09T15:00:00+00:00
N. Collins,19495,Brentford,Missing Fixture,Ankle Injury,2023-12-09T15:00:00+00:00
R. Henry,19346,Brentford,Missing Fixture,Knee Injury,2023-12-09T15:00:00+00:00
A. Hickey,44871,Brentford,Missing Fixture,Thigh Injury,2023-12-09T15:00:00+00:00
B. Mbeumo,20589,Brentford,Missing Fixture,Ankle Injury,2023-12-09T15:00:00+00:00
K. Schade,178077,Brentford,Missing Fixture,Hip Injury,2023-12-09T15:00:00+00:00
I. Toney,19974,Brentford,Missing Fixture,Suspended,2023-12-09T15:00:00+00:00
J. Dasilva,19362,Brentford,Questionable,Thigh Injury,2023-12-09T15:00:00+00:00
M. Jensen,47438,Brentford,Questionable,Knock,2023-12-09T15:00:00+00:00
J. Hodge,204033,Wolves,Missing Fixture,Shoulder Injury,2023-12-09T15:00:00+00:00
Jonny,18740,Wolves,Missing Fixture,Coach's decision,2023-12-09T15:00:00+00:00
R. Ait Nouri,21138,Wolves,Questionable,Ankle Injury,2023-12-09T15:00:00+00:00
P. Neto,1864,Wolves,Questionable,Thigh Injury,2023-12-09T15:00:00+00:00
S. Aurier,163,Nottingham Forest,Missing Fixture,Calf Injury,2023-12-09T15:00:00+00:00
T. Awoniyi,8598,Nottingham Forest,Missing Fixture,Groin Injury,2023-12-09T15:00:00+00:00
E. Buendia,19071,Aston Villa,Missing Fixture,Knee Injury,2023-12-09T17:30:00+00:00
T. Mings,19179,Aston Villa,Missing Fixture,Knee Injury,2023-12-09T17:30:00+00:00
B. Traore,671,Aston Villa,Missing Fixture,Muscle Injury,2023-12-09T17:30:00+00:00
T. Partey,49,Arsenal,Missing Fixture,Muscle Injury,2023-12-09T17:30:00+00:00
E. Smith Rowe,1161,Arsenal,Missing Fixture,Knee Injury,2023-12-09T17:30:00+00:00
J. Timber,38746,Arsenal,Missing Fixture,Knee Injury,2023-12-09T17:30:00+00:00
T. Tomiyasu,2597,Arsenal,Missing Fixture,Calf Injury,2023-12-09T17:30:00+00:00
F. Vieira,41725,Arsenal,Missing Fixture,Groin Injury,2023-12-09T17:30:00+00:00
D. Alli,172,Everton,Missing Fixture,Muscle Injury,2023-12-10T14:00:00+00:00
S. Coleman,18758,Everton,Questionable,Injury,2023-12-10T14:00:00+00:00
A. Gomes,18765,Everton,Questionable,Calf Injury,2023-12-10T14:00:00+00:00
T. Chalobah,19720,Chelsea,Missing Fixture,Thigh Injury,2023-12-10T14:00:00+00:00
B. Chilwell,2933,Chelsea,Missing Fixture,Thigh Injury,2023-12-10T14:00:00+00:00
C. Chukwuemeka,138935,Chelsea,Missing Fixture,Knee Injury,2023-12-10T14:00:00+00:00
W. Fofana,22094,Chelsea,Missing Fixture,Knee Injury,2023-12-10T14:00:00+00:00
M. Gusto,161907,Chelsea,Missing Fixture,Tendon Injury,2023-12-10T14:00:00+00:00
L. Ugochukwu,270508,Chelsea,Missing Fixture,Injury,2023-12-10T14:00:00+00:00
M. Bettinelli,19012,Chelsea,Questionable,Injury,2023-12-10T14:00:00+00:00
R. Lavia,282125,Chelsea,Questionable,Ankle Injury,2023-12-10T14:00:00+00:00
C. Nkunku,269,Chelsea,Questionable,Knee Injury,2023-12-10T14:00:00+00:00
I. Diop,18814,Fulham,Missing Fixture,Foot Injury,2023-12-10T14:00:00+00:00
A. Traore,18753,Fulham,Questionable,Thigh Injury,2023-12-10T14:00:00+00:00
M. Antonio,18819,West Ham,Missing Fixture,Knee Injury,2023-12-10T14:00:00+00:00
A. Areola,253,West Ham,Questionable,Wrist Injury,2023-12-10T14:00:00+00:00
R. Burke,19408,Luton,Missing Fixture,Injury,2023-12-10T14:00:00+00:00
I. Kabore,140947,Luton,Missing Fixture,Thigh Injury,2023-12-10T14:00:00+00:00
D. Potts,19756,Luton,Missing Fixture,Ankle Injury,2023-12-10T14:00:00+00:00
C. Woodrow,19808,Luton,Missing Fixture,Calf Injury,2023-12-10T14:00:00+00:00
K. De Bruyne,629,Manchester City,Missing Fixture,Thigh Injury,2023-12-10T14:00:00+00:00
E. Haaland,1100,Manchester City,Missing Fixture,Injury,2023-12-10T14:00:00+00:00
J. Doku,1422,Manchester City,Questionable,Knock,2023-12-10T14:00:00+00:00
R. Bentancur,863,Tottenham,Missing Fixture,Ankle Injury,2023-12-10T16:30:00+00:00
E. Dier,175,Tottenham,Missing Fixture,Muscle Injury,2023-12-10T16:30:00+00:00
J. Maddison,18784,Tottenham,Missing Fixture,Ankle Injury,2023-12-10T16:30:00+00:00
I. Perisic,207,Tottenham,Missing Fixture,Knee Injury,2023-12-10T16:30:00+00:00
R. Sessegnon,19032,Tottenham,Missing Fixture,Thigh Injury,2023-12-10T16:30:00+00:00
M. Solomon,697,Tottenham,Missing Fixture,Knee Injury,2023-12-10T16:30:00+00:00
A. Whiteman,161,Tottenham,Missing Fixture,Ankle Injury,2023-12-10T16:30:00+00:00
M. van de Ven,152849,Tottenham,Missing Fixture,Thigh Injury,2023-12-10T16:30:00+00:00
E. Anderson,138908,Newcastle,Missing Fixture,Back Injury,2023-12-10T16:30:00+00:00
H. Barnes,18778,Newcastle,Missing Fixture,Ankle Injury,2023-12-10T16:30:00+00:00
S. Botman,38734,Newcastle,Missing Fixture,Knee Injury,2023-12-10T16:30:00+00:00
D. Burn,18961,Newcastle,Missing Fixture,Back Injury,2023-12-10T16:30:00+00:00
J. Manquillo,18896,Newcastle,Missing Fixture,Groin Injury,2023-12-10T16:30:00+00:00
J. Murphy,19163,Newcastle,Missing Fixture,Shoulder Injury,2023-12-10T16:30:00+00:00
N. Pope,18911,Newcastle,Missing Fixture,Shoulder Injury,2023-12-10T16:30:00+00:00
M. Targett,18941,Newcastle,Missing Fixture,Injury,2023-12-10T16:30:00+00:00
S. Tonali,31146,Newcastle,Missing Fixture,Suspended,2023-12-10T16:30:00+00:00
J. Willock,1463,Newcastle,Missing Fixture,Achilles Tendon Injury,2023-12-10T16:30:00+00:00
S. Aurier,163,Nottingham Forest,Missing Fixture,Calf Injury,2023-12-15T20:00:00+00:00
T. Awoniyi,8598,Nottingham Forest,Missing Fixture,Groin Injury,2023-12-15T20:00:00+00:00
Felipe,371,Nottingham Forest,Missing Fixture,Muscle Injury,2023-12-15T20:00:00+00:00
R. Bentancur,863,Tottenham,Missing Fixture,Ankle Injury,2023-12-15T20:00:00+00:00
J. Maddison,18784,Tottenham,Missing Fixture,Ankle Injury,2023-12-15T20:00:00+00:00
I. Perisic,207,Tottenham,Missing Fixture,Knee Injury,2023-12-15T20:00:00+00:00
R. Sessegnon,19032,Tottenham,Missing Fixture,Thigh Injury,2023-12-15T20:00:00+00:00
M. Solomon,697,Tottenham,Missing Fixture,Knee Injury,2023-12-15T20:00:00+00:00
A. Whiteman,161,Tottenham,Missing Fixture,Ankle Injury,2023-12-15T20:00:00+00:00
M. van de Ven,152849,Tottenham,Missing Fixture,Thigh Injury,2023-12-15T20:00:00+00:00
G. Lo Celso,1578,Tottenham,Questionable,Injury,2023-12-15T20:00:00+00:00
T. Chalobah,19720,Chelsea,Missing Fixture,Thigh Injury,2023-12-16T15:00:00+00:00
B. Chilwell,2933,Chelsea,Missing Fixture,Thigh Injury,2023-12-16T15:00:00+00:00
C. Chukwuemeka,138935,Chelsea,Missing Fixture,Knee Injury,2023-12-16T15:00:00+00:00
W. Fofana,22094,Chelsea,Missing Fixture,Knee Injury,2023-12-16T15:00:00+00:00
R. James,19545,Chelsea,Missing Fixture,Thigh Injury,2023-12-16T15:00:00+00:00
R. Sanchez,18959,Chelsea,Missing Fixture,Knee Injury,2023-12-16T15:00:00+00:00
L. Ugochukwu,270508,Chelsea,Missing Fixture,Injury,2023-12-16T15:00:00+00:00
M. Cucurella,47380,Chelsea,Questionable,Ankle Injury,2023-12-16T15:00:00+00:00
R. Lavia,282125,Chelsea,Questionable,Ankle Injury,2023-12-16T15:00:00+00:00
N. Madueke,136723,Chelsea,Questionable,Injury,2023-12-16T15:00:00+00:00
C. Basham,19091,Sheffield Utd,Missing Fixture,Ankle Injury,2023-12-16T15:00:00+00:00
R. Brewster,303,Sheffield Utd,Missing Fixture,Thigh Injury,2023-12-16T15:00:00+00:00
T. Davies,18762,Sheffield Utd,Missing Fixture,Injury,2023-12-16T15:00:00+00:00
J. Egan,19093,Sheffield Utd,Missing Fixture,Ankle Injury,2023-12-16T15:00:00+00:00
D. Jebbison,296458,Sheffield Utd,Missing Fixture,Muscle Injury,2023-12-16T15:00:00+00:00
R. Norrington-Davies,18331,Sheffield Utd,Missing Fixture,Muscle Injury,2023-12-16T15:00:00+00:00
J. Robinson,19294,Sheffield Utd,Missing Fixture,Yellow Cards,2023-12-16T15:00:00+00:00
K. De Bruyne,629,Manchester City,Missing Fixture,Thigh Injury,2023-12-16T15:00:00+00:00
J. Doku,1422,Manchester City,Missing Fixture,Knock,2023-12-16T15:00:00+00:00
E. Haaland,1100,Manchester City,Questionable,Foot Injury,2023-12-16T15:00:00+00:00
J. Ayew,3428,Crystal Palace,Missing Fixture,Red Card,2023-12-16T15:00:00+00:00
C. Doucoure,3339,Crystal Palace,Missing Fixture,Achilles Tendon Injury,2023-12-16T15:00:00+00:00
O. Edouard,1135,Crystal Palace,Missing Fixture,Knee Injury,2023-12-16T15:00:00+00:00
R. Holding,1440,Crystal Palace,Missing Fixture,Ankle Injury,2023-12-16T15:00:00+00:00
S. Johnstone,19143,Crystal Palace,Missing Fixture,Calf Injury,2023-12-16T15:00:00+00:00
J. Rak-Sakyi,284449,Crystal Palace,Missing Fixture,Thigh Injury,2023-12-16T15:00:00+00:00
J. Lerma,2490,Crystal Palace,Questionable,Thigh Injury,2023-12-16T15:00:00+00:00
E. Anderson,138908,Newcastle,Missing Fixture,Back Injury,2023-12-16T15:00:00+00:00
H. Barnes,18778,Newcastle,Missing Fixture,Ankle Injury,2023-12-16T15:00:00+00:00
J. Manquillo,18896,Newcastle,Missing Fixture,Groin Injury,2023-12-16T15:00:00+00:00
J. Murphy,19163,Newcastle,Missing Fixture,Shoulder Injury,2023-12-16T15:00:00+00:00
N. Pope,18911,Newcastle,Missing Fixture,Shoulder Injury,2023-12-16T15:00:00+00:00
M. Targett,18941,Newcastle,Missing Fixture,Injury,2023-12-16T15:00:00+00:00
S. Tonali,31146,Newcastle,Missing Fixture,Suspended,2023-12-16T15:00:00+00:00
J. Willock,1463,Newcastle,Missing Fixture,Achilles Tendon Injury,2023-12-16T15:00:00+00:00
K. Trippier,169,Newcastle,Questionable,Injury,2023-12-16T15:00:00+00:00
A. Traore,18753,Fulham,Missing Fixture,Thigh Injury,2023-12-16T15:00:00+00:00
T. Ream,19023,Fulham,Questionable,Calf Injury,2023-12-16T15:00:00+00:00
L. Koleosho,359603,Burnley,Missing Fixture,Knee Injury,2023-12-16T17:30:00+00:00
C. Taylor,18918,Burnley,Missing Fixture,Yellow Cards,2023-12-16T17:30:00+00:00
J. Cork,18922,Burnley,Questionable,Injury,2023-12-16T17:30:00+00:00
A. Ramsey,278079,Burnley,Questionable,Knee Injury,2023-12-16T17:30:00+00:00
D. Alli,172,Everton,Missing Fixture,Muscle Injury,2023-12-16T17:30:00+00:00
J. Branthwaite,17661,Everton,Missing Fixture,Yellow Cards,2023-12-16T17:30:00+00:00
I. Gueye,434410,Everton,Missing Fixture,Yellow Cards,2023-12-16T17:30:00+00:00
S. Coleman,18758,Everton,Questionable,Injury,2023-12-16T17:30:00+00:00
A. Young,894,Everton,Questionable,Injury,2023-12-16T17:30:00+00:00
M. Elneny,1452,Arsenal,Missing Fixture,Thigh Injury,2023-12-17T14:00:00+00:00
T. Partey,49,Arsenal,Missing Fixture,Muscle Injury,2023-12-17T14:00:00+00:00
J. Timber,38746,Arsenal,Missing Fixture,Knee Injury,2023-12-17T14:00:00+00:00
T. Tomiyasu,2597,Arsenal,Missing Fixture,Calf Injury,2023-12-17T14:00:00+00:00
F. Vieira,41725,Arsenal,Missing Fixture,Groin Injury,2023-12-17T14:00:00+00:00
J. Enciso,70747,Brighton,Missing Fixture,Knee Injury,2023-12-17T14:00:00+00:00
P. Estupinan,46731,Brighton,Missing Fixture,Injury,2023-12-17T14:00:00+00:00
A. Fati,135775,Brighton,Missing Fixture,Calf Injury,2023-12-17T14:00:00+00:00
T. Lamptey,138815,Brighton,Missing Fixture,Muscle Injury,2023-12-17T14:00:00+00:00
S. March,18973,Brighton,Missing Fixture,Knee Injury,2023-12-17T14:00:00+00:00
A. Webster,19265,Brighton,Questionable,Knock,2023-12-17T14:00:00+00:00
K. Ajer,1119,Brentford,Missing Fixture,Ankle Injury,2023-12-17T14:00:00+00:00
J. Dasilva,19362,Brentford,Missing Fixture,Thigh Injury,2023-12-17T14:00:00+00:00
R. Henry,19346,Brentford,Missing Fixture,Knee Injury,2023-12-17T14:00:00+00:00
A. Hickey,44871,Brentford,Missing Fixture,Thigh Injury,2023-12-17T14:00:00+00:00
M. Jensen,47438,Brentford,Missing Fixture,Knock,2023-12-17T14:00:00+00:00
B. Mbeumo,20589,Brentford,Missing Fixture,Ankle Injury,2023-12-17T14:00:00+00:00
K. Schade,178077,Brentford,Missing Fixture,Hip Injury,2023-12-17T14:00:00+00:00
I. Toney,19974,Brentford,Missing Fixture,Suspended,2023-12-17T14:00:00+00:00
E. Buendia,19071,Aston Villa,Missing Fixture,Knee Injury,2023-12-17T14:00:00+00:00
L. Digne,2724,Aston Villa,Missing Fixture,Yellow Cards,2023-12-17T14:00:00+00:00
Douglas Luiz,47522,Aston Villa,Missing Fixture,Yellow Cards,2023-12-17T14:00:00+00:00
T. Mings,19179,Aston Villa,Missing Fixture,Knee Injury,2023-12-17T14:00:00+00:00
B. Traore,671,Aston Villa,Missing Fixture,Muscle Injury,2023-12-17T14:00:00+00:00
Y. Tielemans,2926,Aston Villa,Questionable,Knock,2023-12-17T14:00:00+00:00
M. Antonio,18819,West Ham,Missing Fixture,Knee Injury,2023-12-17T14:00:00+00:00
J. Hodge,204033,Wolves,Missing Fixture,Shoulder Injury,2023-12-17T14:00:00+00:00
Jonny,18740,Wolves,Missing Fixture,Coach's decision,2023-12-17T14:00:00+00:00
P. Neto,1864,Wolves,Questionable,Thigh Injury,2023-12-17T14:00:00+00:00
S. Bajcetic,310187,Liverpool,Missing Fixture,Calf Injury,2023-12-17T16:30:00+00:00
Diogo Jota,2678,Liverpool,Missing Fixture,Muscle Injury,2023-12-17T16:30:00+00:00
A. Mac Allister,6716,Liverpool,Missing Fixture,Knee Injury,2023-12-17T16:30:00+00:00
J. Matip,286,Liverpool,Missing Fixture,Knee Injury,2023-12-17T16:30:00+00:00
A. Robertson,289,Liverpool,Missing Fixture,Shoulder Injury,2023-12-17T16:30:00+00:00
Thiago,507,Liverpool,Missing Fixture,Hip Injury,2023-12-17T16:30:00+00:00
Casemiro,747,Manchester United,Missing Fixture,Hamstring Injury,2023-12-17T16:30:00+00:00
A. Diallo,157997,Manchester United,Missing Fixture,Knee Injury,2023-12-17T16:30:00+00:00
C. Eriksen,174,Manchester United,Missing Fixture,Knee Injury,2023-12-17T16:30:00+00:00
B. Fernandes,1485,Manchester United,Missing Fixture,Yellow Cards,2023-12-17T16:30:00+00:00
H. Maguire,2935,Manchester United,Missing Fixture,Groin Injury,2023-12-17T16:30:00+00:00
T. Malacia,37145,Manchester United,Missing Fixture,Muscle Injury,2023-12-17T16:30:00+00:00
L. Martinez,2467,Manchester United,Missing Fixture,Foot Injury,2023-12-17T16:30:00+00:00
M. Mount,19220,Manchester United,Missing Fixture,Injury,2023-12-17T16:30:00+00:00
J. Sancho,18,Manchester United,Missing Fixture,Coach's decision,2023-12-17T16:30:00+00:00
V. Lindelof,889,Manchester United,Questionable,Knock,2023-12-17T16:30:00+00:00
A. Martial,908,Manchester United,Questionable,Illness,2023-12-17T16:30:00+00:00
C. Doucoure,3339,Crystal Palace,Missing Fixture,Achilles Tendon Injury,2023-12-21T20:00:00+00:00
O. Edouard,1135,Crystal Palace,Missing Fixture,Knee Injury,2023-12-21T20:00:00+00:00
R. Holding,1440,Crystal Palace,Missing Fixture,Ankle Injury,2023-12-21T20:00:00+00:00
S. Johnstone,19143,Crystal Palace,Missing Fixture,Calf Injury,2023-12-21T20:00:00+00:00
J. Rak-Sakyi,284449,Crystal Palace,Missing Fixture,Thigh Injury,2023-12-21T20:00:00+00:00
J. Ward,18847,Crystal Palace,Missing Fixture,Thigh Injury,2023-12-21T20:00:00+00:00
J. Enciso,70747,Brighton,Missing Fixture,Knee Injury,2023-12-21T20:00:00+00:00
P. Estupinan,46731,Brighton,Missing Fixture,Injury,2023-12-21T20:00:00+00:00
A. Fati,135775,Brighton,Missing Fixture,Calf Injury,2023-12-21T20:00:00+00:00
T. Lamptey,138815,Brighton,Missing Fixture,Muscle Injury,2023-12-21T20:00:00+00:00
S. March,18973,Brighton,Missing Fixture,Knee Injury,2023-12-21T20:00:00+00:00
J. Veltman,537,Brighton,Missing Fixture,Knee Injury,2023-12-21T20:00:00+00:00
A. Webster,19265,Brighton,Missing Fixture,Knock,2023-12-21T20:00:00+00:00
E. Buendia,19071,Aston Villa,Missing Fixture,Knee Injury,2023-12-22T20:00:00+00:00
B. Kamara,1904,Aston Villa,Missing Fixture,Red Card,2023-12-22T20:00:00+00:00
T. Mings,19179,Aston Villa,Missing Fixture,Knee Injury,2023-12-22T20:00:00+00:00
R. Olsen,766,Aston Villa,Missing Fixture,Knock,2023-12-22T20:00:00+00:00
B. Traore,671,Aston Villa,Missing Fixture,Muscle Injury,2023-12-22T20:00:00+00:00
Y. Tielemans,2926,Aston Villa,Questionable,Knock,2023-12-22T20:00:00+00:00
P. Torres,46815,Aston Villa,Questionable,Injury,2023-12-22T20:00:00+00:00
C. Basham,19091,Sheffield Utd,Missing Fixture,Ankle Injury,2023-12-22T20:00:00+00:00
R. Brewster,303,Sheffield Utd,Missing Fixture,Thigh Injury,2023-12-22T20:00:00+00:00
T. Davies,18762,Sheffield Utd,Missing Fixture,Injury,2023-12-22T20:00:00+00:00
J. Egan,19093,Sheffield Utd,Missing Fixture,Ankle Injury,2023-12-22T20:00:00+00:00
D. Jebbison,296458,Sheffield Utd,Missing Fixture,Muscle Injury,2023-12-22T20:00:00+00:00
R. Norrington-Davies,18331,Sheffield Utd,Missing Fixture,Muscle Injury,2023-12-22T20:00:00+00:00
M. Antonio,18819,West Ham,Missing Fixture,Knee Injury,2023-12-23T12:30:00+00:00
Casemiro,747,Manchester United,Missing Fixture,Hamstring Injury,2023-12-23T12:30:00+00:00
D. Dalot,886,Manchester United,Missing Fixture,Red Card,2023-12-23T12:30:00+00:00
A. Diallo,157997,Manchester United,Missing Fixture,Knee Injury,2023-12-23T12:30:00+00:00
V. Lindelof,889,Manchester United,Missing Fixture,Knock,2023-12-23T12:30:00+00:00
H. Maguire,2935,Manchester United,Missing Fixture,Groin Injury,2023-12-23T12:30:00+00:00
T. Malacia,37145,Manchester United,Missing Fixture,Muscle Injury,2023-12-23T12:30:00+00:00
L. Martinez,2467,Manchester United,Missing Fixture,Foot Injury,2023-12-23T12:30:00+00:00
M. Mount,19220,Manchester United,Missing Fixture,Injury,2023-12-23T12:30:00+00:00
J. Sancho,18,Manchester United,Missing Fixture,Coach's decision,2023-12-23T12:30:00+00:00
A. Martial,908,Manchester United,Questionable,Illness,2023-12-23T12:30:00+00:00
R. Jimenez,2887,Fulham,Missing Fixture,Red Card,2023-12-23T15:00:00+00:00
T. Ream,19023,Fulham,Missing Fixture,Calf Injury,2023-12-23T15:00:00+00:00
A. Traore,18753,Fulham,Missing Fixture,Thigh Injury,2023-12-23T15:00:00+00:00
J. Cork,18922,Burnley,Missing Fixture,Injury,2023-12-23T15:00:00+00:00
J. B. Gudmundsson,2790,Burnley,Missing Fixture,Injury,2023-12-23T15:00:00+00:00
L. Koleosho,359603,Burnley,Missing Fixture,Knee Injury,2023-12-23T15:00:00+00:00
A. Ramsey,278079,Burnley,Missing Fixture,Knee Injury,2023-12-23T15:00:00+00:00
R. Burke,19408,Luton,Missing Fixture,Injury,2023-12-23T15:00:00+00:00
T. Lockyer,20203,Luton,Missing Fixture,Heart Problems,2023-12-23T15:00:00+00:00
D. Potts,19756,Luton,Missing Fixture,Ankle Injury,2023-12-23T15:00:00+00:00
E. Anderson,138908,Newcastle,Missing Fixture,Back Injury,2023-12-23T15:00:00+00:00
H. Barnes,18778,Newcastle,Missing Fixture,Ankle Injury,2023-12-23T15:00:00+00:00
Joelinton,723,Newcastle,Missing Fixture,Muscle Injury,2023-12-23T15:00:00+00:00
J. Manquillo,18896,Newcastle,Missing Fixture,Groin Injury,2023-12-23T15:00:00+00:00
J. Murphy,19163,Newcastle,Missing Fixture,Shoulder Injury,2023-12-23T15:00:00+00:00
N. Pope,18911,Newcastle,Missing Fixture,Shoulder Injury,2023-12-23T15:00:00+00:00
M. Targett,18941,Newcastle,Missing Fixture,Injury,2023-12-23T15:00:00+00:00
S. Tonali,31146,Newcastle,Missing Fixture,Suspended,2023-12-23T15:00:00+00:00
J. Willock,1463,Newcastle,Missing Fixture,Achilles Tendon Injury,2023-12-23T15:00:00+00:00
S. Aurier,163,Nottingham Forest,Missing Fixture,Calf Injury,2023-12-23T15:00:00+00:00
T. Awoniyi,8598,Nottingham Forest,Missing Fixture,Groin Injury,2023-12-23T15:00:00+00:00
Felipe,371,Nottingham Forest,Missing Fixture,Muscle Injury,2023-12-23T15:00:00+00:00
I. Sangare,22149,Nottingham Forest,Missing Fixture,Muscle Injury,2023-12-23T15:00:00+00:00
M. Aarons,19070,Bournemouth,Missing Fixture,Thigh Injury,2023-12-23T15:00:00+00:00
T. Adams,1150,Bournemouth,Missing Fixture,Thigh Injury,2023-12-23T15:00:00+00:00
R. Fredericks,18815,Bournemouth,Missing Fixture,Calf Injury,2023-12-23T15:00:00+00:00
L. Kelly,19263,Bournemouth,Missing Fixture,Thigh Injury,2023-12-23T15:00:00+00:00
M. Kerkez,206254,Bournemouth,Missing Fixture,Ankle Injury,2023-12-23T15:00:00+00:00
E. Marcondes,19356,Bournemouth,Missing Fixture,Ankle Injury,2023-12-23T15:00:00+00:00
D. Randolph,19229,Bournemouth,Missing Fixture,Illness,2023-12-23T15:00:00+00:00
H. J. Traore,31057,Bournemouth,Missing Fixture,Illness,2023-12-23T15:00:00+00:00
R. Bentancur,863,Tottenham,Missing Fixture,Ankle Injury,2023-12-23T15:00:00+00:00
Y. Bissouma,18968,Tottenham,Missing Fixture,Red Card,2023-12-23T15:00:00+00:00
J. Maddison,18784,Tottenham,Missing Fixture,Ankle Injury,2023-12-23T15:00:00+00:00
I. Perisic,207,Tottenham,Missing Fixture,Knee Injury,2023-12-23T15:00:00+00:00
R. Sessegnon,19032,Tottenham,Missing Fixture,Thigh Injury,2023-12-23T15:00:00+00:00
M. Solomon,697,Tottenham,Missing Fixture,Knee Injury,2023-12-23T15:00:00+00:00
D. Udogie,204039,Tottenham,Missing Fixture,Yellow Cards,2023-12-23T15:00:00+00:00
A. Whiteman,161,Tottenham,Missing Fixture,Ankle Injury,2023-12-23T15:00:00+00:00
M. van de Ven,152849,Tottenham,Missing Fixture,Thigh Injury,2023-12-23T15:00:00+00:00
D. Alli,172,Everton,Missing Fixture,Muscle Injury,2023-12-23T15:00:00+00:00
S. Coleman,18758,Everton,Missing Fixture,Injury,2023-12-23T15:00:00+00:00
A. Doucoure,18805,Everton,Missing Fixture,Thigh Injury,2023-12-23T15:00:00+00:00
A. Young,894,Everton,Missing Fixture,Injury,2023-12-23T15:00:00+00:00
S. Bajcetic,310187,Liverpool,Missing Fixture,Calf Injury,2023-12-23T17:30:00+00:00
Diogo Jota,2678,Liverpool,Missing Fixture,Muscle Injury,2023-12-23T17:30:00+00:00
A. Mac Allister,6716,Liverpool,Missing Fixture,Knee Injury,2023-12-23T17:30:00+00:00
J. Matip,286,Liverpool,Missing Fixture,Knee Injury,2023-12-23T17:30:00+00:00
A. Robertson,289,Liverpool,Missing Fixture,Shoulder Injury,2023-12-23T17:30:00+00:00
Thiago,507,Liverpool,Missing Fixture,Hip Injury,2023-12-23T17:30:00+00:00
T. Partey,49,Arsenal,Missing Fixture,Muscle Injury,2023-12-23T17:30:00+00:00
J. Timber,38746,Arsenal,Missing Fixture,Knee Injury,2023-12-23T17:30:00+00:00
T. Tomiyasu,2597,Arsenal,Missing Fixture,Calf Injury,2023-12-23T17:30:00+00:00
F. Vieira,41725,Arsenal,Missing Fixture,Groin Injury,2023-12-23T17:30:00+00:00
J. Hodge,204033,Wolves,Missing Fixture,Shoulder Injury,2023-12-24T13:00:00+00:00
Jonny,18740,Wolves,Missing Fixture,Coach's decision,2023-12-24T13:00:00+00:00
P. Neto,1864,Wolves,Questionable,Thigh Injury,2023-12-24T13:00:00+00:00
M. Caicedo,116117,Chelsea,Missing Fixture,Illness,2023-12-24T13:00:00+00:00
T. Chalobah,19720,Chelsea,Missing Fixture,Thigh Injury,2023-12-24T13:00:00+00:00
B. Chilwell,2933,Chelsea,Missing Fixture,Thigh Injury,2023-12-24T13:00:00+00:00
C. Chukwuemeka,138935,Chelsea,Missing Fixture,Knee Injury,2023-12-24T13:00:00+00:00
M. Cucurella,47380,Chelsea,Missing Fixture,Ankle Injury,2023-12-24T13:00:00+00:00
E. Fernandez,5996,Chelsea,Missing Fixture,Hernia,2023-12-24T13:00:00+00:00
W. Fofana,22094,Chelsea,Missing Fixture,Knee Injury,2023-12-24T13:00:00+00:00
R. James,19545,Chelsea,Missing Fixture,Thigh Injury,2023-12-24T13:00:00+00:00
R. Sanchez,18959,Chelsea,Missing Fixture,Knee Injury,2023-12-24T13:00:00+00:00
E. Anderson,138908,Newcastle,Missing Fixture,Back Injury,2023-12-26T12:30:00+00:00
H. Barnes,18778,Newcastle,Missing Fixture,Ankle Injury,2023-12-26T12:30:00+00:00
J. Manquillo,18896,Newcastle,Missing Fixture,Groin Injury,2023-12-26T12:30:00+00:00
J. Murphy,19163,Newcastle,Missing Fixture,Shoulder Injury,2023-12-26T12:30:00+00:00
N. Pope,18911,Newcastle,Missing Fixture,Shoulder Injury,2023-12-26T12:30:00+00:00
M. Targett,18941,Newcastle,Missing Fixture,Injury,2023-12-26T12:30:00+00:00
S. Tonali,31146,Newcastle,Missing Fixture,Suspended,2023-12-26T12:30:00+00:00
J. Willock,1463,Newcastle,Missing Fixture,Achilles Tendon Injury,2023-12-26T12:30:00+00:00
J. Lascelles,18894,Newcastle,Questionable,Injury,2023-12-26T12:30:00+00:00
T. Awoniyi,8598,Nottingham Forest,Missing Fixture,Groin Injury,2023-12-26T12:30:00+00:00
W. Boly,18739,Nottingham Forest,Missing Fixture,Red Card,2023-12-26T12:30:00+00:00
S. Aurier,163,Nottingham Forest,Questionable,Calf Injury,2023-12-26T12:30:00+00:00
Felipe,371,Nottingham Forest,Questionable,Muscle Injury,2023-12-26T12:30:00+00:00
T. Adams,1150,Bournemouth,Missing Fixture,Thigh Injury,2023-12-26T15:00:00+00:00
R. Fredericks,18815,Bournemouth,Missing Fixture,Calf Injury,2023-12-26T15:00:00+00:00
L. Kelly,19263,Bournemouth,Missing Fixture,Thigh Injury,2023-12-26T15:00:00+00:00
E. Marcondes,19356,Bournemouth,Missing Fixture,Ankle Injury,2023-12-26T15:00:00+00:00
H. J. Traore,31057,Bournemouth,Missing Fixture,Illness,2023-12-26T15:00:00+00:00
L. Cook,18872,Bournemouth,Questionable,Groin Injury,2023-12-26T15:00:00+00:00
M. Kerkez,206254,Bournemouth,Questionable,Ankle Injury,2023-12-26T15:00:00+00:00
D. Randolph,19229,Bournemouth,Questionable,Illness,2023-12-26T15:00:00+00:00
R. Jimenez,2887,Fulham,Missing Fixture,Red Card,2023-12-26T15:00:00+00:00
A. Traore,18753,Fulham,Missing Fixture,Thigh Injury,2023-12-26T15:00:00+00:00
T. Ream,19023,Fulham,Questionable,Calf Injury,2023-12-26T15:00:00+00:00
Willian,2294,Fulham,Questionable,Muscle Injury,2023-12-26T15:00:00+00:00
C. Basham,19091,Sheffield Utd,Missing Fixture,Ankle Injury,2023-12-26T15:00:00+00:00
J. Bogle,19201,Sheffield Utd,Missing Fixture,Yellow Cards,2023-12-26T15:00:00+00:00
T. Davies,18762,Sheffield Utd,Missing Fixture,Injury,2023-12-26T15:00:00+00:00
J. Egan,19093,Sheffield Utd,Missing Fixture,Ankle Injury,2023-12-26T15:00:00+00:00
D. Jebbison,296458,Sheffield Utd,Missing Fixture,Muscle Injury,2023-12-26T15:00:00+00:00
R. Burke,19408,Luton,Missing Fixture,Injury,2023-12-26T15:00:00+00:00
T. Lockyer,20203,Luton,Missing Fixture,Heart Problems,2023-12-26T15:00:00+00:00
D. Potts,19756,Luton,Missing Fixture,Ankle Injury,2023-12-26T15:00:00+00:00
L. Koleosho,359603,Burnley,Missing Fixture,Knee Injury,2023-12-26T17:30:00+00:00
J. Cork,18922,Burnley,Questionable,Injury,2023-12-26T17:30:00+00:00
S. Bajcetic,310187,Liverpool,Missing Fixture,Calf Injury,2023-12-26T17:30:00+00:00
A. Mac Allister,6716,Liverpool,Missing Fixture,Knee Injury,2023-12-26T17:30:00+00:00
J. Matip,286,Liverpool,Missing Fixture,Knee Injury,2023-12-26T17:30:00+00:00
A. Robertson,289,Liverpool,Missing Fixture,Shoulder Injury,2023-12-26T17:30:00+00:00
Thiago,507,Liverpool,Missing Fixture,Hip Injury,2023-12-26T17:30:00+00:00
K. Tsimikas,1600,Liverpool,Missing Fixture,Collarbone injury,2023-12-26T17:30:00+00:00
Casemiro,747,Manchester United,Missing Fixture,Hamstring Injury,2023-12-26T20:00:00+00:00
A. Diallo,157997,Manchester United,Missing Fixture,Knee Injury,2023-12-26T20:00:00+00:00
V. Lindelof,889,Manchester United,Missing Fixture,Knock,2023-12-26T20:00:00+00:00
H. Maguire,2935,Manchester United,Missing Fixture,Groin Injury,2023-12-26T20:00:00+00:00
T. Malacia,37145,Manchester United,Missing Fixture,Muscle Injury,2023-12-26T20:00:00+00:00
A. Martial,908,Manchester United,Missing Fixture,Illness,2023-12-26T20:00:00+00:00
L. Martinez,2467,Manchester United,Missing Fixture,Foot Injury,2023-12-26T20:00:00+00:00
M. Mount,19220,Manchester United,Missing Fixture,Injury,2023-12-26T20:00:00+00:00
J. Sancho,18,Manchester United,Missing Fixture,Coach's decision,2023-12-26T20:00:00+00:00
E. Buendia,19071,Aston Villa,Missing Fixture,Knee Injury,2023-12-26T20:00:00+00:00
M. Cash,19298,Aston Villa,Missing Fixture,Yellow Cards,2023-12-26T20:00:00+00:00
B. Kamara,1904,Aston Villa,Missing Fixture,Red Card,2023-12-26T20:00:00+00:00
T. Mings,19179,Aston Villa,Missing Fixture,Knee Injury,2023-12-26T20:00:00+00:00
R. Olsen,766,Aston Villa,Missing Fixture,Knock,2023-12-26T20:00:00+00:00
Y. Tielemans,2926,Aston Villa,Missing Fixture,Knock,2023-12-26T20:00:00+00:00
B. Traore,671,Aston Villa,Missing Fixture,Muscle Injury,2023-12-26T20:00:00+00:00
K. Ajer,1119,Brentford,Missing Fixture,Ankle Injury,2023-12-27T19:30:00+00:00
J. Dasilva,19362,Brentford,Missing Fixture,Thigh Injury,2023-12-27T19:30:00+00:00
R. Henry,19346,Brentford,Missing Fixture,Knee Injury,2023-12-27T19:30:00+00:00
A. Hickey,44871,Brentford,Missing Fixture,Thigh Injury,2023-12-27T19:30:00+00:00
B. Mbeumo,20589,Brentford,Missing Fixture,Ankle Injury,2023-12-27T19:30:00+00:00
B. Mee,18917,Brentford,Missing Fixture,Red Card,2023-12-27T19:30:00+00:00
F. Onyeka,15799,Brentford,Missing Fixture,Yellow Cards,2023-12-27T19:30:00+00:00
K. Schade,178077,Brentford,Missing Fixture,Hip Injury,2023-12-27T19:30:00+00:00
I. Toney,19974,Brentford,Missing Fixture,Suspended,2023-12-27T19:30:00+00:00
Jonny,18740,Wolves,Missing Fixture,Coach's decision,2023-12-27T19:30:00+00:00
C. Dawson,19147,Wolves,Questionable,Knee Injury,2023-12-27T19:30:00+00:00
T. Chalobah,19720,Chelsea,Missing Fixture,Thigh Injury,2023-12-27T19:30:00+00:00
B. Chilwell,2933,Chelsea,Missing Fixture,Thigh Injury,2023-12-27T19:30:00+00:00
C. Chukwuemeka,138935,Chelsea,Missing Fixture,Knee Injury,2023-12-27T19:30:00+00:00
M. Cucurella,47380,Chelsea,Missing Fixture,Ankle Injury,2023-12-27T19:30:00+00:00
E. Fernandez,5996,Chelsea,Missing Fixture,Hernia,2023-12-27T19:30:00+00:00
W. Fofana,22094,Chelsea,Missing Fixture,Knee Injury,2023-12-27T19:30:00+00:00
R. James,19545,Chelsea,Missing Fixture,Thigh Injury,2023-12-27T19:30:00+00:00
C. Palmer,152982,Chelsea,Missing Fixture,Yellow Cards,2023-12-27T19:30:00+00:00
R. Sanchez,18959,Chelsea,Missing Fixture,Knee Injury,2023-12-27T19:30:00+00:00
R. Sterling,645,Chelsea,Missing Fixture,Yellow Cards,2023-12-27T19:30:00+00:00
C. Doucoure,3339,Crystal Palace,Missing Fixture,Achilles Tendon Injury,2023-12-27T19:30:00+00:00
O. Edouard,1135,Crystal Palace,Missing Fixture,Knee Injury,2023-12-27T19:30:00+00:00
R. Holding,1440,Crystal Palace,Missing Fixture,Ankle Injury,2023-12-27T19:30:00+00:00
S. Johnstone,19143,Crystal Palace,Missing Fixture,Calf Injury,2023-12-27T19:30:00+00:00
J. Rak-Sakyi,284449,Crystal Palace,Missing Fixture,Thigh Injury,2023-12-27T19:30:00+00:00
J. Ward,18847,Crystal Palace,Missing Fixture,Thigh Injury,2023-12-27T19:30:00+00:00
D. Alli,172,Everton,Missing Fixture,Muscle Injury,2023-12-27T20:15:00+00:00
I. Gueye,434410,Everton,Missing Fixture,Injury,2023-12-27T20:15:00+00:00
A. Doucoure,18805,Everton,Questionable,Thigh Injury,2023-12-27T20:15:00+00:00
A. Young,894,Everton,Questionable,Injury,2023-12-27T20:15:00+00:00
K. De Bruyne,629,Manchester City,Missing Fixture,Thigh Injury,2023-12-27T20:15:00+00:00
J. Doku,1422,Manchester City,Questionable,Knock,2023-12-27T20:15:00+00:00
E. Haaland,1100,Manchester City,Questionable,Foot Injury,2023-12-27T20:15:00+00:00
J. Enciso,70747,Brighton,Missing Fixture,Knee Injury,2023-12-28T19:30:00+00:00
A. Fati,135775,Brighton,Missing Fixture,Calf Injury,2023-12-28T19:30:00+00:00
T. Lamptey,138815,Brighton,Missing Fixture,Muscle Injury,2023-12-28T19:30:00+00:00
S. March,18973,Brighton,Missing Fixture,Knee Injury,2023-12-28T19:30:00+00:00
K. Mitoma,106835,Brighton,Missing Fixture,Ankle Injury,2023-12-28T19:30:00+00:00
J. Veltman,537,Brighton,Missing Fixture,Knee Injury,2023-12-28T19:30:00+00:00
A. Webster,19265,Brighton,Missing Fixture,Knock,2023-12-28T19:30:00+00:00
R. Bentancur,863,Tottenham,Missing Fixture,Ankle Injury,2023-12-28T19:30:00+00:00
Y. Bissouma,18968,Tottenham,Missing Fixture,Red Card,2023-12-28T19:30:00+00:00
J. Maddison,18784,Tottenham,Missing Fixture,Ankle Injury,2023-12-28T19:30:00+00:00
I. Perisic,207,Tottenham,Missing Fixture,Knee Injury,2023-12-28T19:30:00+00:00
C. Romero,30776,Tottenham,Missing Fixture,Thigh Injury,2023-12-28T19:30:00+00:00
R. Sessegnon,19032,Tottenham,Missing Fixture,Thigh Injury,2023-12-28T19:30:00+00:00
M. Solomon,697,Tottenham,Missing Fixture,Knee Injury,2023-12-28T19:30:00+00:00
A. Whiteman,161,Tottenham,Missing Fixture,Ankle Injury,2023-12-28T19:30:00+00:00
M. van de Ven,152849,Tottenham,Missing Fixture,Thigh Injury,2023-12-28T19:30:00+00:00
K. Havertz,978,Arsenal,Missing Fixture,Yellow Cards,2023-12-28T20:15:00+00:00
T. Partey,49,Arsenal,Missing Fixture,Muscle Injury,2023-12-28T20:15:00+00:00
J. Timber,38746,Arsenal,Missing Fixture,Knee Injury,2023-12-28T20:15:00+00:00
T. Tomiyasu,2597,Arsenal,Missing Fixture,Calf Injury,2023-12-28T20:15:00+00:00
F. Vieira,41725,Arsenal,Missing Fixture,Groin Injury,2023-12-28T20:15:00+00:00
M. Antonio,18819,West Ham,Missing Fixture,Knee Injury,2023-12-28T20:15:00+00:00
N. Aguerd,21694,West Ham,Questionable,Illness,2023-12-28T20:15:00+00:00
R. Burke,19408,Luton,Missing Fixture,Injury,2023-12-30T12:30:00+00:00
T. Lockyer,20203,Luton,Missing Fixture,Heart Problems,2023-12-30T12:30:00+00:00
M. Nakamba,76,Luton,Missing Fixture,Knee Injury,2023-12-30T12:30:00+00:00
D. Potts,19756,Luton,Missing Fixture,Ankle Injury,2023-12-30T12:30:00+00:00
T. Chalobah,19720,Chelsea,Missing Fixture,Thigh Injury,2023-12-30T12:30:00+00:00
B. Chilwell,2933,Chelsea,Missing Fixture,Thigh Injury,2023-12-30T12:30:00+00:00
C. Chukwuemeka,138935,Chelsea,Missing Fixture,Knee Injury,2023-12-30T12:30:00+00:00
M. Cucurella,47380,Chelsea,Missing Fixture,Ankle Injury,2023-12-30T12:30:00+00:00
W. Fofana,22094,Chelsea,Missing Fixture,Knee Injury,2023-12-30T12:30:00+00:00
R. James,19545,Chelsea,Missing Fixture,Thigh Injury,2023-12-30T12:30:00+00:00
R. Sanchez,18959,Chelsea,Missing Fixture,Knee Injury,2023-12-30T12:30:00+00:00
R. Lavia,282125,Chelsea,Questionable,Injury,2023-12-30T12:30:00+00:00
E. Buendia,19071,Aston Villa,Missing Fixture,Knee Injury,2023-12-30T15:00:00+00:00
L. Digne,2724,Aston Villa,Missing Fixture,Thigh Injury,2023-12-30T15:00:00+00:00
B. Kamara,1904,Aston Villa,Missing Fixture,Red Card,2023-12-30T15:00:00+00:00
T. Mings,19179,Aston Villa,Missing Fixture,Knee Injury,2023-12-30T15:00:00+00:00
R. Olsen,766,Aston Villa,Missing Fixture,Knock,2023-12-30T15:00:00+00:00
Y. Tielemans,2926,Aston Villa,Missing Fixture,Knock,2023-12-30T15:00:00+00:00
B. Traore,671,Aston Villa,Missing Fixture,Muscle Injury,2023-12-30T15:00:00+00:00
J. Cork,18922,Burnley,Missing Fixture,Injury,2023-12-30T15:00:00+00:00
H. Ekdal,47903,Burnley,Missing Fixture,Knee Injury,2023-12-30T15:00:00+00:00
L. Koleosho,359603,Burnley,Missing Fixture,Knee Injury,2023-12-30T15:00:00+00:00
C. Doucoure,3339,Crystal Palace,Missing Fixture,Achilles Tendon Injury,2023-12-30T15:00:00+00:00
R. Holding,1440,Crystal Palace,Missing Fixture,Ankle Injury,2023-12-30T15:00:00+00:00
S. Johnstone,19143,Crystal Palace,Missing Fixture,Calf Injury,2023-12-30T15:00:00+00:00
J. Rak-Sakyi,284449,Crystal Palace,Missing Fixture,Thigh Injury,2023-12-30T15:00:00+00:00
J. Ward,18847,Crystal Palace,Missing Fixture,Thigh Injury,2023-12-30T15:00:00+00:00
K. Ajer,1119,Brentford,Missing Fixture,Ankle Injury,2023-12-30T15:00:00+00:00
J. Dasilva,19362,Brentford,Missing Fixture,Thigh Injury,2023-12-30T15:00:00+00:00
R. Henry,19346,Brentford,Missing Fixture,Knee Injury,2023-12-30T15:00:00+00:00
A. Hickey,44871,Brentford,Missing Fixture,Thigh Injury,2023-12-30T15:00:00+00:00
B. Mbeumo,20589,Brentford,Missing Fixture,Ankle Injury,2023-12-30T15:00:00+00:00
B. Mee,18917,Brentford,Missing Fixture,Red Card,2023-12-30T15:00:00+00:00
K. Schade,178077,Brentford,Missing Fixture,Hip Injury,2023-12-30T15:00:00+00:00
I. Toney,19974,Brentford,Missing Fixture,Suspended,2023-12-30T15:00:00+00:00
S. Baptiste,20110,Brentford,Questionable,Foot Injury,2023-12-30T15:00:00+00:00
J. Doku,1422,Manchester City,Missing Fixture,Knock,2023-12-30T15:00:00+00:00
E. Haaland,1100,Manchester City,Missing Fixture,Foot Injury,2023-12-30T15:00:00+00:00
J. Stones,626,Manchester City,Missing Fixture,Ankle Injury,2023-12-30T15:00:00+00:00
A. Ahmedhodzic,1949,Sheffield Utd,Missing Fixture,Yellow Cards,2023-12-30T15:00:00+00:00
C. Basham,19091,Sheffield Utd,Missing Fixture,Ankle Injury,2023-12-30T15:00:00+00:00
T. Davies,18762,Sheffield Utd,Missing Fixture,Injury,2023-12-30T15:00:00+00:00
J. Egan,19093,Sheffield Utd,Missing Fixture,Ankle Injury,2023-12-30T15:00:00+00:00
G. Hamer,36929,Sheffield Utd,Missing Fixture,Yellow Cards,2023-12-30T15:00:00+00:00
D. Jebbison,296458,Sheffield Utd,Missing Fixture,Muscle Injury,2023-12-30T15:00:00+00:00
J. McAtee,158697,Sheffield Utd,Missing Fixture,Loan agreement,2023-12-30T15:00:00+00:00
Jonny,18740,Wolves,Missing Fixture,Coach's decision,2023-12-30T15:00:00+00:00
M. Lemina,18947,Wolves,Questionable,Personal Reasons,2023-12-30T15:00:00+00:00
D. Alli,172,Everton,Missing Fixture,Muscle Injury,2023-12-30T15:00:00+00:00
I. Gueye,434410,Everton,Missing Fixture,Injury,2023-12-30T15:00:00+00:00
A. Young,894,Everton,Missing Fixture,Injury,2023-12-30T15:00:00+00:00
A. Doucoure,18805,Everton,Questionable,Thigh Injury,2023-12-30T15:00:00+00:00
S. Aurier,163,Nottingham Forest,Missing Fixture,Calf Injury,2023-12-30T17:30:00+00:00
T. Awoniyi,8598,Nottingham Forest,Missing Fixture,Groin Injury,2023-12-30T17:30:00+00:00
Felipe,371,Nottingham Forest,Missing Fixture,Muscle Injury,2023-12-30T17:30:00+00:00
I. Sangare,22149,Nottingham Forest,Missing Fixture,Yellow Cards,2023-12-30T17:30:00+00:00
Casemiro,747,Manchester United,Missing Fixture,Hamstring Injury,2023-12-30T17:30:00+00:00
R. Hojlund,288006,Manchester United,Missing Fixture,Illness,2023-12-30T17:30:00+00:00
V. Lindelof,889,Manchester United,Missing Fixture,Groin Injury,2023-12-30T17:30:00+00:00
H. Maguire,2935,Manchester United,Missing Fixture,Groin Injury,2023-12-30T17:30:00+00:00
T. Malacia,37145,Manchester United,Missing Fixture,Muscle Injury,2023-12-30T17:30:00+00:00
L. Martinez,2467,Manchester United,Missing Fixture,Foot Injury,2023-12-30T17:30:00+00:00
M. Mount,19220,Manchester United,Missing Fixture,Injury,2023-12-30T17:30:00+00:00
J. Sancho,18,Manchester United,Missing Fixture,Coach's decision,2023-12-30T17:30:00+00:00
S. Amrabat,74,Manchester United,Questionable,Muscle Injury,2023-12-30T17:30:00+00:00
A. Martial,908,Manchester United,Questionable,Illness,2023-12-30T17:30:00+00:00
L. Shaw,891,Manchester United,Questionable,Muscle Injury,2023-12-30T17:30:00+00:00
T. Ream,19023,Fulham,Missing Fixture,Calf Injury,2023-12-31T14:00:00+00:00
A. Traore,18753,Fulham,Missing Fixture,Thigh Injury,2023-12-31T14:00:00+00:00
J. Timber,38746,Arsenal,Missing Fixture,Knee Injury,2023-12-31T14:00:00+00:00
F. Vieira,41725,Arsenal,Missing Fixture,Groin Injury,2023-12-31T14:00:00+00:00
O. Zinchenko,641,Arsenal,Missing Fixture,Calf Injury,2023-12-31T14:00:00+00:00
T. Partey,49,Arsenal,Questionable,Muscle Injury,2023-12-31T14:00:00+00:00
Y. Bissouma,18968,Tottenham,Missing Fixture,Red Card,2023-12-31T14:00:00+00:00
D. Kulusevski,30435,Tottenham,Missing Fixture,Yellow Cards,2023-12-31T14:00:00+00:00
J. Maddison,18784,Tottenham,Missing Fixture,Ankle Injury,2023-12-31T14:00:00+00:00
I. Perisic,207,Tottenham,Missing Fixture,Knee Injury,2023-12-31T14:00:00+00:00
C. Romero,30776,Tottenham,Missing Fixture,Thigh Injury,2023-12-31T14:00:00+00:00
R. Sessegnon,19032,Tottenham,Missing Fixture,Thigh Injury,2023-12-31T14:00:00+00:00
M. Solomon,697,Tottenham,Missing Fixture,Knee Injury,2023-12-31T14:00:00+00:00
M. van de Ven,152849,Tottenham,Missing Fixture,Thigh Injury,2023-12-31T14:00:00+00:00
T. Adams,1150,Bournemouth,Missing Fixture,Thigh Injury,2023-12-31T14:00:00+00:00
R. Fredericks,18815,Bournemouth,Missing Fixture,Calf Injury,2023-12-31T14:00:00+00:00
L. Kelly,19263,Bournemouth,Missing Fixture,Thigh Injury,2023-12-31T14:00:00+00:00
M. Kerkez,206254,Bournemouth,Missing Fixture,Ankle Injury,2023-12-31T14:00:00+00:00
E. Marcondes,19356,Bournemouth,Missing Fixture,Ankle Injury,2023-12-31T14:00:00+00:00
D. Randolph,19229,Bournemouth,Missing Fixture,Illness,2023-12-31T14:00:00+00:00
H. J. Traore,31057,Bournemouth,Missing Fixture,Illness,2023-12-31T14:00:00+00:00
S. Bajcetic,310187,Liverpool,Missing Fixture,Calf Injury,2024-01-01T20:00:00+00:00
J. Matip,286,Liverpool,Missing Fixture,Knee Injury,2024-01-01T20:00:00+00:00
A. Robertson,289,Liverpool,Missing Fixture,Shoulder Injury,2024-01-01T20:00:00+00:00
Thiago,507,Liverpool,Missing Fixture,Hip Injury,2024-01-01T20:00:00+00:00
K. Tsimikas,1600,Liverpool,Missing Fixture,Collarbone injury,2024-01-01T20:00:00+00:00
E. Anderson,138908,Newcastle,Missing Fixture,Back Injury,2024-01-01T20:00:00+00:00
H. Barnes,18778,Newcastle,Missing Fixture,Ankle Injury,2024-01-01T20:00:00+00:00
J. Manquillo,18896,Newcastle,Missing Fixture,Groin Injury,2024-01-01T20:00:00+00:00
J. Murphy,19163,Newcastle,Missing Fixture,Shoulder Injury,2024-01-01T20:00:00+00:00
N. Pope,18911,Newcastle,Missing Fixture,Shoulder Injury,2024-01-01T20:00:00+00:00
M. Targett,18941,Newcastle,Missing Fixture,Injury,2024-01-01T20:00:00+00:00
S. Tonali,31146,Newcastle,Missing Fixture,Suspended,2024-01-01T20:00:00+00:00
K. Trippier,169,Newcastle,Missing Fixture,Groin Injury,2024-01-01T20:00:00+00:00
J. Willock,1463,Newcastle,Missing Fixture,Achilles Tendon Injury,2024-01-01T20:00:00+00:00
C. Wilson,2939,Newcastle,Missing Fixture,Calf Injury,2024-01-01T20:00:00+00:00
M. Antonio,18819,West Ham,Missing Fixture,Knee Injury,2024-01-02T19:30:00+00:00
V. Coufal,1231,West Ham,Missing Fixture,Illness,2024-01-02T19:30:00+00:00
L. Paqueta,1646,West Ham,Missing Fixture,Knee Injury,2024-01-02T19:30:00+00:00
N. Aguerd,21694,West Ham,Questionable,Illness,2024-01-02T19:30:00+00:00
M. Kudus,15911,West Ham,Questionable,National selection,2024-01-02T19:30:00+00:00
K. Zouma,2726,West Ham,Questionable,Knee Injury,2024-01-02T19:30:00+00:00
S. Adingra,301771,Brighton,Missing Fixture,Thigh Injury,2024-01-02T19:30:00+00:00
L. Dunk,18963,Brighton,Missing Fixture,Yellow Cards,2024-01-02T19:30:00+00:00
J. Enciso,70747,Brighton,Missing Fixture,Knee Injury,2024-01-02T19:30:00+00:00
A. Fati,135775,Brighton,Missing Fixture,Calf Injury,2024-01-02T19:30:00+00:00
T. Lamptey,138815,Brighton,Missing Fixture,Muscle Injury,2024-01-02T19:30:00+00:00
S. March,18973,Brighton,Missing Fixture,Knee Injury,2024-01-02T19:30:00+00:00
K. Mitoma,106835,Brighton,Missing Fixture,Ankle Injury,2024-01-02T19:30:00+00:00
J. Veltman,537,Brighton,Missing Fixture,Knee Injury,2024-01-02T19:30:00+00:00
Igor,7600,Brighton,Questionable,Knock,2024-01-02T19:30:00+00:00
S. Berge,1934,Burnley,Missing Fixture,Red Card,2024-01-12T19:45:00+00:00
J. Beyer,25628,Burnley,Missing Fixture,Injury,2024-01-12T19:45:00+00:00
L. Koleosho,359603,Burnley,Missing Fixture,Knee Injury,2024-01-12T19:45:00+00:00
C. Taylor,18918,Burnley,Missing Fixture,Shoulder Injury,2024-01-12T19:45:00+00:00
I. Kabore,140947,Luton,Missing Fixture,National selection,2024-01-12T19:45:00+00:00
T. Lockyer,20203,Luton,Missing Fixture,Heart Problems,2024-01-12T19:45:00+00:00
M. Nakamba,76,Luton,Missing Fixture,Knee Injury,2024-01-12T19:45:00+00:00
M. Cucurella,47380,Chelsea,Missing Fixture,Ankle Injury,2024-01-13T12:30:00+00:00
W. Fofana,22094,Chelsea,Missing Fixture,Knee Injury,2024-01-13T12:30:00+00:00
N. Jackson,283058,Chelsea,Missing Fixture,National selection,2024-01-13T12:30:00+00:00
R. James,19545,Chelsea,Missing Fixture,Thigh Injury,2024-01-13T12:30:00+00:00
R. Lavia,282125,Chelsea,Missing Fixture,Injury,2024-01-13T12:30:00+00:00
C. Nkunku,269,Chelsea,Missing Fixture,Hip Injury,2024-01-13T12:30:00+00:00
R. Sanchez,18959,Chelsea,Missing Fixture,Knee Injury,2024-01-13T12:30:00+00:00
L. Ugochukwu,270508,Chelsea,Missing Fixture,Thigh Injury,2024-01-13T12:30:00+00:00
T. Chalobah,19720,Chelsea,Questionable,Thigh Injury,2024-01-13T12:30:00+00:00
F. Ballo-Toure,105,Fulham,Missing Fixture,National selection,2024-01-13T12:30:00+00:00
C. Bassey,152967,Fulham,Missing Fixture,National selection,2024-01-13T12:30:00+00:00
A. Iwobi,1455,Fulham,Missing Fixture,National selection,2024-01-13T12:30:00+00:00
A. Traore,18753,Fulham,Missing Fixture,Thigh Injury,2024-01-13T12:30:00+00:00
E. Anderson,138908,Newcastle,Missing Fixture,Back Injury,2024-01-13T17:30:00+00:00
H. Barnes,18778,Newcastle,Missing Fixture,Ankle Injury,2024-01-13T17:30:00+00:00
Joelinton,723,Newcastle,Missing Fixture,Thigh Injury,2024-01-13T17:30:00+00:00
J. Manquillo,18896,Newcastle,Missing Fixture,Groin Injury,2024-01-13T17:30:00+00:00
N. Pope,18911,Newcastle,Missing Fixture,Shoulder Injury,2024-01-13T17:30:00+00:00
M. Targett,18941,Newcastle,Missing Fixture,Injury,2024-01-13T17:30:00+00:00
S. Tonali,31146,Newcastle,Missing Fixture,Suspended,2024-01-13T17:30:00+00:00
J. Willock,1463,Newcastle,Missing Fixture,Achilles Tendon Injury,2024-01-13T17:30:00+00:00
C. Wilson,2939,Newcastle,Missing Fixture,Calf Injury,2024-01-13T17:30:00+00:00
J. Murphy,19163,Newcastle,Questionable,Shoulder Injury,2024-01-13T17:30:00+00:00
M. Akanji,5,Manchester City,Missing Fixture,Injury,2024-01-13T17:30:00+00:00
E. Haaland,1100,Manchester City,Missing Fixture,Foot Injury,2024-01-13T17:30:00+00:00
J. Stones,626,Manchester City,Missing Fixture,Ankle Injury,2024-01-13T17:30:00+00:00
D. Alli,172,Everton,Missing Fixture,Muscle Injury,2024-01-14T14:00:00+00:00
I. Gueye,434410,Everton,Missing Fixture,National selection,2024-01-14T14:00:00+00:00
A. Young,894,Everton,Questionable,Injury,2024-01-14T14:00:00+00:00
E. Buendia,19071,Aston Villa,Missing Fixture,Knee Injury,2024-01-14T14:00:00+00:00
T. Mings,19179,Aston Villa,Missing Fixture,Knee Injury,2024-01-14T14:00:00+00:00
B. Traore,671,Aston Villa,Missing Fixture,National selection,2024-01-14T14:00:00+00:00
L. Digne,2724,Aston Villa,Questionable,Thigh Injury,2024-01-14T14:00:00+00:00
R. Olsen,766,Aston Villa,Questionable,Knock,2024-01-14T14:00:00+00:00
P. Torres,46815,Aston Villa,Questionable,Ankle Injury,2024-01-14T14:00:00+00:00
S. Amrabat,74,Manchester United,Missing Fixture,National selection,2024-01-14T16:30:00+00:00
V. Lindelof,889,Manchester United,Missing Fixture,Groin Injury,2024-01-14T16:30:00+00:00
H. Maguire,2935,Manchester United,Questionable,Groin Injury,2024-01-14T16:30:00+00:00
T. Malacia,37145,Manchester United,Questionable,Muscle Injury,2024-01-14T16:30:00+00:00
A. Martial,908,Manchester United,Questionable,Illness,2024-01-14T16:30:00+00:00
M. Mount,19220,Manchester United,Questionable,Injury,2024-01-14T16:30:00+00:00
L. Shaw,891,Manchester United,Questionable,Muscle Injury,2024-01-14T16:30:00+00:00
Y. Bissouma,18968,Tottenham,Missing Fixture,National selection,2024-01-14T16:30:00+00:00
B. Davies,164,Tottenham,Missing Fixture,Thigh Injury,2024-01-14T16:30:00+00:00
G. Lo Celso,1578,Tottenham,Missing Fixture,Thigh Injury,2024-01-14T16:30:00+00:00
J. Maddison,18784,Tottenham,Missing Fixture,Ankle Injury,2024-01-14T16:30:00+00:00
I. Perisic,207,Tottenham,Missing Fixture,Knee Injury,2024-01-14T16:30:00+00:00
P. M. Sarr,237129,Tottenham,Missing Fixture,National selection,2024-01-14T16:30:00+00:00
M. Solomon,697,Tottenham,Missing Fixture,Knee Injury,2024-01-14T16:30:00+00:00
Son Heung-Min,186,Tottenham,Missing Fixture,National selection,2024-01-14T16:30:00+00:00
A. Veliz,311344,Tottenham,Missing Fixture,Knee Injury,2024-01-14T16:30:00+00:00
M. Elneny,1452,Arsenal,Missing Fixture,National selection,2024-01-20T12:30:00+00:00
T. Partey,49,Arsenal,Missing Fixture,Muscle Injury,2024-01-20T12:30:00+00:00
J. Timber,38746,Arsenal,Missing Fixture,Knee Injury,2024-01-20T12:30:00+00:00
T. Tomiyasu,2597,Arsenal,Missing Fixture,National selection,2024-01-20T12:30:00+00:00
F. Vieira,41725,Arsenal,Missing Fixture,Groin Injury,2024-01-20T12:30:00+00:00
J. Ayew,3428,Crystal Palace,Missing Fixture,National selection,2024-01-20T12:30:00+00:00
C. Doucoure,3339,Crystal Palace,Missing Fixture,Achilles Tendon Injury,2024-01-20T12:30:00+00:00
R. Holding,1440,Crystal Palace,Missing Fixture,Ankle Injury,2024-01-20T12:30:00+00:00
M. Olise,19617,Crystal Palace,Missing Fixture,Thigh Injury,2024-01-20T12:30:00+00:00
J. Ward,18847,Crystal Palace,Missing Fixture,Thigh Injury,2024-01-20T12:30:00+00:00
J. Rak-Sakyi,284449,Crystal Palace,Questionable,Thigh Injury,2024-01-20T12:30:00+00:00
S. Ghoddos,2699,Brentford,Missing Fixture,National selection,2024-01-20T17:30:00+00:00
R. Henry,19346,Brentford,Missing Fixture,Knee Injury,2024-01-20T17:30:00+00:00
A. Hickey,44871,Brentford,Missing Fixture,Thigh Injury,2024-01-20T17:30:00+00:00
B. Mbeumo,20589,Brentford,Missing Fixture,Ankle Injury,2024-01-20T17:30:00+00:00
C. Norgaard,30407,Brentford,Missing Fixture,Ankle Injury,2024-01-20T17:30:00+00:00
F. Onyeka,15799,Brentford,Missing Fixture,National selection,2024-01-20T17:30:00+00:00
K. Schade,178077,Brentford,Missing Fixture,Hip Injury,2024-01-20T17:30:00+00:00
Y. Wissa,20649,Brentford,Missing Fixture,National selection,2024-01-20T17:30:00+00:00
O. Aina,2771,Nottingham Forest,Missing Fixture,National selection,2024-01-20T17:30:00+00:00
S. Aurier,163,Nottingham Forest,Missing Fixture,National selection,2024-01-20T17:30:00+00:00
T. Awoniyi,8598,Nottingham Forest,Missing Fixture,Groin Injury,2024-01-20T17:30:00+00:00
W. Boly,18739,Nottingham Forest,Missing Fixture,National selection,2024-01-20T17:30:00+00:00
Felipe,371,Nottingham Forest,Missing Fixture,Muscle Injury,2024-01-20T17:30:00+00:00
M. Gibbs-White,18746,Nottingham Forest,Missing Fixture,Muscle Injury,2024-01-20T17:30:00+00:00
C. Kouyate,2991,Nottingham Forest,Missing Fixture,National selection,2024-01-20T17:30:00+00:00
M. Niakhate,25916,Nottingham Forest,Missing Fixture,National selection,2024-01-20T17:30:00+00:00
I. Sangare,22149,Nottingham Forest,Missing Fixture,National selection,2024-01-20T17:30:00+00:00
A. Elanga,153430,Nottingham Forest,Questionable,Knock,2024-01-20T17:30:00+00:00
D. Origi,305,Nottingham Forest,Questionable,Groin Injury,2024-01-20T17:30:00+00:00
C. Basham,19091,Sheffield Utd,Missing Fixture,Ankle Injury,2024-01-21T14:00:00+00:00
J. Egan,19093,Sheffield Utd,Missing Fixture,Ankle Injury,2024-01-21T14:00:00+00:00
D. Jebbison,296458,Sheffield Utd,Missing Fixture,Muscle Injury,2024-01-21T14:00:00+00:00
Y. Larouci,138828,Sheffield Utd,Missing Fixture,National selection,2024-01-21T14:00:00+00:00
M. Lowe,44809,Sheffield Utd,Missing Fixture,Injury,2024-01-21T14:00:00+00:00
A. B. Slimane,199310,Sheffield Utd,Missing Fixture,National selection,2024-01-21T14:00:00+00:00
T. Davies,18762,Sheffield Utd,Questionable,Injury,2024-01-21T14:00:00+00:00
N. Aguerd,21694,West Ham,Missing Fixture,National selection,2024-01-21T14:00:00+00:00
M. Antonio,18819,West Ham,Missing Fixture,Knee Injury,2024-01-21T14:00:00+00:00
M. Kudus,15911,West Ham,Missing Fixture,National selection,2024-01-21T14:00:00+00:00
L. Paqueta,1646,West Ham,Missing Fixture,Calf Injury,2024-01-21T14:00:00+00:00
E. Alvarez,2869,West Ham,Questionable,Calf Injury,2024-01-21T14:00:00+00:00
T. Adams,1150,Bournemouth,Missing Fixture,Thigh Injury,2024-01-21T16:30:00+00:00
R. Fredericks,18815,Bournemouth,Missing Fixture,Calf Injury,2024-01-21T16:30:00+00:00
D. Ouattara,284797,Bournemouth,Missing Fixture,National selection,2024-01-21T16:30:00+00:00
D. Randolph,19229,Bournemouth,Missing Fixture,Illness,2024-01-21T16:30:00+00:00
A. Semenyo,19281,Bournemouth,Missing Fixture,National selection,2024-01-21T16:30:00+00:00
M. Senesi,6610,Bournemouth,Missing Fixture,Yellow Cards,2024-01-21T16:30:00+00:00
M. Kerkez,206254,Bournemouth,Questionable,Ankle Injury,2024-01-21T16:30:00+00:00
A. Smith,18869,Bournemouth,Questionable,Injury,2024-01-21T16:30:00+00:00
T. Alexander-Arnold,283,Liverpool,Missing Fixture,Knee Injury,2024-01-21T16:30:00+00:00
S. Bajcetic,310187,Liverpool,Missing Fixture,Calf Injury,2024-01-21T16:30:00+00:00
W. Endo,8500,Liverpool,Missing Fixture,National selection,2024-01-21T16:30:00+00:00
J. Matip,286,Liverpool,Missing Fixture,Knee Injury,2024-01-21T16:30:00+00:00
A. Robertson,289,Liverpool,Missing Fixture,Shoulder Injury,2024-01-21T16:30:00+00:00
M. Salah,306,Liverpool,Missing Fixture,National selection,2024-01-21T16:30:00+00:00
Thiago,507,Liverpool,Missing Fixture,Hip Injury,2024-01-21T16:30:00+00:00
K. Tsimikas,1600,Liverpool,Missing Fixture,Collarbone injury,2024-01-21T16:30:00+00:00
D. Szoboszlai,1096,Liverpool,Questionable,Thigh Injury,2024-01-21T16:30:00+00:00
S. Adingra,301771,Brighton,Missing Fixture,National selection,2024-01-22T19:45:00+00:00
J. Enciso,70747,Brighton,Missing Fixture,Knee Injury,2024-01-22T19:45:00+00:00
A. Fati,135775,Brighton,Missing Fixture,Calf Injury,2024-01-22T19:45:00+00:00
S. March,18973,Brighton,Missing Fixture,Knee Injury,2024-01-22T19:45:00+00:00
K. Mitoma,106835,Brighton,Missing Fixture,National selection,2024-01-22T19:45:00+00:00
J. Veltman,537,Brighton,Missing Fixture,Knee Injury,2024-01-22T19:45:00+00:00
R. Ait-Nouri,21138,Wolves,Missing Fixture,National selection,2024-01-22T19:45:00+00:00
J. Gomes,195103,Wolves,Missing Fixture,Red Card,2024-01-22T19:45:00+00:00
Hwang Hee-Chan,24888,Wolves,Missing Fixture,National selection,2024-01-22T19:45:00+00:00
Jonny,18740,Wolves,Missing Fixture,Coach's decision,2024-01-22T19:45:00+00:00
B. Traore,157912,Wolves,Missing Fixture,National selection,2024-01-22T19:45:00+00:00
O. Aina,2771,Nottingham Forest,Missing Fixture,National selection,2024-01-30T19:30:00+00:00
S. Aurier,163,Nottingham Forest,Missing Fixture,National selection,2024-01-30T19:30:00+00:00
W. Boly,18739,Nottingham Forest,Missing Fixture,National selection,2024-01-30T19:30:00+00:00
C. Kouyate,2991,Nottingham Forest,Missing Fixture,National selection,2024-01-30T19:30:00+00:00
M. Niakhate,25916,Nottingham Forest,Missing Fixture,National selection,2024-01-30T19:30:00+00:00
D. Origi,305,Nottingham Forest,Missing Fixture,Groin Injury,2024-01-30T19:30:00+00:00
I. Sangare,22149,Nottingham Forest,Missing Fixture,National selection,2024-01-30T19:30:00+00:00
N. Tavares,41577,Nottingham Forest,Missing Fixture,Loan agreement,2024-01-30T19:30:00+00:00
M. Elneny,1452,Arsenal,Missing Fixture,National selection,2024-01-30T19:30:00+00:00
T. Partey,49,Arsenal,Missing Fixture,Muscle Injury,2024-01-30T19:30:00+00:00
J. Timber,38746,Arsenal,Missing Fixture,Knee Injury,2024-01-30T19:30:00+00:00
T. Tomiyasu,2597,Arsenal,Missing Fixture,National selection,2024-01-30T19:30:00+00:00
F. Vieira,41725,Arsenal,Missing Fixture,Groin Injury,2024-01-30T19:30:00+00:00
F. Ballo-Toure,105,Fulham,Missing Fixture,National selection,2024-01-30T19:45:00+00:00
C. Bassey,152967,Fulham,Missing Fixture,National selection,2024-01-30T19:45:00+00:00
A. Iwobi,1455,Fulham,Missing Fixture,National selection,2024-01-30T19:45:00+00:00
H. Wilson,19221,Fulham,Missing Fixture,Injury,2024-01-30T19:45:00+00:00
A. Traore,18753,Fulham,Questionable,Thigh Injury,2024-01-30T19:45:00+00:00
D. Alli,172,Everton,Missing Fixture,Muscle Injury,2024-01-30T19:45:00+00:00
A. Doucoure,18805,Everton,Missing Fixture,Thigh Injury,2024-01-30T19:45:00+00:00
A. Gomes,18765,Everton,Missing Fixture,Calf Injury,2024-01-30T19:45:00+00:00
I. Gueye,434410,Everton,Missing Fixture,National selection,2024-01-30T19:45:00+00:00
S. Coleman,18758,Everton,Questionable,Thigh Injury,2024-01-30T19:45:00+00:00
M. Andersen,15632,Luton,Missing Fixture,Calf Injury,2024-01-30T19:45:00+00:00
I. Kabore,140947,Luton,Missing Fixture,National selection,2024-01-30T19:45:00+00:00
T. Lockyer,20203,Luton,Missing Fixture,Heart Problems,2024-01-30T19:45:00+00:00
M. Nakamba,76,Luton,Missing Fixture,Knee Injury,2024-01-30T19:45:00+00:00
J. Brown,19802,Luton,Questionable,Knee Injury,2024-01-30T19:45:00+00:00
S. Adingra,301771,Brighton,Missing Fixture,National selection,2024-01-30T19:45:00+00:00
J. Enciso,70747,Brighton,Missing Fixture,Knee Injury,2024-01-30T19:45:00+00:00
A. Fati,135775,Brighton,Missing Fixture,Calf Injury,2024-01-30T19:45:00+00:00
S. March,18973,Brighton,Missing Fixture,Knee Injury,2024-01-30T19:45:00+00:00
K. Mitoma,106835,Brighton,Missing Fixture,National selection,2024-01-30T19:45:00+00:00
J. Veltman,537,Brighton,Missing Fixture,Knee Injury,2024-01-30T19:45:00+00:00
C. Doucoure,3339,Crystal Palace,Missing Fixture,Achilles Tendon Injury,2024-01-30T20:00:00+00:00
R. Holding,1440,Crystal Palace,Missing Fixture,Ankle Injury,2024-01-30T20:00:00+00:00
J. Ward,18847,Crystal Palace,Missing Fixture,Thigh Injury,2024-01-30T20:00:00+00:00
J. Rak-Sakyi,284449,Crystal Palace,Questionable,Thigh Injury,2024-01-30T20:00:00+00:00
G. Baldock,19090,Sheffield Utd,Missing Fixture,Injury,2024-01-30T20:00:00+00:00
C. Basham,19091,Sheffield Utd,Missing Fixture,Ankle Injury,2024-01-30T20:00:00+00:00
R. Brewster,303,Sheffield Utd,Missing Fixture,Red Card,2024-01-30T20:00:00+00:00
J. Egan,19093,Sheffield Utd,Missing Fixture,Ankle Injury,2024-01-30T20:00:00+00:00
D. Jebbison,296458,Sheffield Utd,Missing Fixture,Muscle Injury,2024-01-30T20:00:00+00:00
T. Davies,18762,Sheffield Utd,Questionable,Injury,2024-01-30T20:00:00+00:00
M. Lowe,44809,Sheffield Utd,Questionable,Injury,2024-01-30T20:00:00+00:00
E. Buendia,19071,Aston Villa,Missing Fixture,Knee Injury,2024-01-30T20:15:00+00:00
J. Duran,13489,Aston Villa,Missing Fixture,Injury,2024-01-30T20:15:00+00:00
T. Mings,19179,Aston Villa,Missing Fixture,Knee Injury,2024-01-30T20:15:00+00:00
B. Traore,671,Aston Villa,Missing Fixture,National selection,2024-01-30T20:15:00+00:00
L. Digne,2724,Aston Villa,Questionable,Thigh Injury,2024-01-30T20:15:00+00:00
P. Torres,46815,Aston Villa,Questionable,Ankle Injury,2024-01-30T20:15:00+00:00
E. Anderson,138908,Newcastle,Missing Fixture,Back Injury,2024-01-30T20:15:00+00:00
Joelinton,723,Newcastle,Missing Fixture,Thigh Injury,2024-01-30T20:15:00+00:00
N. Pope,18911,Newcastle,Missing Fixture,Shoulder Injury,2024-01-30T20:15:00+00:00
M. Targett,18941,Newcastle,Missing Fixture,Injury,2024-01-30T20:15:00+00:00
S. Tonali,31146,Newcastle,Missing Fixture,Suspended,2024-01-30T20:15:00+00:00
J. Willock,1463,Newcastle,Missing Fixture,Achilles Tendon Injury,2024-01-30T20:15:00+00:00
H. Barnes,18778,Newcastle,Questionable,Ankle Injury,2024-01-30T20:15:00+00:00
J. Lascelles,18894,Newcastle,Questionable,Knock,2024-01-30T20:15:00+00:00
C. Wilson,2939,Newcastle,Questionable,Calf Injury,2024-01-30T20:15:00+00:00
L. Koleosho,359603,Burnley,Missing Fixture,Knee Injury,2024-01-31T19:30:00+00:00
N. Redmond,18948,Burnley,Missing Fixture,Muscle Injury,2024-01-31T19:30:00+00:00
C. Taylor,18918,Burnley,Missing Fixture,Shoulder Injury,2024-01-31T19:30:00+00:00
Y. Bissouma,18968,Tottenham,Missing Fixture,International duty,2024-01-31T19:30:00+00:00
P. M. Sarr,237129,Tottenham,Missing Fixture,International duty,2024-01-31T19:30:00+00:00
R. Sessegnon,19032,Tottenham,Missing Fixture,Thigh Injury,2024-01-31T19:30:00+00:00
M. Solomon,697,Tottenham,Missing Fixture,Knee Injury,2024-01-31T19:30:00+00:00
Son Heung-Min,186,Tottenham,Missing Fixture,International duty,2024-01-31T19:30:00+00:00
A. Veliz,311344,Tottenham,Missing Fixture,Knee Injury,2024-01-31T19:30:00+00:00
G. Lo Celso,1578,Tottenham,Questionable,Thigh Injury,2024-01-31T19:30:00+00:00
S. Ghoddos,2699,Brentford,Missing Fixture,International duty,2024-01-31T19:30:00+00:00
R. Henry,19346,Brentford,Missing Fixture,Knee Injury,2024-01-31T19:30:00+00:00
A. Hickey,44871,Brentford,Missing Fixture,Thigh Injury,2024-01-31T19:30:00+00:00
B. Mbeumo,20589,Brentford,Missing Fixture,Ankle Injury,2024-01-31T19:30:00+00:00
F. Onyeka,15799,Brentford,Missing Fixture,International duty,2024-01-31T19:30:00+00:00
S. Reguilon,739,Brentford,Missing Fixture,Loan agreement,2024-01-31T19:30:00+00:00
K. Schade,178077,Brentford,Missing Fixture,Hip Injury,2024-01-31T19:30:00+00:00
Y. Wissa,20649,Brentford,Missing Fixture,International duty,2024-01-31T19:30:00+00:00
S. Bajcetic,310187,Liverpool,Missing Fixture,Calf Injury,2024-01-31T20:15:00+00:00
W. Endo,8500,Liverpool,Missing Fixture,International duty,2024-01-31T20:15:00+00:00
J. Matip,286,Liverpool,Missing Fixture,Knee Injury,2024-01-31T20:15:00+00:00
M. Salah,306,Liverpool,Missing Fixture,Thigh Injury,2024-01-31T20:15:00+00:00
Thiago,507,Liverpool,Missing Fixture,Hip Injury,2024-01-31T20:15:00+00:00
K. Tsimikas,1600,Liverpool,Missing Fixture,Collarbone injury,2024-01-31T20:15:00+00:00
L. Colwill,152953,Chelsea,Missing Fixture,Injury,2024-01-31T20:15:00+00:00
M. Cucurella,47380,Chelsea,Missing Fixture,Ankle Injury,2024-01-31T20:15:00+00:00
W. Fofana,22094,Chelsea,Missing Fixture,Knee Injury,2024-01-31T20:15:00+00:00
N. Jackson,283058,Chelsea,Missing Fixture,International duty,2024-01-31T20:15:00+00:00
R. James,19545,Chelsea,Missing Fixture,Thigh Injury,2024-01-31T20:15:00+00:00
R. Lavia,282125,Chelsea,Missing Fixture,Injury,2024-01-31T20:15:00+00:00
R. Sanchez,18959,Chelsea,Missing Fixture,Knee Injury,2024-01-31T20:15:00+00:00
L. Ugochukwu,270508,Chelsea,Missing Fixture,Thigh Injury,2024-01-31T20:15:00+00:00
T. Chalobah,19720,Chelsea,Questionable,Thigh Injury,2024-01-31T20:15:00+00:00
M. Antonio,18819,West Ham,Missing Fixture,Knee Injury,2024-02-01T19:30:00+00:00
V. Coufal,1231,West Ham,Missing Fixture,Red Card,2024-02-01T19:30:00+00:00
L. Paqueta,1646,West Ham,Missing Fixture,Calf Injury,2024-02-01T19:30:00+00:00
N. Aguerd,21694,West Ham,Questionable,International duty,2024-02-01T19:30:00+00:00
M. Aarons,19070,Bournemouth,Missing Fixture,Thigh Injury,2024-02-01T19:30:00+00:00
T. Adams,1150,Bournemouth,Missing Fixture,Thigh Injury,2024-02-01T19:30:00+00:00
R. Fredericks,18815,Bournemouth,Missing Fixture,Calf Injury,2024-02-01T19:30:00+00:00
J. Hill,20093,Bournemouth,Missing Fixture,Ankle Injury,2024-02-01T19:30:00+00:00
D. Ouattara,284797,Bournemouth,Missing Fixture,International duty,2024-02-01T19:30:00+00:00
D. Randolph,19229,Bournemouth,Missing Fixture,Illness,2024-02-01T19:30:00+00:00
Hwang Hee-Chan,24888,Wolves,Missing Fixture,International duty,2024-02-01T20:15:00+00:00
B. Traore,157912,Wolves,Missing Fixture,International duty,2024-02-01T20:15:00+00:00
S. Amrabat,74,Manchester United,Missing Fixture,International duty,2024-02-01T20:15:00+00:00
T. Malacia,37145,Manchester United,Missing Fixture,Knee Injury,2024-02-01T20:15:00+00:00
A. Martial,908,Manchester United,Missing Fixture,Surgery,2024-02-01T20:15:00+00:00
V. Lindelof,889,Manchester United,Questionable,Groin Injury,2024-02-01T20:15:00+00:00
M. Mount,19220,Manchester United,Questionable,Muscle Injury,2024-02-01T20:15:00+00:00
A. Wan-Bissaka,18846,Manchester United,Questionable,Knock,2024-02-01T20:15:00+00:00
D. Alli,172,Everton,Missing Fixture,Muscle Injury,2024-02-03T12:30:00+00:00
A. Gomes,18765,Everton,Missing Fixture,Calf Injury,2024-02-03T12:30:00+00:00
A. Danjuma,83,Everton,Questionable,Ankle Injury,2024-02-03T12:30:00+00:00
A. Doucoure,18805,Everton,Questionable,Thigh Injury,2024-02-03T12:30:00+00:00
A. Onana,162714,Everton,Questionable,Knee Injury,2024-02-03T12:30:00+00:00
Y. Bissouma,18968,Tottenham,Missing Fixture,International duty,2024-02-03T12:30:00+00:00
R. Sessegnon,19032,Tottenham,Missing Fixture,Thigh Injury,2024-02-03T12:30:00+00:00
M. Solomon,697,Tottenham,Missing Fixture,Knee Injury,2024-02-03T12:30:00+00:00
Son Heung-Min,186,Tottenham,Missing Fixture,International duty,2024-02-03T12:30:00+00:00
G. Lo Celso,1578,Tottenham,Questionable,Thigh Injury,2024-02-03T12:30:00+00:00
S. Adingra,301771,Brighton,Missing Fixture,International duty,2024-02-03T15:00:00+00:00
J. Enciso,70747,Brighton,Missing Fixture,Knee Injury,2024-02-03T15:00:00+00:00
S. March,18973,Brighton,Missing Fixture,Knee Injury,2024-02-03T15:00:00+00:00
J. Milner,296,Brighton,Missing Fixture,Knee Injury,2024-02-03T15:00:00+00:00
K. Mitoma,106835,Brighton,Missing Fixture,International duty,2024-02-03T15:00:00+00:00
J. Veltman,537,Brighton,Missing Fixture,Knee Injury,2024-02-03T15:00:00+00:00
C. Doucoure,3339,Crystal Palace,Missing Fixture,Achilles Tendon Injury,2024-02-03T15:00:00+00:00
R. Holding,1440,Crystal Palace,Missing Fixture,Ankle Injury,2024-02-03T15:00:00+00:00
E. Eze,19586,Crystal Palace,Questionable,Thigh Injury,2024-02-03T15:00:00+00:00
J. Rak-Sakyi,284449,Crystal Palace,Questionable,Thigh Injury,2024-02-03T15:00:00+00:00
J. Ward,18847,Crystal Palace,Questionable,Thigh Injury,2024-02-03T15:00:00+00:00
L. Koleosho,359603,Burnley,Missing Fixture,Knee Injury,2024-02-03T15:00:00+00:00
N. Redmond,18948,Burnley,Missing Fixture,Muscle Injury,2024-02-03T15:00:00+00:00
J. Beyer,25628,Burnley,Questionable,Thigh Injury,2024-02-03T15:00:00+00:00
H. Delcroix,1411,Burnley,Questionable,Knock,2024-02-03T15:00:00+00:00
C. Taylor,18918,Burnley,Questionable,Shoulder Injury,2024-02-03T15:00:00+00:00
C. Bassey,152967,Fulham,Missing Fixture,International duty,2024-02-03T15:00:00+00:00
I. Diop,18814,Fulham,Missing Fixture,Thigh Injury,2024-02-03T15:00:00+00:00
A. Iwobi,1455,Fulham,Missing Fixture,International duty,2024-02-03T15:00:00+00:00
R. Jimenez,2887,Fulham,Missing Fixture,Thigh Injury,2024-02-03T15:00:00+00:00
H. Wilson,19221,Fulham,Missing Fixture,Injury,2024-02-03T15:00:00+00:00
A. Traore,18753,Fulham,Questionable,Thigh Injury,2024-02-03T15:00:00+00:00
E. Anderson,138908,Newcastle,Missing Fixture,Back Injury,2024-02-03T15:00:00+00:00
Joelinton,723,Newcastle,Missing Fixture,Thigh Injury,2024-02-03T15:00:00+00:00
N. Pope,18911,Newcastle,Missing Fixture,Shoulder Injury,2024-02-03T15:00:00+00:00
M. Targett,18941,Newcastle,Missing Fixture,Injury,2024-02-03T15:00:00+00:00
S. Tonali,31146,Newcastle,Missing Fixture,Suspended,2024-02-03T15:00:00+00:00
A. Isak,2864,Newcastle,Questionable,Groin Injury,2024-02-03T15:00:00+00:00
J. Lascelles,18894,Newcastle,Questionable,Knock,2024-02-03T15:00:00+00:00
J. Willock,1463,Newcastle,Questionable,Achilles Tendon Injury,2024-02-03T15:00:00+00:00
M. Andersen,15632,Luton,Missing Fixture,Calf Injury,2024-02-03T15:00:00+00:00
T. Lockyer,20203,Luton,Missing Fixture,Heart Problems,2024-02-03T15:00:00+00:00
M. Nakamba,76,Luton,Missing Fixture,Knee Injury,2024-02-03T15:00:00+00:00
G. Baldock,19090,Sheffield Utd,Missing Fixture,Injury,2024-02-03T17:30:00+00:00
C. Basham,19091,Sheffield Utd,Missing Fixture,Ankle Injury,2024-02-03T17:30:00+00:00
J. Egan,19093,Sheffield Utd,Missing Fixture,Ankle Injury,2024-02-03T17:30:00+00:00
D. Jebbison,296458,Sheffield Utd,Missing Fixture,Muscle Injury,2024-02-03T17:30:00+00:00
I. Grbic,14382,Sheffield Utd,Questionable,Head Injury,2024-02-03T17:30:00+00:00
M. Lowe,44809,Sheffield Utd,Questionable,Injury,2024-02-03T17:30:00+00:00
E. Buendia,19071,Aston Villa,Missing Fixture,Knee Injury,2024-02-03T17:30:00+00:00
J. Duran,13489,Aston Villa,Missing Fixture,Injury,2024-02-03T17:30:00+00:00
J. Gauci,7029,Aston Villa,Missing Fixture,International duty,2024-02-03T17:30:00+00:00
T. Mings,19179,Aston Villa,Missing Fixture,Knee Injury,2024-02-03T17:30:00+00:00
L. Digne,2724,Aston Villa,Questionable,Thigh Injury,2024-02-03T17:30:00+00:00
P. Torres,46815,Aston Villa,Questionable,Ankle Injury,2024-02-03T17:30:00+00:00
N. Zaniolo,786,Aston Villa,Questionable,Injury,2024-02-03T17:30:00+00:00
M. Aarons,19070,Bournemouth,Missing Fixture,Thigh Injury,2024-02-04T14:00:00+00:00
T. Adams,1150,Bournemouth,Missing Fixture,Thigh Injury,2024-02-04T14:00:00+00:00
R. Fredericks,18815,Bournemouth,Missing Fixture,Calf Injury,2024-02-04T14:00:00+00:00
J. Hill,20093,Bournemouth,Missing Fixture,Ankle Injury,2024-02-04T14:00:00+00:00
D. Randolph,19229,Bournemouth,Missing Fixture,Illness,2024-02-04T14:00:00+00:00
E. Unal,47499,Bournemouth,Missing Fixture,Inactive,2024-02-04T14:00:00+00:00
O. Aina,2771,Nottingham Forest,Missing Fixture,International duty,2024-02-04T14:00:00+00:00
W. Boly,18739,Nottingham Forest,Missing Fixture,International duty,2024-02-04T14:00:00+00:00
D. Origi,305,Nottingham Forest,Missing Fixture,Groin Injury,2024-02-04T14:00:00+00:00
I. Sangare,22149,Nottingham Forest,Missing Fixture,International duty,2024-02-04T14:00:00+00:00
C. Kouyate,2991,Nottingham Forest,Questionable,Personal Reasons,2024-02-04T14:00:00+00:00
C. Wood,18931,Nottingham Forest,Questionable,Thigh Injury,2024-02-04T14:00:00+00:00
M. Cucurella,47380,Chelsea,Missing Fixture,Ankle Injury,2024-02-04T14:00:00+00:00
W. Fofana,22094,Chelsea,Missing Fixture,Knee Injury,2024-02-04T14:00:00+00:00
R. James,19545,Chelsea,Missing Fixture,Thigh Injury,2024-02-04T14:00:00+00:00
R. Lavia,282125,Chelsea,Missing Fixture,Injury,2024-02-04T14:00:00+00:00
R. Sanchez,18959,Chelsea,Missing Fixture,Knee Injury,2024-02-04T14:00:00+00:00
L. Ugochukwu,270508,Chelsea,Missing Fixture,Thigh Injury,2024-02-04T14:00:00+00:00
T. Chalobah,19720,Chelsea,Questionable,Thigh Injury,2024-02-04T14:00:00+00:00
L. Colwill,152953,Chelsea,Questionable,Injury,2024-02-04T14:00:00+00:00
Hwang Hee-Chan,24888,Wolves,Missing Fixture,International duty,2024-02-04T14:00:00+00:00
B. Traore,157912,Wolves,Missing Fixture,International duty,2024-02-04T14:00:00+00:00
T. Malacia,37145,Manchester United,Missing Fixture,Knee Injury,2024-02-04T14:00:00+00:00
A. Martial,908,Manchester United,Missing Fixture,Surgery,2024-02-04T14:00:00+00:00
M. Mount,19220,Manchester United,Questionable,Muscle Injury,2024-02-04T14:00:00+00:00
A. Wan-Bissaka,18846,Manchester United,Questionable,Knock,2024-02-04T14:00:00+00:00
M. Antonio,18819,West Ham,Missing Fixture,Knee Injury,2024-02-04T14:00:00+00:00
L. Paqueta,1646,West Ham,Missing Fixture,Calf Injury,2024-02-04T14:00:00+00:00
T. Partey,49,Arsenal,Missing Fixture,Muscle Injury,2024-02-04T16:30:00+00:00
J. Timber,38746,Arsenal,Missing Fixture,Knee Injury,2024-02-04T16:30:00+00:00
T. Tomiyasu,2597,Arsenal,Missing Fixture,International duty,2024-02-04T16:30:00+00:00
F. Vieira,41725,Arsenal,Missing Fixture,Groin Injury,2024-02-04T16:30:00+00:00
S. Bajcetic,310187,Liverpool,Missing Fixture,Calf Injury,2024-02-04T16:30:00+00:00
W. Endo,8500,Liverpool,Missing Fixture,International duty,2024-02-04T16:30:00+00:00
J. Matip,286,Liverpool,Missing Fixture,Knee Injury,2024-02-04T16:30:00+00:00
M. Salah,306,Liverpool,Missing Fixture,Thigh Injury,2024-02-04T16:30:00+00:00
K. Tsimikas,1600,Liverpool,Missing Fixture,Collarbone injury,2024-02-04T16:30:00+00:00
S. Ghoddos,2699,Brentford,Missing Fixture,International duty,2024-02-05T20:00:00+00:00
R. Henry,19346,Brentford,Missing Fixture,Knee Injury,2024-02-05T20:00:00+00:00
A. Hickey,44871,Brentford,Missing Fixture,Thigh Injury,2024-02-05T20:00:00+00:00
B. Mbeumo,20589,Brentford,Missing Fixture,Ankle Injury,2024-02-05T20:00:00+00:00
F. Onyeka,15799,Brentford,Missing Fixture,International duty,2024-02-05T20:00:00+00:00
K. Schade,178077,Brentford,Missing Fixture,Hip Injury,2024-02-05T20:00:00+00:00
Y. Wissa,20649,Brentford,Missing Fixture,International duty,2024-02-05T20:00:00+00:00
D. Alli,172,Everton,Missing Fixture,Muscle Injury,2024-02-10T12:30:00+00:00
A. Gomes,18765,Everton,Missing Fixture,Calf Injury,2024-02-10T12:30:00+00:00
A. Danjuma,83,Everton,Questionable,Ankle Injury,2024-02-10T12:30:00+00:00
A. Doucoure,18805,Everton,Questionable,Thigh Injury,2024-02-10T12:30:00+00:00
C. Bassey,152967,Fulham,Missing Fixture,International duty,2024-02-10T15:00:00+00:00
A. Iwobi,1455,Fulham,Missing Fixture,International duty,2024-02-10T15:00:00+00:00
R. Jimenez,2887,Fulham,Missing Fixture,Thigh Injury,2024-02-10T15:00:00+00:00
K. Tete,657,Fulham,Missing Fixture,Achilles Tendon Injury,2024-02-10T15:00:00+00:00
M. Aarons,19070,Bournemouth,Missing Fixture,Thigh Injury,2024-02-10T15:00:00+00:00
T. Adams,1150,Bournemouth,Missing Fixture,Thigh Injury,2024-02-10T15:00:00+00:00
P. Billing,2734,Bournemouth,Missing Fixture,Red Card,2024-02-10T15:00:00+00:00
R. Fredericks,18815,Bournemouth,Missing Fixture,Calf Injury,2024-02-10T15:00:00+00:00
J. Hill,20093,Bournemouth,Missing Fixture,Ankle Injury,2024-02-10T15:00:00+00:00
D. Randolph,19229,Bournemouth,Missing Fixture,Illness,2024-02-10T15:00:00+00:00
S. Bajcetic,310187,Liverpool,Missing Fixture,Calf Injury,2024-02-10T15:00:00+00:00
C. Bradley,180317,Liverpool,Missing Fixture,Personal Reasons,2024-02-10T15:00:00+00:00
I. Konate,1145,Liverpool,Missing Fixture,Red Card,2024-02-10T15:00:00+00:00
J. Matip,286,Liverpool,Missing Fixture,Knee Injury,2024-02-10T15:00:00+00:00
M. Salah,306,Liverpool,Missing Fixture,Thigh Injury,2024-02-10T15:00:00+00:00
D. Szoboszlai,1096,Liverpool,Missing Fixture,Knee Injury,2024-02-10T15:00:00+00:00
Thiago,507,Liverpool,Missing Fixture,Muscle Injury,2024-02-10T15:00:00+00:00
L. Koleosho,359603,Burnley,Missing Fixture,Knee Injury,2024-02-10T15:00:00+00:00
N. Redmond,18948,Burnley,Missing Fixture,Muscle Injury,2024-02-10T15:00:00+00:00
J. Beyer,25628,Burnley,Questionable,Thigh Injury,2024-02-10T15:00:00+00:00
C. Taylor,18918,Burnley,Questionable,Shoulder Injury,2024-02-10T15:00:00+00:00
M. Andersen,15632,Luton,Missing Fixture,Calf Injury,2024-02-10T15:00:00+00:00
T. Lockyer,20203,Luton,Missing Fixture,Heart Problems,2024-02-10T15:00:00+00:00
M. Nakamba,76,Luton,Missing Fixture,Knee Injury,2024-02-10T15:00:00+00:00
G. Baldock,19090,Sheffield Utd,Missing Fixture,Injury,2024-02-10T15:00:00+00:00
C. Basham,19091,Sheffield Utd,Missing Fixture,Ankle Injury,2024-02-10T15:00:00+00:00
J. Egan,19093,Sheffield Utd,Missing Fixture,Ankle Injury,2024-02-10T15:00:00+00:00
I. Grbic,14382,Sheffield Utd,Missing Fixture,Head Injury,2024-02-10T15:00:00+00:00
D. Jebbison,296458,Sheffield Utd,Missing Fixture,Muscle Injury,2024-02-10T15:00:00+00:00
O. McBurnie,19337,Sheffield Utd,Questionable,Calf Injury,2024-02-10T15:00:00+00:00
R. Sessegnon,19032,Tottenham,Missing Fixture,Thigh Injury,2024-02-10T15:00:00+00:00
M. Solomon,697,Tottenham,Missing Fixture,Knee Injury,2024-02-10T15:00:00+00:00
S. Adingra,301771,Brighton,Missing Fixture,International duty,2024-02-10T15:00:00+00:00
J. Enciso,70747,Brighton,Missing Fixture,Knee Injury,2024-02-10T15:00:00+00:00
Joao Pedro,10329,Brighton,Missing Fixture,Thigh Injury,2024-02-10T15:00:00+00:00
S. March,18973,Brighton,Missing Fixture,Knee Injury,2024-02-10T15:00:00+00:00
J. Milner,296,Brighton,Missing Fixture,Knee Injury,2024-02-10T15:00:00+00:00
J. Dasilva,19362,Brentford,Missing Fixture,Knee Injury,2024-02-10T15:00:00+00:00
R. Henry,19346,Brentford,Missing Fixture,Knee Injury,2024-02-10T15:00:00+00:00
A. Hickey,44871,Brentford,Missing Fixture,Thigh Injury,2024-02-10T15:00:00+00:00
B. Mbeumo,20589,Brentford,Missing Fixture,Ankle Injury,2024-02-10T15:00:00+00:00
F. Onyeka,15799,Brentford,Missing Fixture,International duty,2024-02-10T15:00:00+00:00
K. Schade,178077,Brentford,Missing Fixture,Hip Injury,2024-02-10T15:00:00+00:00
Y. Wissa,20649,Brentford,Missing Fixture,International duty,2024-02-10T15:00:00+00:00
O. Aina,2771,Nottingham Forest,Missing Fixture,International duty,2024-02-10T17:30:00+00:00
W. Boly,18739,Nottingham Forest,Missing Fixture,International duty,2024-02-10T17:30:00+00:00
G. Montiel,2468,Nottingham Forest,Missing Fixture,Thigh Injury,2024-02-10T17:30:00+00:00
I. Sangare,22149,Nottingham Forest,Missing Fixture,International duty,2024-02-10T17:30:00+00:00
C. Wood,18931,Nottingham Forest,Missing Fixture,Thigh Injury,2024-02-10T17:30:00+00:00
E. Anderson,138908,Newcastle,Missing Fixture,Back Injury,2024-02-10T17:30:00+00:00
A. Isak,2864,Newcastle,Missing Fixture,Groin Injury,2024-02-10T17:30:00+00:00
Joelinton,723,Newcastle,Missing Fixture,Thigh Injury,2024-02-10T17:30:00+00:00
N. Pope,18911,Newcastle,Missing Fixture,Shoulder Injury,2024-02-10T17:30:00+00:00
M. Targett,18941,Newcastle,Missing Fixture,Injury,2024-02-10T17:30:00+00:00
S. Tonali,31146,Newcastle,Missing Fixture,Suspended,2024-02-10T17:30:00+00:00
J. Willock,1463,Newcastle,Missing Fixture,Achilles Tendon Injury,2024-02-10T17:30:00+00:00
M. Antonio,18819,West Ham,Missing Fixture,Knee Injury,2024-02-11T14:00:00+00:00
L. Paqueta,1646,West Ham,Questionable,Calf Injury,2024-02-11T14:00:00+00:00
T. Partey,49,Arsenal,Missing Fixture,Muscle Injury,2024-02-11T14:00:00+00:00
E. Smith Rowe,1161,Arsenal,Missing Fixture,Injury,2024-02-11T14:00:00+00:00
J. Timber,38746,Arsenal,Missing Fixture,Knee Injury,2024-02-11T14:00:00+00:00
F. Vieira,41725,Arsenal,Missing Fixture,Groin Injury,2024-02-11T14:00:00+00:00
Gabriel Jesus,643,Arsenal,Questionable,Injury,2024-02-11T14:00:00+00:00
O. Zinchenko,641,Arsenal,Questionable,Calf Injury,2024-02-11T14:00:00+00:00
E. Buendia,19071,Aston Villa,Missing Fixture,Knee Injury,2024-02-11T16:30:00+00:00
J. Duran,13489,Aston Villa,Missing Fixture,Injury,2024-02-11T16:30:00+00:00
E. Konsa,19354,Aston Villa,Missing Fixture,Knee Injury,2024-02-11T16:30:00+00:00
T. Mings,19179,Aston Villa,Missing Fixture,Knee Injury,2024-02-11T16:30:00+00:00
T. Malacia,37145,Manchester United,Missing Fixture,Knee Injury,2024-02-11T16:30:00+00:00
A. Martial,908,Manchester United,Missing Fixture,Surgery,2024-02-11T16:30:00+00:00
L. Martinez,2467,Manchester United,Missing Fixture,Knee Injury,2024-02-11T16:30:00+00:00
A. Wan-Bissaka,18846,Manchester United,Missing Fixture,Knock,2024-02-11T16:30:00+00:00
M. Mount,19220,Manchester United,Questionable,Muscle Injury,2024-02-11T16:30:00+00:00
C. Doucoure,3339,Crystal Palace,Missing Fixture,Achilles Tendon Injury,2024-02-12T20:00:00+00:00
E. Eze,19586,Crystal Palace,Missing Fixture,Thigh Injury,2024-02-12T20:00:00+00:00
M. Guehi,67971,Crystal Palace,Missing Fixture,Knee Injury,2024-02-12T20:00:00+00:00
R. Holding,1440,Crystal Palace,Missing Fixture,Ankle Injury,2024-02-12T20:00:00+00:00
M. Olise,19617,Crystal Palace,Missing Fixture,Muscle Injury,2024-02-12T20:00:00+00:00
J. Rak-Sakyi,284449,Crystal Palace,Missing Fixture,Thigh Injury,2024-02-12T20:00:00+00:00
B. Badiashile,95,Chelsea,Missing Fixture,Groin Injury,2024-02-12T20:00:00+00:00
M. Cucurella,47380,Chelsea,Missing Fixture,Ankle Injury,2024-02-12T20:00:00+00:00
W. Fofana,22094,Chelsea,Missing Fixture,Knee Injury,2024-02-12T20:00:00+00:00
R. James,19545,Chelsea,Missing Fixture,Thigh Injury,2024-02-12T20:00:00+00:00
R. Lavia,282125,Chelsea,Missing Fixture,Injury,2024-02-12T20:00:00+00:00
R. Sanchez,18959,Chelsea,Missing Fixture,Knee Injury,2024-02-12T20:00:00+00:00
L. Ugochukwu,270508,Chelsea,Missing Fixture,Thigh Injury,2024-02-12T20:00:00+00:00
J. Dasilva,19362,Brentford,Missing Fixture,Knee Injury,2024-02-17T12:30:00+00:00
R. Henry,19346,Brentford,Missing Fixture,Knee Injury,2024-02-17T12:30:00+00:00
A. Hickey,44871,Brentford,Missing Fixture,Thigh Injury,2024-02-17T12:30:00+00:00
B. Mbeumo,20589,Brentford,Missing Fixture,Ankle Injury,2024-02-17T12:30:00+00:00
K. Schade,178077,Brentford,Missing Fixture,Hip Injury,2024-02-17T12:30:00+00:00
T. Alexander-Arnold,283,Liverpool,Missing Fixture,Knee Injury,2024-02-17T12:30:00+00:00
Alisson,280,Liverpool,Missing Fixture,Hamstring Injury,2024-02-17T12:30:00+00:00
S. Bajcetic,310187,Liverpool,Missing Fixture,Calf Injury,2024-02-17T12:30:00+00:00
J. Matip,286,Liverpool,Missing Fixture,Knee Injury,2024-02-17T12:30:00+00:00
D. Szoboszlai,1096,Liverpool,Missing Fixture,Knee Injury,2024-02-17T12:30:00+00:00
Thiago,507,Liverpool,Missing Fixture,Muscle Injury,2024-02-17T12:30:00+00:00
J. Beyer,25628,Burnley,Missing Fixture,Thigh Injury,2024-02-17T15:00:00+00:00
L. Foster,98936,Burnley,Missing Fixture,Injury,2024-02-17T15:00:00+00:00
L. Koleosho,359603,Burnley,Missing Fixture,Knee Injury,2024-02-17T15:00:00+00:00
N. Redmond,18948,Burnley,Missing Fixture,Muscle Injury,2024-02-17T15:00:00+00:00
J. Timber,38746,Arsenal,Missing Fixture,Knee Injury,2024-02-17T15:00:00+00:00
Gabriel Jesus,643,Arsenal,Questionable,Injury,2024-02-17T15:00:00+00:00
T. Partey,49,Arsenal,Questionable,Muscle Injury,2024-02-17T15:00:00+00:00
T. Tomiyasu,2597,Arsenal,Questionable,Injury,2024-02-17T15:00:00+00:00
F. Vieira,41725,Arsenal,Questionable,Groin Injury,2024-02-17T15:00:00+00:00
O. Zinchenko,641,Arsenal,Questionable,Calf Injury,2024-02-17T15:00:00+00:00
R. Jimenez,2887,Fulham,Missing Fixture,Thigh Injury,2024-02-17T15:00:00+00:00
E. Buendia,19071,Aston Villa,Missing Fixture,Knee Injury,2024-02-17T15:00:00+00:00
Diego Carlos,21090,Aston Villa,Missing Fixture,Muscle Injury,2024-02-17T15:00:00+00:00
J. Duran,13489,Aston Villa,Missing Fixture,Injury,2024-02-17T15:00:00+00:00
B. Kamara,1904,Aston Villa,Missing Fixture,Knee Injury,2024-02-17T15:00:00+00:00
E. Konsa,19354,Aston Villa,Missing Fixture,Knee Injury,2024-02-17T15:00:00+00:00
T. Mings,19179,Aston Villa,Missing Fixture,Knee Injury,2024-02-17T15:00:00+00:00
E. Anderson,138908,Newcastle,Missing Fixture,Back Injury,2024-02-17T15:00:00+00:00
Joelinton,723,Newcastle,Missing Fixture,Thigh Injury,2024-02-17T15:00:00+00:00
N. Pope,18911,Newcastle,Missing Fixture,Shoulder Injury,2024-02-17T15:00:00+00:00
M. Targett,18941,Newcastle,Missing Fixture,Injury,2024-02-17T15:00:00+00:00
S. Tonali,31146,Newcastle,Missing Fixture,Suspended,2024-02-17T15:00:00+00:00
C. Wilson,2939,Newcastle,Missing Fixture,Chest Injury,2024-02-17T15:00:00+00:00
A. Isak,2864,Newcastle,Questionable,Groin Injury,2024-02-17T15:00:00+00:00
J. Willock,1463,Newcastle,Questionable,Achilles Tendon Injury,2024-02-17T15:00:00+00:00
M. Aarons,19070,Bournemouth,Missing Fixture,Thigh Injury,2024-02-17T15:00:00+00:00
T. Adams,1150,Bournemouth,Missing Fixture,Thigh Injury,2024-02-17T15:00:00+00:00
R. Fredericks,18815,Bournemouth,Missing Fixture,Calf Injury,2024-02-17T15:00:00+00:00
J. Hill,20093,Bournemouth,Missing Fixture,Ankle Injury,2024-02-17T15:00:00+00:00
R. Faivre,84082,Bournemouth,Questionable,Illness,2024-02-17T15:00:00+00:00
G. Montiel,2468,Nottingham Forest,Missing Fixture,Thigh Injury,2024-02-17T15:00:00+00:00
C. Wood,18931,Nottingham Forest,Missing Fixture,Thigh Injury,2024-02-17T15:00:00+00:00
O. Aina,2771,Nottingham Forest,Questionable,Rest,2024-02-17T15:00:00+00:00
W. Boly,18739,Nottingham Forest,Questionable,Rest,2024-02-17T15:00:00+00:00
I. Sangare,22149,Nottingham Forest,Questionable,Rest,2024-02-17T15:00:00+00:00
L. Paqueta,1646,West Ham,Questionable,Calf Injury,2024-02-17T15:00:00+00:00
F. Forster,18932,Tottenham,Missing Fixture,Ankle Injury,2024-02-17T15:00:00+00:00
P. Porro,47519,Tottenham,Missing Fixture,Muscle Injury,2024-02-17T15:00:00+00:00
R. Sessegnon,19032,Tottenham,Missing Fixture,Thigh Injury,2024-02-17T15:00:00+00:00
M. Solomon,697,Tottenham,Missing Fixture,Knee Injury,2024-02-17T15:00:00+00:00
D. Udogie,204039,Tottenham,Missing Fixture,Knock,2024-02-17T15:00:00+00:00
M. Cunha,1165,Wolves,Missing Fixture,Thigh Injury,2024-02-17T15:00:00+00:00
J. Grealish,19187,Manchester City,Missing Fixture,Groin Injury,2024-02-17T17:30:00+00:00
J. Gvardiol,129033,Manchester City,Missing Fixture,Ankle Injury,2024-02-17T17:30:00+00:00
B. Badiashile,95,Chelsea,Missing Fixture,Groin Injury,2024-02-17T17:30:00+00:00
C. Chukwuemeka,138935,Chelsea,Missing Fixture,Knee Injury,2024-02-17T17:30:00+00:00
M. Cucurella,47380,Chelsea,Missing Fixture,Ankle Injury,2024-02-17T17:30:00+00:00
W. Fofana,22094,Chelsea,Missing Fixture,Knee Injury,2024-02-17T17:30:00+00:00
R. James,19545,Chelsea,Missing Fixture,Thigh Injury,2024-02-17T17:30:00+00:00
R. Lavia,282125,Chelsea,Missing Fixture,Injury,2024-02-17T17:30:00+00:00
T. Silva,259,Chelsea,Missing Fixture,Groin Injury,2024-02-17T17:30:00+00:00
L. Ugochukwu,270508,Chelsea,Missing Fixture,Thigh Injury,2024-02-17T17:30:00+00:00
G. Baldock,19090,Sheffield Utd,Missing Fixture,Injury,2024-02-18T14:00:00+00:00
C. Basham,19091,Sheffield Utd,Missing Fixture,Ankle Injury,2024-02-18T14:00:00+00:00
J. Egan,19093,Sheffield Utd,Missing Fixture,Ankle Injury,2024-02-18T14:00:00+00:00
D. Jebbison,296458,Sheffield Utd,Missing Fixture,Muscle Injury,2024-02-18T14:00:00+00:00
R. Norrington-Davies,18331,Sheffield Utd,Missing Fixture,Thigh Injury,2024-02-18T14:00:00+00:00
B. Brereton Diaz,19485,Sheffield Utd,Questionable,Thigh Injury,2024-02-18T14:00:00+00:00
J. Enciso,70747,Brighton,Missing Fixture,Knee Injury,2024-02-18T14:00:00+00:00
J. Hinshelwood,305730,Brighton,Missing Fixture,Ankle Injury,2024-02-18T14:00:00+00:00
Joao Pedro,10329,Brighton,Missing Fixture,Thigh Injury,2024-02-18T14:00:00+00:00
S. March,18973,Brighton,Missing Fixture,Knee Injury,2024-02-18T14:00:00+00:00
J. Milner,296,Brighton,Missing Fixture,Knee Injury,2024-02-18T14:00:00+00:00
M. Andersen,15632,Luton,Missing Fixture,Calf Injury,2024-02-18T16:30:00+00:00
T. Lockyer,20203,Luton,Missing Fixture,Heart Problems,2024-02-18T16:30:00+00:00
M. Nakamba,76,Luton,Missing Fixture,Knee Injury,2024-02-18T16:30:00+00:00
D. Hashioka,33095,Luton,Questionable,Injury,2024-02-18T16:30:00+00:00
T. Malacia,37145,Manchester United,Missing Fixture,Knee Injury,2024-02-18T16:30:00+00:00
A. Martial,908,Manchester United,Missing Fixture,Surgery,2024-02-18T16:30:00+00:00
L. Martinez,2467,Manchester United,Missing Fixture,Knee Injury,2024-02-18T16:30:00+00:00
M. Mount,19220,Manchester United,Missing Fixture,Muscle Injury,2024-02-18T16:30:00+00:00
A. Wan-Bissaka,18846,Manchester United,Missing Fixture,Knock,2024-02-18T16:30:00+00:00
D. Alli,172,Everton,Missing Fixture,Muscle Injury,2024-02-19T20:00:00+00:00
A. Danjuma,83,Everton,Missing Fixture,Ankle Injury,2024-02-19T20:00:00+00:00
A. Gomes,18765,Everton,Questionable,Calf Injury,2024-02-19T20:00:00+00:00
C. Doucoure,3339,Crystal Palace,Missing Fixture,Achilles Tendon Injury,2024-02-19T20:00:00+00:00
E. Eze,19586,Crystal Palace,Missing Fixture,Thigh Injury,2024-02-19T20:00:00+00:00
M. Guehi,67971,Crystal Palace,Missing Fixture,Knee Injury,2024-02-19T20:00:00+00:00
R. Holding,1440,Crystal Palace,Missing Fixture,Ankle Injury,2024-02-19T20:00:00+00:00
M. Olise,19617,Crystal Palace,Missing Fixture,Muscle Injury,2024-02-19T20:00:00+00:00
J. Rak-Sakyi,284449,Crystal Palace,Missing Fixture,Thigh Injury,2024-02-19T20:00:00+00:00
W. Hughes,18806,Crystal Palace,Questionable,Ankle Injury,2024-02-19T20:00:00+00:00
J. Grealish,19187,Manchester City,Missing Fixture,Groin Injury,2024-02-20T19:30:00+00:00
J. Gvardiol,129033,Manchester City,Missing Fixture,Ankle Injury,2024-02-20T19:30:00+00:00
J. Dasilva,19362,Brentford,Missing Fixture,Knee Injury,2024-02-20T19:30:00+00:00
R. Henry,19346,Brentford,Missing Fixture,Knee Injury,2024-02-20T19:30:00+00:00
A. Hickey,44871,Brentford,Missing Fixture,Thigh Injury,2024-02-20T19:30:00+00:00
B. Mbeumo,20589,Brentford,Missing Fixture,Ankle Injury,2024-02-20T19:30:00+00:00
E. Pinnock,19789,Brentford,Missing Fixture,Ankle Injury,2024-02-20T19:30:00+00:00
K. Schade,178077,Brentford,Missing Fixture,Hip Injury,2024-02-20T19:30:00+00:00
T. Alexander-Arnold,283,Liverpool,Missing Fixture,Knee Injury,2024-02-21T19:30:00+00:00
Alisson,280,Liverpool,Missing Fixture,Hamstring Injury,2024-02-21T19:30:00+00:00
S. Bajcetic,310187,Liverpool,Missing Fixture,Calf Injury,2024-02-21T19:30:00+00:00
Diogo Jota,2678,Liverpool,Missing Fixture,Knee Injury,2024-02-21T19:30:00+00:00
C. Jones,293,Liverpool,Missing Fixture,Calf Injury,2024-02-21T19:30:00+00:00
J. Matip,286,Liverpool,Missing Fixture,Knee Injury,2024-02-21T19:30:00+00:00
Thiago,507,Liverpool,Missing Fixture,Muscle Injury,2024-02-21T19:30:00+00:00
D. Nunez,51617,Liverpool,Questionable,Injury,2024-02-21T19:30:00+00:00
M. Salah,306,Liverpool,Questionable,Thigh Injury,2024-02-21T19:30:00+00:00
D. Szoboszlai,1096,Liverpool,Questionable,Knee Injury,2024-02-21T19:30:00+00:00
E. Adebayo,17641,Luton,Missing Fixture,Thigh Injury,2024-02-21T19:30:00+00:00
M. Andersen,15632,Luton,Missing Fixture,Calf Injury,2024-02-21T19:30:00+00:00
J. Brown,19802,Luton,Missing Fixture,Knee Injury,2024-02-21T19:30:00+00:00
T. Lockyer,20203,Luton,Missing Fixture,Heart Problems,2024-02-21T19:30:00+00:00
M. Nakamba,76,Luton,Missing Fixture,Knee Injury,2024-02-21T19:30:00+00:00
D. Hashioka,33095,Luton,Questionable,Injury,2024-02-21T19:30:00+00:00
E. Buendia,19071,Aston Villa,Missing Fixture,Knee Injury,2024-02-24T15:00:00+00:00
Diego Carlos,21090,Aston Villa,Missing Fixture,Muscle Injury,2024-02-24T15:00:00+00:00
J. Duran,13489,Aston Villa,Missing Fixture,Injury,2024-02-24T15:00:00+00:00
B. Kamara,1904,Aston Villa,Missing Fixture,Knee Injury,2024-02-24T15:00:00+00:00
E. Konsa,19354,Aston Villa,Missing Fixture,Knee Injury,2024-02-24T15:00:00+00:00
T. Mings,19179,Aston Villa,Missing Fixture,Knee Injury,2024-02-24T15:00:00+00:00
O. Aina,2771,Nottingham Forest,Missing Fixture,Injury,2024-02-24T15:00:00+00:00
W. Boly,18739,Nottingham Forest,Missing Fixture,Injury,2024-02-24T15:00:00+00:00
I. Sangare,22149,Nottingham Forest,Missing Fixture,Injury,2024-02-24T15:00:00+00:00
C. Wood,18931,Nottingham Forest,Missing Fixture,Thigh Injury,2024-02-24T15:00:00+00:00
J. Hinshelwood,305730,Brighton,Missing Fixture,Ankle Injury,2024-02-24T15:00:00+00:00
Joao Pedro,10329,Brighton,Missing Fixture,Thigh Injury,2024-02-24T15:00:00+00:00
S. March,18973,Brighton,Missing Fixture,Knee Injury,2024-02-24T15:00:00+00:00
J. Milner,296,Brighton,Missing Fixture,Knee Injury,2024-02-24T15:00:00+00:00
K. Mitoma,106835,Brighton,Questionable,Back Injury,2024-02-24T15:00:00+00:00
D. Alli,172,Everton,Missing Fixture,Muscle Injury,2024-02-24T15:00:00+00:00
A. Danjuma,83,Everton,Missing Fixture,Ankle Injury,2024-02-24T15:00:00+00:00
A. Gomes,18765,Everton,Questionable,Calf Injury,2024-02-24T15:00:00+00:00
C. Doucoure,3339,Crystal Palace,Missing Fixture,Achilles Tendon Injury,2024-02-24T15:00:00+00:00
M. Guehi,67971,Crystal Palace,Missing Fixture,Knee Injury,2024-02-24T15:00:00+00:00
R. Holding,1440,Crystal Palace,Missing Fixture,Ankle Injury,2024-02-24T15:00:00+00:00
M. Olise,19617,Crystal Palace,Missing Fixture,Muscle Injury,2024-02-24T15:00:00+00:00
J. Rak-Sakyi,284449,Crystal Palace,Missing Fixture,Thigh Injury,2024-02-24T15:00:00+00:00
E. Eze,19586,Crystal Palace,Questionable,Thigh Injury,2024-02-24T15:00:00+00:00
W. Hughes,18806,Crystal Palace,Questionable,Ankle Injury,2024-02-24T15:00:00+00:00
J. Beyer,25628,Burnley,Missing Fixture,Thigh Injury,2024-02-24T15:00:00+00:00
L. Foster,98936,Burnley,Missing Fixture,Injury,2024-02-24T15:00:00+00:00
L. Koleosho,359603,Burnley,Missing Fixture,Knee Injury,2024-02-24T15:00:00+00:00
A. Ramsey,278079,Burnley,Missing Fixture,Knee Injury,2024-02-24T15:00:00+00:00
N. Redmond,18948,Burnley,Missing Fixture,Muscle Injury,2024-02-24T15:00:00+00:00
R. Hojlund,288006,Manchester United,Missing Fixture,Muscle Injury,2024-02-24T15:00:00+00:00
T. Malacia,37145,Manchester United,Missing Fixture,Knee Injury,2024-02-24T15:00:00+00:00
A. Martial,908,Manchester United,Missing Fixture,Surgery,2024-02-24T15:00:00+00:00
L. Martinez,2467,Manchester United,Missing Fixture,Knee Injury,2024-02-24T15:00:00+00:00
M. Mount,19220,Manchester United,Missing Fixture,Muscle Injury,2024-02-24T15:00:00+00:00
L. Shaw,891,Manchester United,Missing Fixture,Leg Injury,2024-02-24T15:00:00+00:00
A. Wan-Bissaka,18846,Manchester United,Missing Fixture,Knock,2024-02-24T15:00:00+00:00
R. Jimenez,2887,Fulham,Missing Fixture,Thigh Injury,2024-02-24T15:00:00+00:00
J. Palhinha,41104,Fulham,Missing Fixture,Yellow Cards,2024-02-24T15:00:00+00:00
Willian,2294,Fulham,Questionable,Injury,2024-02-24T15:00:00+00:00
M. Aarons,19070,Bournemouth,Missing Fixture,Thigh Injury,2024-02-24T17:30:00+00:00
T. Adams,1150,Bournemouth,Missing Fixture,Thigh Injury,2024-02-24T17:30:00+00:00
R. Fredericks,18815,Bournemouth,Missing Fixture,Calf Injury,2024-02-24T17:30:00+00:00
J. Hill,20093,Bournemouth,Missing Fixture,Ankle Injury,2024-02-24T17:30:00+00:00
J. Gvardiol,129033,Manchester City,Missing Fixture,Ankle Injury,2024-02-24T17:30:00+00:00
J. Timber,38746,Arsenal,Missing Fixture,Knee Injury,2024-02-24T20:00:00+00:00
T. Tomiyasu,2597,Arsenal,Missing Fixture,Injury,2024-02-24T20:00:00+00:00
T. Partey,49,Arsenal,Questionable,Muscle Injury,2024-02-24T20:00:00+00:00
O. Zinchenko,641,Arsenal,Questionable,Calf Injury,2024-02-24T20:00:00+00:00
E. Anderson,138908,Newcastle,Missing Fixture,Back Injury,2024-02-24T20:00:00+00:00
M. Dubravka,18886,Newcastle,Missing Fixture,Illness,2024-02-24T20:00:00+00:00
Joelinton,723,Newcastle,Missing Fixture,Thigh Injury,2024-02-24T20:00:00+00:00
N. Pope,18911,Newcastle,Missing Fixture,Shoulder Injury,2024-02-24T20:00:00+00:00
M. Targett,18941,Newcastle,Missing Fixture,Injury,2024-02-24T20:00:00+00:00
S. Tonali,31146,Newcastle,Missing Fixture,Suspended,2024-02-24T20:00:00+00:00
C. Wilson,2939,Newcastle,Missing Fixture,Chest Injury,2024-02-24T20:00:00+00:00
M. Cunha,1165,Wolves,Missing Fixture,Thigh Injury,2024-02-25T13:30:00+00:00
C. Basham,19091,Sheffield Utd,Missing Fixture,Ankle Injury,2024-02-25T13:30:00+00:00
J. Egan,19093,Sheffield Utd,Missing Fixture,Ankle Injury,2024-02-25T13:30:00+00:00
N. Gomis,342659,Sheffield Utd,Missing Fixture,Injury,2024-02-25T13:30:00+00:00
M. Holgate,19150,Sheffield Utd,Missing Fixture,Red Card,2024-02-25T13:30:00+00:00
D. Jebbison,296458,Sheffield Utd,Missing Fixture,Muscle Injury,2024-02-25T13:30:00+00:00
M. Lowe,44809,Sheffield Utd,Missing Fixture,Ankle Injury,2024-02-25T13:30:00+00:00
R. Norrington-Davies,18331,Sheffield Utd,Missing Fixture,Thigh Injury,2024-02-25T13:30:00+00:00
C. Archer,137302,Sheffield Utd,Questionable,Calf Injury,2024-02-25T13:30:00+00:00
G. Baldock,19090,Sheffield Utd,Questionable,Injury,2024-02-25T13:30:00+00:00
B. Brereton Diaz,19485,Sheffield Utd,Questionable,Thigh Injury,2024-02-25T13:30:00+00:00
K. Phillips,19130,West Ham,Missing Fixture,Red Card,2024-02-26T20:00:00+00:00
J. Dasilva,19362,Brentford,Missing Fixture,Knee Injury,2024-02-26T20:00:00+00:00
R. Henry,19346,Brentford,Missing Fixture,Knee Injury,2024-02-26T20:00:00+00:00
A. Hickey,44871,Brentford,Missing Fixture,Thigh Injury,2024-02-26T20:00:00+00:00
B. Mbeumo,20589,Brentford,Missing Fixture,Ankle Injury,2024-02-26T20:00:00+00:00
E. Pinnock,19789,Brentford,Missing Fixture,Ankle Injury,2024-02-26T20:00:00+00:00
K. Schade,178077,Brentford,Missing Fixture,Hip Injury,2024-02-26T20:00:00+00:00
J. Dasilva,19362,Brentford,Missing Fixture,Knee Injury,2024-03-02T15:00:00+00:00
R. Henry,19346,Brentford,Missing Fixture,Knee Injury,2024-03-02T15:00:00+00:00
A. Hickey,44871,Brentford,Missing Fixture,Thigh Injury,2024-03-02T15:00:00+00:00
B. Mbeumo,20589,Brentford,Missing Fixture,Ankle Injury,2024-03-02T15:00:00+00:00
B. Mee,18917,Brentford,Missing Fixture,Broken ankle,2024-03-02T15:00:00+00:00
E. Pinnock,19789,Brentford,Missing Fixture,Ankle Injury,2024-03-02T15:00:00+00:00
K. Schade,178077,Brentford,Missing Fixture,Hip Injury,2024-03-02T15:00:00+00:00
B. Badiashile,95,Chelsea,Missing Fixture,Groin Injury,2024-03-02T15:00:00+00:00
C. Chukwuemeka,138935,Chelsea,Missing Fixture,Knee Injury,2024-03-02T15:00:00+00:00
W. Fofana,22094,Chelsea,Missing Fixture,Knee Injury,2024-03-02T15:00:00+00:00
R. James,19545,Chelsea,Missing Fixture,Thigh Injury,2024-03-02T15:00:00+00:00
R. Lavia,282125,Chelsea,Missing Fixture,Injury,2024-03-02T15:00:00+00:00
C. Nkunku,269,Chelsea,Missing Fixture,Injury,2024-03-02T15:00:00+00:00
L. Ugochukwu,270508,Chelsea,Missing Fixture,Thigh Injury,2024-03-02T15:00:00+00:00
D. Alli,172,Everton,Missing Fixture,Muscle Injury,2024-03-02T15:00:00+00:00
A. Danjuma,83,Everton,Missing Fixture,Ankle Injury,2024-03-02T15:00:00+00:00
I. Gueye,434410,Everton,Questionable,Groin Injury,2024-03-02T15:00:00+00:00
M. Cornet,665,West Ham,Missing Fixture,Thigh Injury,2024-03-02T15:00:00+00:00
R. Jimenez,2887,Fulham,Missing Fixture,Thigh Injury,2024-03-02T15:00:00+00:00
J. Hinshelwood,305730,Brighton,Missing Fixture,Ankle Injury,2024-03-02T15:00:00+00:00
Joao Pedro,10329,Brighton,Missing Fixture,Thigh Injury,2024-03-02T15:00:00+00:00
S. March,18973,Brighton,Missing Fixture,Knee Injury,2024-03-02T15:00:00+00:00
J. Milner,296,Brighton,Missing Fixture,Knee Injury,2024-03-02T15:00:00+00:00
K. Mitoma,106835,Brighton,Missing Fixture,Back Injury,2024-03-02T15:00:00+00:00
Joelinton,723,Newcastle,Missing Fixture,Thigh Injury,2024-03-02T15:00:00+00:00
N. Pope,18911,Newcastle,Missing Fixture,Shoulder Injury,2024-03-02T15:00:00+00:00
M. Targett,18941,Newcastle,Missing Fixture,Injury,2024-03-02T15:00:00+00:00
S. Tonali,31146,Newcastle,Missing Fixture,Suspended,2024-03-02T15:00:00+00:00
C. Wilson,2939,Newcastle,Missing Fixture,Chest Injury,2024-03-02T15:00:00+00:00
M. Cunha,1165,Wolves,Missing Fixture,Thigh Injury,2024-03-02T15:00:00+00:00
Hwang Hee-Chan,24888,Wolves,Missing Fixture,Thigh Injury,2024-03-02T15:00:00+00:00
O. Aina,2771,Nottingham Forest,Missing Fixture,Injury,2024-03-02T15:00:00+00:00
N. Tavares,41577,Nottingham Forest,Missing Fixture,Injury,2024-03-02T15:00:00+00:00
C. Wood,18931,Nottingham Forest,Missing Fixture,Thigh Injury,2024-03-02T15:00:00+00:00
W. Boly,18739,Nottingham Forest,Questionable,Injury,2024-03-02T15:00:00+00:00
T. Alexander-Arnold,283,Liverpool,Missing Fixture,Knee Injury,2024-03-02T15:00:00+00:00
Alisson,280,Liverpool,Missing Fixture,Hamstring Injury,2024-03-02T15:00:00+00:00
S. Bajcetic,310187,Liverpool,Missing Fixture,Calf Injury,2024-03-02T15:00:00+00:00
Diogo Jota,2678,Liverpool,Missing Fixture,Knee Injury,2024-03-02T15:00:00+00:00
R. Gravenberch,542,Liverpool,Missing Fixture,Ankle Injury,2024-03-02T15:00:00+00:00
C. Jones,293,Liverpool,Missing Fixture,Calf Injury,2024-03-02T15:00:00+00:00
J. Matip,286,Liverpool,Missing Fixture,Knee Injury,2024-03-02T15:00:00+00:00
M. Salah,306,Liverpool,Missing Fixture,Thigh Injury,2024-03-02T15:00:00+00:00
Thiago,507,Liverpool,Missing Fixture,Muscle Injury,2024-03-02T15:00:00+00:00
F. Forster,18932,Tottenham,Missing Fixture,Ankle Injury,2024-03-02T15:00:00+00:00
Richarlison,2413,Tottenham,Missing Fixture,Knee Injury,2024-03-02T15:00:00+00:00
R. Sessegnon,19032,Tottenham,Missing Fixture,Thigh Injury,2024-03-02T15:00:00+00:00
M. Solomon,697,Tottenham,Missing Fixture,Knee Injury,2024-03-02T15:00:00+00:00
P. Porro,47519,Tottenham,Questionable,Muscle Injury,2024-03-02T15:00:00+00:00
C. Doucoure,3339,Crystal Palace,Missing Fixture,Achilles Tendon Injury,2024-03-02T15:00:00+00:00
M. Guehi,67971,Crystal Palace,Missing Fixture,Knee Injury,2024-03-02T15:00:00+00:00
R. Holding,1440,Crystal Palace,Missing Fixture,Ankle Injury,2024-03-02T15:00:00+00:00
M. Olise,19617,Crystal Palace,Missing Fixture,Muscle Injury,2024-03-02T15:00:00+00:00
J. Rak-Sakyi,284449,Crystal Palace,Missing Fixture,Thigh Injury,2024-03-02T15:00:00+00:00
E. Adebayo,17641,Luton,Missing Fixture,Thigh Injury,2024-03-02T17:30:00+00:00
M. Andersen,15632,Luton,Missing Fixture,Calf Injury,2024-03-02T17:30:00+00:00
J. Brown,19802,Luton,Missing Fixture,Knee Injury,2024-03-02T17:30:00+00:00
T. Lockyer,20203,Luton,Missing Fixture,Heart Problems,2024-03-02T17:30:00+00:00
A. S. Lokonga,1427,Luton,Missing Fixture,Thigh Injury,2024-03-02T17:30:00+00:00
M. Nakamba,76,Luton,Missing Fixture,Knee Injury,2024-03-02T17:30:00+00:00
G. Osho,20206,Luton,Questionable,Injury,2024-03-02T17:30:00+00:00
D. Potts,19756,Luton,Questionable,Injury,2024-03-02T17:30:00+00:00
E. Buendia,19071,Aston Villa,Missing Fixture,Knee Injury,2024-03-02T17:30:00+00:00
Diego Carlos,21090,Aston Villa,Missing Fixture,Muscle Injury,2024-03-02T17:30:00+00:00
J. Duran,13489,Aston Villa,Missing Fixture,Injury,2024-03-02T17:30:00+00:00
B. Kamara,1904,Aston Villa,Missing Fixture,Knee Injury,2024-03-02T17:30:00+00:00
T. Mings,19179,Aston Villa,Missing Fixture,Knee Injury,2024-03-02T17:30:00+00:00
J. Beyer,25628,Burnley,Missing Fixture,Thigh Injury,2024-03-03T13:00:00+00:00
J. Brownhill,19268,Burnley,Missing Fixture,Red Card,2024-03-03T13:00:00+00:00
L. Foster,98936,Burnley,Missing Fixture,Injury,2024-03-03T13:00:00+00:00
L. Koleosho,359603,Burnley,Missing Fixture,Knee Injury,2024-03-03T13:00:00+00:00
A. Ramsey,278079,Burnley,Missing Fixture,Knee Injury,2024-03-03T13:00:00+00:00
N. Redmond,18948,Burnley,Missing Fixture,Muscle Injury,2024-03-03T13:00:00+00:00
M. Aarons,19070,Bournemouth,Missing Fixture,Thigh Injury,2024-03-03T13:00:00+00:00
T. Adams,1150,Bournemouth,Missing Fixture,Thigh Injury,2024-03-03T13:00:00+00:00
R. Fredericks,18815,Bournemouth,Missing Fixture,Calf Injury,2024-03-03T13:00:00+00:00
J. Hill,20093,Bournemouth,Missing Fixture,Ankle Injury,2024-03-03T13:00:00+00:00
L. Kelly,19263,Bournemouth,Questionable,Hip Injury,2024-03-03T13:00:00+00:00
J. Grealish,19187,Manchester City,Missing Fixture,Groin Injury,2024-03-03T15:30:00+00:00
R. Hojlund,288006,Manchester United,Missing Fixture,Muscle Injury,2024-03-03T15:30:00+00:00
T. Malacia,37145,Manchester United,Missing Fixture,Knee Injury,2024-03-03T15:30:00+00:00
A. Martial,908,Manchester United,Missing Fixture,Surgery,2024-03-03T15:30:00+00:00
L. Martinez,2467,Manchester United,Missing Fixture,Knee Injury,2024-03-03T15:30:00+00:00
M. Mount,19220,Manchester United,Missing Fixture,Muscle Injury,2024-03-03T15:30:00+00:00
L. Shaw,891,Manchester United,Missing Fixture,Leg Injury,2024-03-03T15:30:00+00:00
A. Wan-Bissaka,18846,Manchester United,Missing Fixture,Knock,2024-03-03T15:30:00+00:00
H. Maguire,2935,Manchester United,Questionable,Injury,2024-03-03T15:30:00+00:00
C. Archer,137302,Sheffield Utd,Missing Fixture,Calf Injury,2024-03-04T20:00:00+00:00
C. Basham,19091,Sheffield Utd,Missing Fixture,Ankle Injury,2024-03-04T20:00:00+00:00
R. Brewster,303,Sheffield Utd,Missing Fixture,Thigh Injury,2024-03-04T20:00:00+00:00
J. Egan,19093,Sheffield Utd,Missing Fixture,Ankle Injury,2024-03-04T20:00:00+00:00
M. Holgate,19150,Sheffield Utd,Missing Fixture,Red Card,2024-03-04T20:00:00+00:00
D. Jebbison,296458,Sheffield Utd,Missing Fixture,Muscle Injury,2024-03-04T20:00:00+00:00
M. Lowe,44809,Sheffield Utd,Missing Fixture,Ankle Injury,2024-03-04T20:00:00+00:00
R. Norrington-Davies,18331,Sheffield Utd,Missing Fixture,Thigh Injury,2024-03-04T20:00:00+00:00
A. B. Slimane,199310,Sheffield Utd,Missing Fixture,Thigh Injury,2024-03-04T20:00:00+00:00
J. Timber,38746,Arsenal,Missing Fixture,Knee Injury,2024-03-04T20:00:00+00:00
T. Tomiyasu,2597,Arsenal,Questionable,Injury,2024-03-04T20:00:00+00:00
O. Zinchenko,641,Arsenal,Questionable,Calf Injury,2024-03-04T20:00:00+00:00
O. Forson,284242,Manchester United,Missing Fixture,Injury,2024-03-09T12:30:00+00:00
T. Malacia,37145,Manchester United,Missing Fixture,Knee Injury,2024-03-09T12:30:00+00:00
A. Martial,908,Manchester United,Missing Fixture,Surgery,2024-03-09T12:30:00+00:00
L. Martinez,2467,Manchester United,Missing Fixture,Knee Injury,2024-03-09T12:30:00+00:00
M. Mount,19220,Manchester United,Missing Fixture,Muscle Injury,2024-03-09T12:30:00+00:00
L. Shaw,891,Manchester United,Missing Fixture,Leg Injury,2024-03-09T12:30:00+00:00
R. Hojlund,288006,Manchester United,Questionable,Muscle Injury,2024-03-09T12:30:00+00:00
H. Maguire,2935,Manchester United,Questionable,Injury,2024-03-09T12:30:00+00:00
A. Wan-Bissaka,18846,Manchester United,Questionable,Knock,2024-03-09T12:30:00+00:00
D. Alli,172,Everton,Missing Fixture,Muscle Injury,2024-03-09T12:30:00+00:00
A. Danjuma,83,Everton,Missing Fixture,Ankle Injury,2024-03-09T12:30:00+00:00
I. Gueye,434410,Everton,Questionable,Groin Injury,2024-03-09T12:30:00+00:00
M. Aarons,19070,Bournemouth,Missing Fixture,Thigh Injury,2024-03-09T15:00:00+00:00
R. Fredericks,18815,Bournemouth,Missing Fixture,Calf Injury,2024-03-09T15:00:00+00:00
J. Hill,20093,Bournemouth,Missing Fixture,Ankle Injury,2024-03-09T15:00:00+00:00
L. Kelly,19263,Bournemouth,Missing Fixture,Hip Injury,2024-03-09T15:00:00+00:00
M. Senesi,6610,Bournemouth,Missing Fixture,Thigh Injury,2024-03-09T15:00:00+00:00
C. Archer,137302,Sheffield Utd,Missing Fixture,Calf Injury,2024-03-09T15:00:00+00:00
C. Basham,19091,Sheffield Utd,Missing Fixture,Ankle Injury,2024-03-09T15:00:00+00:00
R. Brewster,303,Sheffield Utd,Missing Fixture,Thigh Injury,2024-03-09T15:00:00+00:00
J. Egan,19093,Sheffield Utd,Missing Fixture,Ankle Injury,2024-03-09T15:00:00+00:00
D. Jebbison,296458,Sheffield Utd,Missing Fixture,Muscle Injury,2024-03-09T15:00:00+00:00
M. Lowe,44809,Sheffield Utd,Missing Fixture,Ankle Injury,2024-03-09T15:00:00+00:00
R. Norrington-Davies,18331,Sheffield Utd,Missing Fixture,Thigh Injury,2024-03-09T15:00:00+00:00
A. B. Slimane,199310,Sheffield Utd,Missing Fixture,Thigh Injury,2024-03-09T15:00:00+00:00
C. Doucoure,3339,Crystal Palace,Missing Fixture,Achilles Tendon Injury,2024-03-09T15:00:00+00:00
M. Guehi,67971,Crystal Palace,Missing Fixture,Knee Injury,2024-03-09T15:00:00+00:00
R. Holding,1440,Crystal Palace,Missing Fixture,Ankle Injury,2024-03-09T15:00:00+00:00
Matheus Franca,311157,Crystal Palace,Missing Fixture,Muscle Injury,2024-03-09T15:00:00+00:00
M. Olise,19617,Crystal Palace,Missing Fixture,Muscle Injury,2024-03-09T15:00:00+00:00
J. Rak-Sakyi,284449,Crystal Palace,Missing Fixture,Thigh Injury,2024-03-09T15:00:00+00:00
J. Schlupp,18843,Crystal Palace,Questionable,Thigh Injury,2024-03-09T15:00:00+00:00
M. Andersen,15632,Luton,Missing Fixture,Calf Injury,2024-03-09T15:00:00+00:00
A. Bell,19466,Luton,Missing Fixture,Thigh Injury,2024-03-09T15:00:00+00:00
J. Brown,19802,Luton,Missing Fixture,Knee Injury,2024-03-09T15:00:00+00:00
J. Johnson,406507,Luton,Missing Fixture,Illness,2024-03-09T15:00:00+00:00
T. Lockyer,20203,Luton,Missing Fixture,Heart Problems,2024-03-09T15:00:00+00:00
A. S. Lokonga,1427,Luton,Missing Fixture,Thigh Injury,2024-03-09T15:00:00+00:00
M. Nakamba,76,Luton,Missing Fixture,Knee Injury,2024-03-09T15:00:00+00:00
D. Potts,19756,Luton,Missing Fixture,Injury,2024-03-09T15:00:00+00:00
E. Adebayo,17641,Luton,Questionable,Thigh Injury,2024-03-09T15:00:00+00:00
M. Cunha,1165,Wolves,Missing Fixture,Thigh Injury,2024-03-09T15:00:00+00:00
Hwang Hee-Chan,24888,Wolves,Missing Fixture,Thigh Injury,2024-03-09T15:00:00+00:00
C. Dawson,19147,Wolves,Questionable,Groin Injury,2024-03-09T15:00:00+00:00
R. Jimenez,2887,Fulham,Questionable,Thigh Injury,2024-03-09T15:00:00+00:00
D. Raya,19465,Arsenal,Missing Fixture,Loan agreement,2024-03-09T17:30:00+00:00
J. Timber,38746,Arsenal,Missing Fixture,Knee Injury,2024-03-09T17:30:00+00:00
G. Martinelli,127769,Arsenal,Questionable,Ankle Injury,2024-03-09T17:30:00+00:00
T. Tomiyasu,2597,Arsenal,Questionable,Injury,2024-03-09T17:30:00+00:00
J. Dasilva,19362,Brentford,Missing Fixture,Knee Injury,2024-03-09T17:30:00+00:00
R. Henry,19346,Brentford,Missing Fixture,Knee Injury,2024-03-09T17:30:00+00:00
A. Hickey,44871,Brentford,Missing Fixture,Thigh Injury,2024-03-09T17:30:00+00:00
B. Mbeumo,20589,Brentford,Missing Fixture,Ankle Injury,2024-03-09T17:30:00+00:00
B. Mee,18917,Brentford,Missing Fixture,Broken ankle,2024-03-09T17:30:00+00:00
E. Pinnock,19789,Brentford,Missing Fixture,Ankle Injury,2024-03-09T17:30:00+00:00
K. Schade,178077,Brentford,Missing Fixture,Hip Injury,2024-03-09T17:30:00+00:00
E. Buendia,19071,Aston Villa,Missing Fixture,Knee Injury,2024-03-10T13:00:00+00:00
B. Kamara,1904,Aston Villa,Missing Fixture,Knee Injury,2024-03-10T13:00:00+00:00
T. Mings,19179,Aston Villa,Missing Fixture,Knee Injury,2024-03-10T13:00:00+00:00
J. Ramsey,19192,Aston Villa,Questionable,Ankle Injury,2024-03-10T13:00:00+00:00
F. Forster,18932,Tottenham,Missing Fixture,Ankle Injury,2024-03-10T13:00:00+00:00
R. Sessegnon,19032,Tottenham,Missing Fixture,Thigh Injury,2024-03-10T13:00:00+00:00
M. Solomon,697,Tottenham,Missing Fixture,Knee Injury,2024-03-10T13:00:00+00:00
Richarlison,2413,Tottenham,Questionable,Knee Injury,2024-03-10T13:00:00+00:00
J. Hinshelwood,305730,Brighton,Missing Fixture,Ankle Injury,2024-03-10T14:00:00+00:00
Joao Pedro,10329,Brighton,Missing Fixture,Thigh Injury,2024-03-10T14:00:00+00:00
S. March,18973,Brighton,Missing Fixture,Knee Injury,2024-03-10T14:00:00+00:00
J. Milner,296,Brighton,Missing Fixture,Knee Injury,2024-03-10T14:00:00+00:00
K. Mitoma,106835,Brighton,Missing Fixture,Back Injury,2024-03-10T14:00:00+00:00
N. Tavares,41577,Nottingham Forest,Missing Fixture,Injury,2024-03-10T14:00:00+00:00
O. Aina,2771,Nottingham Forest,Questionable,Injury,2024-03-10T14:00:00+00:00
G. Reyna,161921,Nottingham Forest,Questionable,Knock,2024-03-10T14:00:00+00:00
M. Cornet,665,West Ham,Missing Fixture,Thigh Injury,2024-03-10T14:00:00+00:00
Emerson,2284,West Ham,Questionable,Muscle Injury,2024-03-10T14:00:00+00:00
J. Beyer,25628,Burnley,Missing Fixture,Thigh Injury,2024-03-10T14:00:00+00:00
L. Foster,98936,Burnley,Missing Fixture,Injury,2024-03-10T14:00:00+00:00
L. Koleosho,359603,Burnley,Missing Fixture,Knee Injury,2024-03-10T14:00:00+00:00
A. Ramsey,278079,Burnley,Missing Fixture,Knee Injury,2024-03-10T14:00:00+00:00
N. Redmond,18948,Burnley,Missing Fixture,Muscle Injury,2024-03-10T14:00:00+00:00
T. Alexander-Arnold,283,Liverpool,Missing Fixture,Knee Injury,2024-03-10T15:45:00+00:00
Alisson,280,Liverpool,Missing Fixture,Muscle Injury,2024-03-10T15:45:00+00:00
S. Bajcetic,310187,Liverpool,Missing Fixture,Lacking Match Fitness,2024-03-10T15:45:00+00:00
Diogo Jota,2678,Liverpool,Missing Fixture,Knee Injury,2024-03-10T15:45:00+00:00
R. Gravenberch,542,Liverpool,Missing Fixture,Ankle Injury,2024-03-10T15:45:00+00:00
C. Jones,293,Liverpool,Missing Fixture,Ankle Injury,2024-03-10T15:45:00+00:00
J. Matip,286,Liverpool,Missing Fixture,Knee Injury,2024-03-10T15:45:00+00:00
Thiago,507,Liverpool,Missing Fixture,Muscle Injury,2024-03-10T15:45:00+00:00
I. Konate,1145,Liverpool,Questionable,Muscle Injury,2024-03-10T15:45:00+00:00
J. Grealish,19187,Manchester City,Missing Fixture,Groin Injury,2024-03-10T15:45:00+00:00
B. Chilwell,2933,Chelsea,Missing Fixture,Knee Injury,2024-03-11T20:00:00+00:00
W. Fofana,22094,Chelsea,Missing Fixture,Knee Injury,2024-03-11T20:00:00+00:00
R. James,19545,Chelsea,Missing Fixture,Thigh Injury,2024-03-11T20:00:00+00:00
R. Lavia,282125,Chelsea,Missing Fixture,Injury,2024-03-11T20:00:00+00:00
C. Nkunku,269,Chelsea,Missing Fixture,Injury,2024-03-11T20:00:00+00:00
L. Ugochukwu,270508,Chelsea,Missing Fixture,Thigh Injury,2024-03-11T20:00:00+00:00
B. Badiashile,95,Chelsea,Questionable,Groin Injury,2024-03-11T20:00:00+00:00
L. Colwill,152953,Chelsea,Questionable,Ankle Injury,2024-03-11T20:00:00+00:00
L. Hall,284492,Newcastle,Missing Fixture,Loan agreement,2024-03-11T20:00:00+00:00
Joelinton,723,Newcastle,Missing Fixture,Thigh Injury,2024-03-11T20:00:00+00:00
N. Pope,18911,Newcastle,Missing Fixture,Shoulder Injury,2024-03-11T20:00:00+00:00
S. Tonali,31146,Newcastle,Missing Fixture,Suspended,2024-03-11T20:00:00+00:00
K. Trippier,169,Newcastle,Missing Fixture,Calf Injury,2024-03-11T20:00:00+00:00
C. Wilson,2939,Newcastle,Missing Fixture,Chest Injury,2024-03-11T20:00:00+00:00
M. Aarons,19070,Bournemouth,Missing Fixture,Thigh Injury,2024-03-13T19:30:00+00:00
R. Fredericks,18815,Bournemouth,Missing Fixture,Calf Injury,2024-03-13T19:30:00+00:00
L. Kelly,19263,Bournemouth,Missing Fixture,Hip Injury,2024-03-13T19:30:00+00:00
M. Senesi,6610,Bournemouth,Missing Fixture,Thigh Injury,2024-03-13T19:30:00+00:00
M. Andersen,15632,Luton,Missing Fixture,Calf Injury,2024-03-13T19:30:00+00:00
A. Bell,19466,Luton,Missing Fixture,Thigh Injury,2024-03-13T19:30:00+00:00
J. Brown,19802,Luton,Missing Fixture,Knee Injury,2024-03-13T19:30:00+00:00
J. Johnson,406507,Luton,Missing Fixture,Illness,2024-03-13T19:30:00+00:00
T. Lockyer,20203,Luton,Missing Fixture,Heart Problems,2024-03-13T19:30:00+00:00
M. Nakamba,76,Luton,Missing Fixture,Knee Injury,2024-03-13T19:30:00+00:00
D. Potts,19756,Luton,Missing Fixture,Injury,2024-03-13T19:30:00+00:00
E. Adebayo,17641,Luton,Questionable,Thigh Injury,2024-03-13T19:30:00+00:00
A. S. Lokonga,1427,Luton,Questionable,Thigh Injury,2024-03-13T19:30:00+00:00
G. Osho,20206,Luton,Questionable,Knee Injury,2024-03-13T19:30:00+00:00
A. Al Dakhil,323449,Burnley,Missing Fixture,Injury,2024-03-16T15:00:00+00:00
L. Koleosho,359603,Burnley,Missing Fixture,Knee Injury,2024-03-16T15:00:00+00:00
A. Ramsey,278079,Burnley,Missing Fixture,Knee Injury,2024-03-16T15:00:00+00:00
N. Redmond,18948,Burnley,Missing Fixture,Muscle Injury,2024-03-16T15:00:00+00:00
J. Beyer,25628,Burnley,Questionable,Thigh Injury,2024-03-16T15:00:00+00:00
J. Dasilva,19362,Brentford,Missing Fixture,Knee Injury,2024-03-16T15:00:00+00:00
R. Henry,19346,Brentford,Missing Fixture,Knee Injury,2024-03-16T15:00:00+00:00
A. Hickey,44871,Brentford,Missing Fixture,Thigh Injury,2024-03-16T15:00:00+00:00
B. Mee,18917,Brentford,Missing Fixture,Broken ankle,2024-03-16T15:00:00+00:00
C. Norgaard,30407,Brentford,Missing Fixture,Injury,2024-03-16T15:00:00+00:00
E. Pinnock,19789,Brentford,Missing Fixture,Ankle Injury,2024-03-16T15:00:00+00:00
K. Schade,178077,Brentford,Missing Fixture,Hip Injury,2024-03-16T15:00:00+00:00
E. Adebayo,17641,Luton,Missing Fixture,Thigh Injury,2024-03-16T15:00:00+00:00
M. Andersen,15632,Luton,Missing Fixture,Calf Injury,2024-03-16T15:00:00+00:00
A. Bell,19466,Luton,Missing Fixture,Thigh Injury,2024-03-16T15:00:00+00:00
J. Brown,19802,Luton,Missing Fixture,Knee Injury,2024-03-16T15:00:00+00:00
J. Johnson,406507,Luton,Missing Fixture,Illness,2024-03-16T15:00:00+00:00
T. Lockyer,20203,Luton,Missing Fixture,Heart Problems,2024-03-16T15:00:00+00:00
M. Nakamba,76,Luton,Missing Fixture,Knee Injury,2024-03-16T15:00:00+00:00
D. Potts,19756,Luton,Missing Fixture,Injury,2024-03-16T15:00:00+00:00
A. S. Lokonga,1427,Luton,Questionable,Thigh Injury,2024-03-16T15:00:00+00:00
G. Osho,20206,Luton,Questionable,Knee Injury,2024-03-16T15:00:00+00:00
G. Montiel,2468,Nottingham Forest,Missing Fixture,Muscle Injury,2024-03-16T15:00:00+00:00
N. Tavares,41577,Nottingham Forest,Missing Fixture,Injury,2024-03-16T15:00:00+00:00
O. Aina,2771,Nottingham Forest,Questionable,Injury,2024-03-16T15:00:00+00:00
F. Forster,18932,Tottenham,Missing Fixture,Ankle Injury,2024-03-16T17:30:00+00:00
R. Sessegnon,19032,Tottenham,Missing Fixture,Thigh Injury,2024-03-16T17:30:00+00:00
M. Solomon,697,Tottenham,Missing Fixture,Knee Injury,2024-03-16T17:30:00+00:00
M. van de Ven,152849,Tottenham,Missing Fixture,Hamstring Injury,2024-03-16T17:30:00+00:00
M. Cornet,665,West Ham,Missing Fixture,Thigh Injury,2024-03-17T14:00:00+00:00
E. Buendia,19071,Aston Villa,Missing Fixture,Knee Injury,2024-03-17T14:00:00+00:00
B. Kamara,1904,Aston Villa,Missing Fixture,Knee Injury,2024-03-17T14:00:00+00:00
J. McGinn,19191,Aston Villa,Missing Fixture,Red Card,2024-03-17T14:00:00+00:00
T. Mings,19179,Aston Villa,Missing Fixture,Knee Injury,2024-03-17T14:00:00+00:00
J. Ramsey,19192,Aston Villa,Questionable,Ankle Injury,2024-03-17T14:00:00+00:00
S. Botman,38734,Newcastle,Missing Fixture,Knee Injury,2024-03-30T12:30:00+00:00
Joelinton,723,Newcastle,Missing Fixture,Thigh Injury,2024-03-30T12:30:00+00:00
L. Miley,328105,Newcastle,Missing Fixture,Back Injury,2024-03-30T12:30:00+00:00
N. Pope,18911,Newcastle,Missing Fixture,Shoulder Injury,2024-03-30T12:30:00+00:00
S. Tonali,31146,Newcastle,Missing Fixture,Suspended,2024-03-30T12:30:00+00:00
C. Wilson,2939,Newcastle,Missing Fixture,Chest Injury,2024-03-30T12:30:00+00:00
K. Trippier,169,Newcastle,Questionable,Calf Injury,2024-03-30T12:30:00+00:00
R. Fredericks,18815,Bournemouth,Missing Fixture,Calf Injury,2024-03-30T15:00:00+00:00
L. Sinisterra,37161,Bournemouth,Missing Fixture,Thigh Injury,2024-03-30T15:00:00+00:00
M. Senesi,6610,Bournemouth,Questionable,Thigh Injury,2024-03-30T15:00:00+00:00
D. Alli,172,Everton,Missing Fixture,Muscle Injury,2024-03-30T15:00:00+00:00
A. Danjuma,83,Everton,Missing Fixture,Ankle Injury,2024-03-30T15:00:00+00:00
L. Dobbin,153425,Everton,Missing Fixture,Ankle Injury,2024-03-30T15:00:00+00:00
T. Chalobah,19720,Chelsea,Missing Fixture,Injury,2024-03-30T15:00:00+00:00
C. Chukwuemeka,138935,Chelsea,Missing Fixture,Injury,2024-03-30T15:00:00+00:00
L. Colwill,152953,Chelsea,Missing Fixture,Ankle Injury,2024-03-30T15:00:00+00:00
W. Fofana,22094,Chelsea,Missing Fixture,Knee Injury,2024-03-30T15:00:00+00:00
R. James,19545,Chelsea,Missing Fixture,Thigh Injury,2024-03-30T15:00:00+00:00
R. Lavia,282125,Chelsea,Missing Fixture,Injury,2024-03-30T15:00:00+00:00
C. Nkunku,269,Chelsea,Missing Fixture,Injury,2024-03-30T15:00:00+00:00
R. Sanchez,18959,Chelsea,Missing Fixture,Injury,2024-03-30T15:00:00+00:00
L. Ugochukwu,270508,Chelsea,Missing Fixture,Thigh Injury,2024-03-30T15:00:00+00:00
D. D. Fofana,291476,Burnley,Missing Fixture,Loan agreement,2024-03-30T15:00:00+00:00
L. Koleosho,359603,Burnley,Missing Fixture,Knee Injury,2024-03-30T15:00:00+00:00
A. Ramsey,278079,Burnley,Missing Fixture,Knee Injury,2024-03-30T15:00:00+00:00
N. Redmond,18948,Burnley,Missing Fixture,Muscle Injury,2024-03-30T15:00:00+00:00
A. Al Dakhil,323449,Burnley,Questionable,Injury,2024-03-30T15:00:00+00:00
J. Beyer,25628,Burnley,Questionable,Thigh Injury,2024-03-30T15:00:00+00:00
T. Awoniyi,8598,Nottingham Forest,Missing Fixture,Muscle Injury,2024-03-30T15:00:00+00:00
N. Tavares,41577,Nottingham Forest,Missing Fixture,Injury,2024-03-30T15:00:00+00:00
W. Boly,18739,Nottingham Forest,Questionable,Muscle Injury,2024-03-30T15:00:00+00:00
C. Doucoure,3339,Crystal Palace,Missing Fixture,Achilles Tendon Injury,2024-03-30T15:00:00+00:00
M. Guehi,67971,Crystal Palace,Missing Fixture,Knee Injury,2024-03-30T15:00:00+00:00
R. Holding,1440,Crystal Palace,Missing Fixture,Ankle Injury,2024-03-30T15:00:00+00:00
S. Johnstone,19143,Crystal Palace,Missing Fixture,Elbow Injury,2024-03-30T15:00:00+00:00
J. Rak-Sakyi,284449,Crystal Palace,Missing Fixture,Thigh Injury,2024-03-30T15:00:00+00:00
M. Olise,19617,Crystal Palace,Questionable,Muscle Injury,2024-03-30T15:00:00+00:00
C. Basham,19091,Sheffield Utd,Missing Fixture,Ankle Injury,2024-03-30T15:00:00+00:00
R. Brewster,303,Sheffield Utd,Missing Fixture,Thigh Injury,2024-03-30T15:00:00+00:00
J. Egan,19093,Sheffield Utd,Missing Fixture,Ankle Injury,2024-03-30T15:00:00+00:00
D. Jebbison,296458,Sheffield Utd,Missing Fixture,Muscle Injury,2024-03-30T15:00:00+00:00
M. Lowe,44809,Sheffield Utd,Missing Fixture,Ankle Injury,2024-03-30T15:00:00+00:00
R. Norrington-Davies,18331,Sheffield Utd,Missing Fixture,Thigh Injury,2024-03-30T15:00:00+00:00
C. Archer,137302,Sheffield Utd,Questionable,Calf Injury,2024-03-30T15:00:00+00:00
G. Baldock,19090,Sheffield Utd,Questionable,Calf Injury,2024-03-30T15:00:00+00:00
F. Forster,18932,Tottenham,Missing Fixture,Ankle Injury,2024-03-30T15:00:00+00:00
R. Sessegnon,19032,Tottenham,Missing Fixture,Thigh Injury,2024-03-30T15:00:00+00:00
M. Solomon,697,Tottenham,Missing Fixture,Knee Injury,2024-03-30T15:00:00+00:00
E. Adebayo,17641,Luton,Missing Fixture,Thigh Injury,2024-03-30T15:00:00+00:00
M. Andersen,15632,Luton,Missing Fixture,Calf Injury,2024-03-30T15:00:00+00:00
A. Bell,19466,Luton,Missing Fixture,Thigh Injury,2024-03-30T15:00:00+00:00
J. Brown,19802,Luton,Missing Fixture,Knee Injury,2024-03-30T15:00:00+00:00
T. Lockyer,20203,Luton,Missing Fixture,Heart Problems,2024-03-30T15:00:00+00:00
A. S. Lokonga,1427,Luton,Missing Fixture,Thigh Injury,2024-03-30T15:00:00+00:00
M. Nakamba,76,Luton,Missing Fixture,Knee Injury,2024-03-30T15:00:00+00:00
C. Ogbene,19365,Luton,Missing Fixture,Thigh Injury,2024-03-30T15:00:00+00:00
D. Potts,19756,Luton,Missing Fixture,Injury,2024-03-30T15:00:00+00:00
G. Osho,20206,Luton,Questionable,Knee Injury,2024-03-30T15:00:00+00:00
E. Buendia,19071,Aston Villa,Missing Fixture,Knee Injury,2024-03-30T17:30:00+00:00
M. Cash,19298,Aston Villa,Missing Fixture,Hamstring Injury,2024-03-30T17:30:00+00:00
B. Kamara,1904,Aston Villa,Missing Fixture,Knee Injury,2024-03-30T17:30:00+00:00
T. Mings,19179,Aston Villa,Missing Fixture,Knee Injury,2024-03-30T17:30:00+00:00
J. Ramsey,19192,Aston Villa,Questionable,Ankle Injury,2024-03-30T17:30:00+00:00
Hwang Hee-Chan,24888,Wolves,Missing Fixture,Thigh Injury,2024-03-30T17:30:00+00:00
P. Neto,1864,Wolves,Missing Fixture,Hamstring Injury,2024-03-30T17:30:00+00:00
J. Bellegarde,20665,Wolves,Questionable,Knee Injury,2024-03-30T17:30:00+00:00
C. Dawson,19147,Wolves,Questionable,Groin Injury,2024-03-30T17:30:00+00:00
J. Dasilva,19362,Brentford,Missing Fixture,Knee Injury,2024-03-30T20:00:00+00:00
R. Henry,19346,Brentford,Missing Fixture,Knee Injury,2024-03-30T20:00:00+00:00
A. Hickey,44871,Brentford,Missing Fixture,Thigh Injury,2024-03-30T20:00:00+00:00
B. Mee,18917,Brentford,Missing Fixture,Broken ankle,2024-03-30T20:00:00+00:00
S. Reguilon,739,Brentford,Missing Fixture,Red Card,2024-03-30T20:00:00+00:00
K. Schade,178077,Brentford,Missing Fixture,Hip Injury,2024-03-30T20:00:00+00:00
C. Norgaard,30407,Brentford,Questionable,Injury,2024-03-30T20:00:00+00:00
E. Pinnock,19789,Brentford,Questionable,Ankle Injury,2024-03-30T20:00:00+00:00
A. Diallo,157997,Manchester United,Missing Fixture,Red Card,2024-03-30T20:00:00+00:00
T. Malacia,37145,Manchester United,Missing Fixture,Knee Injury,2024-03-30T20:00:00+00:00
A. Martial,908,Manchester United,Missing Fixture,Surgery,2024-03-30T20:00:00+00:00
L. Shaw,891,Manchester United,Missing Fixture,Leg Injury,2024-03-30T20:00:00+00:00
A. Bayindir,50132,Manchester United,Questionable,Injury,2024-03-30T20:00:00+00:00
J. Evans,18772,Manchester United,Questionable,Injury,2024-03-30T20:00:00+00:00
T. Alexander-Arnold,283,Liverpool,Missing Fixture,Knee Injury,2024-03-31T13:00:00+00:00
Alisson,280,Liverpool,Missing Fixture,Muscle Injury,2024-03-31T13:00:00+00:00
S. Bajcetic,310187,Liverpool,Missing Fixture,Lacking Match Fitness,2024-03-31T13:00:00+00:00
Diogo Jota,2678,Liverpool,Missing Fixture,Knee Injury,2024-03-31T13:00:00+00:00
J. Matip,286,Liverpool,Missing Fixture,Knee Injury,2024-03-31T13:00:00+00:00
Thiago,507,Liverpool,Missing Fixture,Muscle Injury,2024-03-31T13:00:00+00:00
C. Jones,293,Liverpool,Questionable,Ankle Injury,2024-03-31T13:00:00+00:00
A. Robertson,289,Liverpool,Questionable,Ankle Injury,2024-03-31T13:00:00+00:00
J. Hinshelwood,305730,Brighton,Missing Fixture,Ankle Injury,2024-03-31T13:00:00+00:00
S. March,18973,Brighton,Missing Fixture,Knee Injury,2024-03-31T13:00:00+00:00
K. Mitoma,106835,Brighton,Missing Fixture,Back Injury,2024-03-31T13:00:00+00:00
Joao Pedro,10329,Brighton,Questionable,Thigh Injury,2024-03-31T13:00:00+00:00
J. Milner,296,Brighton,Questionable,Knee Injury,2024-03-31T13:00:00+00:00
K. Walker,627,Manchester City,Missing Fixture,Thigh Injury,2024-03-31T15:30:00+00:00
J. Timber,38746,Arsenal,Missing Fixture,Knee Injury,2024-03-31T15:30:00+00:00
S. Botman,38734,Newcastle,Missing Fixture,Knee Injury,2024-04-02T18:30:00+00:00
A. Gordon,138787,Newcastle,Missing Fixture,Red Card,2024-04-02T18:30:00+00:00
Joelinton,723,Newcastle,Missing Fixture,Thigh Injury,2024-04-02T18:30:00+00:00
J. Lascelles,18894,Newcastle,Missing Fixture,Knee Injury,2024-04-02T18:30:00+00:00
L. Miley,328105,Newcastle,Missing Fixture,Back Injury,2024-04-02T18:30:00+00:00
N. Pope,18911,Newcastle,Missing Fixture,Shoulder Injury,2024-04-02T18:30:00+00:00
S. Tonali,31146,Newcastle,Missing Fixture,Suspended,2024-04-02T18:30:00+00:00
C. Wilson,2939,Newcastle,Missing Fixture,Chest Injury,2024-04-02T18:30:00+00:00
M. Almiron,2507,Newcastle,Questionable,Knee Injury,2024-04-02T18:30:00+00:00
V. Livramento,158694,Newcastle,Questionable,Ankle Injury,2024-04-02T18:30:00+00:00
M. Targett,18941,Newcastle,Questionable,Achilles Tendon Injury,2024-04-02T18:30:00+00:00
K. Trippier,169,Newcastle,Questionable,Calf Injury,2024-04-02T18:30:00+00:00
D. Alli,172,Everton,Missing Fixture,Muscle Injury,2024-04-02T18:30:00+00:00
A. Danjuma,83,Everton,Missing Fixture,Ankle Injury,2024-04-02T18:30:00+00:00
L. Dobbin,153425,Everton,Missing Fixture,Ankle Injury,2024-04-02T18:30:00+00:00
T. Awoniyi,8598,Nottingham Forest,Missing Fixture,Muscle Injury,2024-04-02T18:30:00+00:00
W. Boly,18739,Nottingham Forest,Questionable,Muscle Injury,2024-04-02T18:30:00+00:00
N. Tavares,41577,Nottingham Forest,Questionable,Injury,2024-04-02T18:30:00+00:00
R. Fredericks,18815,Bournemouth,Missing Fixture,Calf Injury,2024-04-02T18:45:00+00:00
L. Sinisterra,37161,Bournemouth,Missing Fixture,Thigh Injury,2024-04-02T18:45:00+00:00
M. Senesi,6610,Bournemouth,Questionable,Thigh Injury,2024-04-02T18:45:00+00:00
C. Doucoure,3339,Crystal Palace,Missing Fixture,Achilles Tendon Injury,2024-04-02T18:45:00+00:00
M. Guehi,67971,Crystal Palace,Missing Fixture,Knee Injury,2024-04-02T18:45:00+00:00
R. Holding,1440,Crystal Palace,Missing Fixture,Ankle Injury,2024-04-02T18:45:00+00:00
S. Johnstone,19143,Crystal Palace,Missing Fixture,Elbow Injury,2024-04-02T18:45:00+00:00
Matheus Franca,311157,Crystal Palace,Missing Fixture,Muscle Injury,2024-04-02T18:45:00+00:00
J. Rak-Sakyi,284449,Crystal Palace,Missing Fixture,Thigh Injury,2024-04-02T18:45:00+00:00
M. Olise,19617,Crystal Palace,Questionable,Muscle Injury,2024-04-02T18:45:00+00:00
L. Assignon,180731,Burnley,Missing Fixture,Red Card,2024-04-02T18:45:00+00:00
L. Koleosho,359603,Burnley,Missing Fixture,Knee Injury,2024-04-02T18:45:00+00:00
V. Kompany,621,Burnley,Missing Fixture,Red Card,2024-04-02T18:45:00+00:00
A. Ramsey,278079,Burnley,Missing Fixture,Knee Injury,2024-04-02T18:45:00+00:00
N. Redmond,18948,Burnley,Missing Fixture,Muscle Injury,2024-04-02T18:45:00+00:00
A. Al Dakhil,323449,Burnley,Questionable,Injury,2024-04-02T18:45:00+00:00
J. Beyer,25628,Burnley,Questionable,Thigh Injury,2024-04-02T18:45:00+00:00
Hwang Hee-Chan,24888,Wolves,Missing Fixture,Thigh Injury,2024-04-02T18:45:00+00:00
P. Neto,1864,Wolves,Missing Fixture,Hamstring Injury,2024-04-02T18:45:00+00:00
J. Bellegarde,20665,Wolves,Questionable,Knee Injury,2024-04-02T18:45:00+00:00
C. Dawson,19147,Wolves,Questionable,Groin Injury,2024-04-02T18:45:00+00:00
E. Alvarez,2869,West Ham,Missing Fixture,Yellow Cards,2024-04-02T19:15:00+00:00
A. Areola,253,West Ham,Missing Fixture,Injury,2024-04-02T19:15:00+00:00
F. Forster,18932,Tottenham,Missing Fixture,Ankle Injury,2024-04-02T19:15:00+00:00
R. Sessegnon,19032,Tottenham,Missing Fixture,Thigh Injury,2024-04-02T19:15:00+00:00
M. Solomon,697,Tottenham,Missing Fixture,Knee Injury,2024-04-02T19:15:00+00:00
J. Timber,38746,Arsenal,Missing Fixture,Knee Injury,2024-04-03T18:30:00+00:00
B. Saka,1460,Arsenal,Questionable,Injury,2024-04-03T18:30:00+00:00
E. Adebayo,17641,Luton,Missing Fixture,Thigh Injury,2024-04-03T18:30:00+00:00
M. Andersen,15632,Luton,Missing Fixture,Calf Injury,2024-04-03T18:30:00+00:00
A. Bell,19466,Luton,Missing Fixture,Thigh Injury,2024-04-03T18:30:00+00:00
J. Brown,19802,Luton,Missing Fixture,Knee Injury,2024-04-03T18:30:00+00:00
T. Lockyer,20203,Luton,Missing Fixture,Heart Problems,2024-04-03T18:30:00+00:00
A. S. Lokonga,1427,Luton,Missing Fixture,Thigh Injury,2024-04-03T18:30:00+00:00
M. Nakamba,76,Luton,Missing Fixture,Knee Injury,2024-04-03T18:30:00+00:00
C. Ogbene,19365,Luton,Missing Fixture,Thigh Injury,2024-04-03T18:30:00+00:00
D. Potts,19756,Luton,Missing Fixture,Injury,2024-04-03T18:30:00+00:00
R. Burke,19408,Luton,Questionable,Calf Injury,2024-04-03T18:30:00+00:00
G. Osho,20206,Luton,Questionable,Knee Injury,2024-04-03T18:30:00+00:00
J. Dasilva,19362,Brentford,Missing Fixture,Knee Injury,2024-04-03T18:30:00+00:00
R. Henry,19346,Brentford,Missing Fixture,Knee Injury,2024-04-03T18:30:00+00:00
A. Hickey,44871,Brentford,Missing Fixture,Thigh Injury,2024-04-03T18:30:00+00:00
B. Mee,18917,Brentford,Missing Fixture,Broken ankle,2024-04-03T18:30:00+00:00
K. Schade,178077,Brentford,Missing Fixture,Hip Injury,2024-04-03T18:30:00+00:00
C. Norgaard,30407,Brentford,Questionable,Injury,2024-04-03T18:30:00+00:00
E. Pinnock,19789,Brentford,Questionable,Ankle Injury,2024-04-03T18:30:00+00:00
B. Gilmour,130423,Brighton,Missing Fixture,Knee Injury,2024-04-03T18:30:00+00:00
J. Hinshelwood,305730,Brighton,Missing Fixture,Ankle Injury,2024-04-03T18:30:00+00:00
S. March,18973,Brighton,Missing Fixture,Knee Injury,2024-04-03T18:30:00+00:00
J. Milner,296,Brighton,Missing Fixture,Knee Injury,2024-04-03T18:30:00+00:00
K. Mitoma,106835,Brighton,Missing Fixture,Back Injury,2024-04-03T18:30:00+00:00
N. Ake,18861,Manchester City,Missing Fixture,Muscle Injury,2024-04-03T19:15:00+00:00
K. Walker,627,Manchester City,Missing Fixture,Thigh Injury,2024-04-03T19:15:00+00:00
Ederson,617,Manchester City,Questionable,Muscle Injury,2024-04-03T19:15:00+00:00
E. Buendia,19071,Aston Villa,Missing Fixture,Knee Injury,2024-04-03T19:15:00+00:00
M. Cash,19298,Aston Villa,Missing Fixture,Hamstring Injury,2024-04-03T19:15:00+00:00
B. Kamara,1904,Aston Villa,Missing Fixture,Knee Injury,2024-04-03T19:15:00+00:00
T. Mings,19179,Aston Villa,Missing Fixture,Knee Injury,2024-04-03T19:15:00+00:00
O. Watkins,19366,Aston Villa,Missing Fixture,Thigh Injury,2024-04-03T19:15:00+00:00
J. Ramsey,19192,Aston Villa,Questionable,Ankle Injury,2024-04-03T19:15:00+00:00
T. Alexander-Arnold,283,Liverpool,Missing Fixture,Knee Injury,2024-04-04T18:30:00+00:00
Alisson,280,Liverpool,Missing Fixture,Muscle Injury,2024-04-04T18:30:00+00:00
S. Bajcetic,310187,Liverpool,Missing Fixture,Lacking Match Fitness,2024-04-04T18:30:00+00:00
Diogo Jota,2678,Liverpool,Missing Fixture,Knee Injury,2024-04-04T18:30:00+00:00
J. Matip,286,Liverpool,Missing Fixture,Knee Injury,2024-04-04T18:30:00+00:00
Thiago,507,Liverpool,Missing Fixture,Muscle Injury,2024-04-04T18:30:00+00:00
W. Endo,8500,Liverpool,Questionable,Knock,2024-04-04T18:30:00+00:00
G. Baldock,19090,Sheffield Utd,Missing Fixture,Calf Injury,2024-04-04T18:30:00+00:00
C. Basham,19091,Sheffield Utd,Missing Fixture,Ankle Injury,2024-04-04T18:30:00+00:00
R. Brewster,303,Sheffield Utd,Missing Fixture,Thigh Injury,2024-04-04T18:30:00+00:00
T. Davies,18762,Sheffield Utd,Missing Fixture,Knock,2024-04-04T18:30:00+00:00
J. Egan,19093,Sheffield Utd,Missing Fixture,Ankle Injury,2024-04-04T18:30:00+00:00
D. Jebbison,296458,Sheffield Utd,Missing Fixture,Muscle Injury,2024-04-04T18:30:00+00:00
M. Lowe,44809,Sheffield Utd,Missing Fixture,Ankle Injury,2024-04-04T18:30:00+00:00
R. Norrington-Davies,18331,Sheffield Utd,Missing Fixture,Thigh Injury,2024-04-04T18:30:00+00:00
C. Archer,137302,Sheffield Utd,Questionable,Calf Injury,2024-04-04T18:30:00+00:00
L. Colwill,152953,Chelsea,Missing Fixture,Ankle Injury,2024-04-04T19:15:00+00:00
W. Fofana,22094,Chelsea,Missing Fixture,Knee Injury,2024-04-04T19:15:00+00:00
R. James,19545,Chelsea,Missing Fixture,Thigh Injury,2024-04-04T19:15:00+00:00
R. Lavia,282125,Chelsea,Missing Fixture,Injury,2024-04-04T19:15:00+00:00
C. Nkunku,269,Chelsea,Missing Fixture,Injury,2024-04-04T19:15:00+00:00
L. Ugochukwu,270508,Chelsea,Missing Fixture,Thigh Injury,2024-04-04T19:15:00+00:00
B. Chilwell,2933,Chelsea,Questionable,Knee Injury,2024-04-04T19:15:00+00:00
R. Sanchez,18959,Chelsea,Questionable,Injury,2024-04-04T19:15:00+00:00
V. Lindelof,889,Manchester United,Missing Fixture,Hamstring Injury,2024-04-04T19:15:00+00:00
T. Malacia,37145,Manchester United,Missing Fixture,Knee Injury,2024-04-04T19:15:00+00:00
A. Martial,908,Manchester United,Missing Fixture,Surgery,2024-04-04T19:15:00+00:00
L. Martinez,2467,Manchester United,Missing Fixture,Calf Injury,2024-04-04T19:15:00+00:00
L. Shaw,891,Manchester United,Missing Fixture,Leg Injury,2024-04-04T19:15:00+00:00
A. Bayindir,50132,Manchester United,Questionable,Injury,2024-04-04T19:15:00+00:00
C. Doucoure,3339,Crystal Palace,Missing Fixture,Achilles Tendon Injury,2024-04-06T11:30:00+00:00
M. Guehi,67971,Crystal Palace,Missing Fixture,Knee Injury,2024-04-06T11:30:00+00:00
R. Holding,1440,Crystal Palace,Missing Fixture,Ankle Injury,2024-04-06T11:30:00+00:00
S. Johnstone,19143,Crystal Palace,Missing Fixture,Elbow Injury,2024-04-06T11:30:00+00:00
Matheus Franca,311157,Crystal Palace,Missing Fixture,Muscle Injury,2024-04-06T11:30:00+00:00
C. Richards,126949,Crystal Palace,Missing Fixture,Knee Injury,2024-04-06T11:30:00+00:00
J. Rak-Sakyi,284449,Crystal Palace,Questionable,Thigh Injury,2024-04-06T11:30:00+00:00
N. Ake,18861,Manchester City,Missing Fixture,Muscle Injury,2024-04-06T11:30:00+00:00
K. Walker,627,Manchester City,Missing Fixture,Thigh Injury,2024-04-06T11:30:00+00:00
E. Buendia,19071,Aston Villa,Missing Fixture,Knee Injury,2024-04-06T14:00:00+00:00
M. Cash,19298,Aston Villa,Missing Fixture,Hamstring Injury,2024-04-06T14:00:00+00:00
B. Kamara,1904,Aston Villa,Missing Fixture,Knee Injury,2024-04-06T14:00:00+00:00
T. Mings,19179,Aston Villa,Missing Fixture,Knee Injury,2024-04-06T14:00:00+00:00
J. Ramsey,19192,Aston Villa,Missing Fixture,Foot Injury,2024-04-06T14:00:00+00:00
J. Dasilva,19362,Brentford,Missing Fixture,Knee Injury,2024-04-06T14:00:00+00:00
R. Henry,19346,Brentford,Missing Fixture,Knee Injury,2024-04-06T14:00:00+00:00
A. Hickey,44871,Brentford,Missing Fixture,Thigh Injury,2024-04-06T14:00:00+00:00
B. Mee,18917,Brentford,Missing Fixture,Broken ankle,2024-04-06T14:00:00+00:00
C. Norgaard,30407,Brentford,Questionable,Injury,2024-04-06T14:00:00+00:00
E. Pinnock,19789,Brentford,Questionable,Ankle Injury,2024-04-06T14:00:00+00:00
K. Schade,178077,Brentford,Questionable,Hip Injury,2024-04-06T14:00:00+00:00
D. Alli,172,Everton,Missing Fixture,Muscle Injury,2024-04-06T14:00:00+00:00
L. Dobbin,153425,Everton,Missing Fixture,Ankle Injury,2024-04-06T14:00:00+00:00
A. Danjuma,83,Everton,Questionable,Ankle Injury,2024-04-06T14:00:00+00:00
L. Koleosho,359603,Burnley,Missing Fixture,Knee Injury,2024-04-06T14:00:00+00:00
A. Ramsey,278079,Burnley,Missing Fixture,Knee Injury,2024-04-06T14:00:00+00:00
N. Redmond,18948,Burnley,Missing Fixture,Muscle Injury,2024-04-06T14:00:00+00:00
A. Al Dakhil,323449,Burnley,Questionable,Injury,2024-04-06T14:00:00+00:00
J. Beyer,25628,Burnley,Questionable,Thigh Injury,2024-04-06T14:00:00+00:00
M. Almiron,2507,Newcastle,Missing Fixture,Knee Injury,2024-04-06T14:00:00+00:00
S. Botman,38734,Newcastle,Missing Fixture,Knee Injury,2024-04-06T14:00:00+00:00
Joelinton,723,Newcastle,Missing Fixture,Thigh Injury,2024-04-06T14:00:00+00:00
J. Lascelles,18894,Newcastle,Missing Fixture,Knee Injury,2024-04-06T14:00:00+00:00
V. Livramento,158694,Newcastle,Missing Fixture,Ankle Injury,2024-04-06T14:00:00+00:00
L. Miley,328105,Newcastle,Missing Fixture,Back Injury,2024-04-06T14:00:00+00:00
N. Pope,18911,Newcastle,Missing Fixture,Shoulder Injury,2024-04-06T14:00:00+00:00
S. Tonali,31146,Newcastle,Missing Fixture,Suspended,2024-04-06T14:00:00+00:00
K. Trippier,169,Newcastle,Missing Fixture,Calf Injury,2024-04-06T14:00:00+00:00
C. Wilson,2939,Newcastle,Missing Fixture,Chest Injury,2024-04-06T14:00:00+00:00
M. Targett,18941,Newcastle,Questionable,Achilles Tendon Injury,2024-04-06T14:00:00+00:00
E. Adebayo,17641,Luton,Missing Fixture,Thigh Injury,2024-04-06T14:00:00+00:00
M. Andersen,15632,Luton,Missing Fixture,Calf Injury,2024-04-06T14:00:00+00:00
A. Bell,19466,Luton,Missing Fixture,Thigh Injury,2024-04-06T14:00:00+00:00
J. Brown,19802,Luton,Missing Fixture,Knee Injury,2024-04-06T14:00:00+00:00
T. Lockyer,20203,Luton,Missing Fixture,Heart Problems,2024-04-06T14:00:00+00:00
A. S. Lokonga,1427,Luton,Missing Fixture,Thigh Injury,2024-04-06T14:00:00+00:00
M. Nakamba,76,Luton,Missing Fixture,Knee Injury,2024-04-06T14:00:00+00:00
C. Ogbene,19365,Luton,Missing Fixture,Thigh Injury,2024-04-06T14:00:00+00:00
G. Osho,20206,Luton,Missing Fixture,Knee Injury,2024-04-06T14:00:00+00:00
D. Potts,19756,Luton,Missing Fixture,Injury,2024-04-06T14:00:00+00:00
R. Fredericks,18815,Bournemouth,Missing Fixture,Calf Injury,2024-04-06T14:00:00+00:00
L. Sinisterra,37161,Bournemouth,Missing Fixture,Thigh Injury,2024-04-06T14:00:00+00:00
C. Mepham,18866,Bournemouth,Questionable,Illness,2024-04-06T14:00:00+00:00
J. Bellegarde,20665,Wolves,Missing Fixture,Knee Injury,2024-04-06T14:00:00+00:00
P. Neto,1864,Wolves,Missing Fixture,Hamstring Injury,2024-04-06T14:00:00+00:00
Hwang Hee-Chan,24888,Wolves,Questionable,Thigh Injury,2024-04-06T14:00:00+00:00
A. Areola,253,West Ham,Missing Fixture,Injury,2024-04-06T14:00:00+00:00
B. Gilmour,130423,Brighton,Missing Fixture,Knee Injury,2024-04-06T16:30:00+00:00
J. Hinshelwood,305730,Brighton,Missing Fixture,Ankle Injury,2024-04-06T16:30:00+00:00
S. March,18973,Brighton,Missing Fixture,Knee Injury,2024-04-06T16:30:00+00:00
J. Milner,296,Brighton,Missing Fixture,Knee Injury,2024-04-06T16:30:00+00:00
K. Mitoma,106835,Brighton,Missing Fixture,Back Injury,2024-04-06T16:30:00+00:00
A. Webster,19265,Brighton,Missing Fixture,Knock,2024-04-06T16:30:00+00:00
E. Ferguson,129643,Brighton,Questionable,Ankle Injury,2024-04-06T16:30:00+00:00
J. Timber,38746,Arsenal,Missing Fixture,Knee Injury,2024-04-06T16:30:00+00:00
V. Lindelof,889,Manchester United,Missing Fixture,Hamstring Injury,2024-04-07T14:30:00+00:00
T. Malacia,37145,Manchester United,Missing Fixture,Knee Injury,2024-04-07T14:30:00+00:00
A. Martial,908,Manchester United,Missing Fixture,Surgery,2024-04-07T14:30:00+00:00
L. Martinez,2467,Manchester United,Missing Fixture,Calf Injury,2024-04-07T14:30:00+00:00
S. McTominay,903,Manchester United,Missing Fixture,Injury,2024-04-07T14:30:00+00:00
L. Shaw,891,Manchester United,Missing Fixture,Leg Injury,2024-04-07T14:30:00+00:00
R. Varane,742,Manchester United,Missing Fixture,Injury,2024-04-07T14:30:00+00:00
J. Evans,18772,Manchester United,Questionable,Injury,2024-04-07T14:30:00+00:00
T. Alexander-Arnold,283,Liverpool,Missing Fixture,Knee Injury,2024-04-07T14:30:00+00:00
Alisson,280,Liverpool,Missing Fixture,Muscle Injury,2024-04-07T14:30:00+00:00
S. Bajcetic,310187,Liverpool,Missing Fixture,Lacking Match Fitness,2024-04-07T14:30:00+00:00
Diogo Jota,2678,Liverpool,Missing Fixture,Knee Injury,2024-04-07T14:30:00+00:00
J. Matip,286,Liverpool,Missing Fixture,Knee Injury,2024-04-07T14:30:00+00:00
Thiago,507,Liverpool,Missing Fixture,Muscle Injury,2024-04-07T14:30:00+00:00
G. Baldock,19090,Sheffield Utd,Missing Fixture,Calf Injury,2024-04-07T16:30:00+00:00
C. Basham,19091,Sheffield Utd,Missing Fixture,Ankle Injury,2024-04-07T16:30:00+00:00
R. Brewster,303,Sheffield Utd,Missing Fixture,Thigh Injury,2024-04-07T16:30:00+00:00
T. Davies,18762,Sheffield Utd,Missing Fixture,Knock,2024-04-07T16:30:00+00:00
J. Egan,19093,Sheffield Utd,Missing Fixture,Ankle Injury,2024-04-07T16:30:00+00:00
D. Jebbison,296458,Sheffield Utd,Missing Fixture,Muscle Injury,2024-04-07T16:30:00+00:00
M. Lowe,44809,Sheffield Utd,Missing Fixture,Ankle Injury,2024-04-07T16:30:00+00:00
R. Norrington-Davies,18331,Sheffield Utd,Missing Fixture,Thigh Injury,2024-04-07T16:30:00+00:00
L. Colwill,152953,Chelsea,Missing Fixture,Ankle Injury,2024-04-07T16:30:00+00:00
W. Fofana,22094,Chelsea,Missing Fixture,Knee Injury,2024-04-07T16:30:00+00:00
R. James,19545,Chelsea,Missing Fixture,Thigh Injury,2024-04-07T16:30:00+00:00
R. Lavia,282125,Chelsea,Missing Fixture,Injury,2024-04-07T16:30:00+00:00
C. Nkunku,269,Chelsea,Missing Fixture,Injury,2024-04-07T16:30:00+00:00
L. Ugochukwu,270508,Chelsea,Missing Fixture,Thigh Injury,2024-04-07T16:30:00+00:00
B. Chilwell,2933,Chelsea,Questionable,Knee Injury,2024-04-07T16:30:00+00:00
R. Sanchez,18959,Chelsea,Questionable,Injury,2024-04-07T16:30:00+00:00
F. Forster,18932,Tottenham,Missing Fixture,Ankle Injury,2024-04-07T17:00:00+00:00
Richarlison,2413,Tottenham,Missing Fixture,Knee Injury,2024-04-07T17:00:00+00:00
R. Sessegnon,19032,Tottenham,Missing Fixture,Thigh Injury,2024-04-07T17:00:00+00:00
M. Solomon,697,Tottenham,Missing Fixture,Knee Injury,2024-04-07T17:00:00+00:00
T. Awoniyi,8598,Nottingham Forest,Missing Fixture,Muscle Injury,2024-04-07T17:00:00+00:00
W. Boly,18739,Nottingham Forest,Missing Fixture,Muscle Injury,2024-04-07T17:00:00+00:00
N. Tavares,41577,Nottingham Forest,Missing Fixture,Injury,2024-04-07T17:00:00+00:00
M. Almiron,2507,Newcastle,Missing Fixture,Knee Injury,2024-04-13T11:30:00+00:00
S. Botman,38734,Newcastle,Missing Fixture,Knee Injury,2024-04-13T11:30:00+00:00
Joelinton,723,Newcastle,Missing Fixture,Thigh Injury,2024-04-13T11:30:00+00:00
J. Lascelles,18894,Newcastle,Missing Fixture,Knee Injury,2024-04-13T11:30:00+00:00
L. Miley,328105,Newcastle,Missing Fixture,Back Injury,2024-04-13T11:30:00+00:00
N. Pope,18911,Newcastle,Missing Fixture,Shoulder Injury,2024-04-13T11:30:00+00:00
S. Tonali,31146,Newcastle,Missing Fixture,Suspended,2024-04-13T11:30:00+00:00
K. Trippier,169,Newcastle,Missing Fixture,Calf Injury,2024-04-13T11:30:00+00:00
J. Willock,1463,Newcastle,Missing Fixture,Achilles Tendon Injury,2024-04-13T11:30:00+00:00
C. Wilson,2939,Newcastle,Missing Fixture,Chest Injury,2024-04-13T11:30:00+00:00
M. Targett,18941,Newcastle,Questionable,Achilles Tendon Injury,2024-04-13T11:30:00+00:00
F. Forster,18932,Tottenham,Missing Fixture,Ankle Injury,2024-04-13T11:30:00+00:00
Richarlison,2413,Tottenham,Missing Fixture,Knee Injury,2024-04-13T11:30:00+00:00
R. Sessegnon,19032,Tottenham,Missing Fixture,Thigh Injury,2024-04-13T11:30:00+00:00
M. Solomon,697,Tottenham,Missing Fixture,Knee Injury,2024-04-13T11:30:00+00:00
J. Dasilva,19362,Brentford,Missing Fixture,Knee Injury,2024-04-13T14:00:00+00:00
R. Henry,19346,Brentford,Missing Fixture,Knee Injury,2024-04-13T14:00:00+00:00
A. Hickey,44871,Brentford,Missing Fixture,Thigh Injury,2024-04-13T14:00:00+00:00
B. Mee,18917,Brentford,Missing Fixture,Broken ankle,2024-04-13T14:00:00+00:00
C. Norgaard,30407,Brentford,Questionable,Injury,2024-04-13T14:00:00+00:00
G. Baldock,19090,Sheffield Utd,Missing Fixture,Calf Injury,2024-04-13T14:00:00+00:00
C. Basham,19091,Sheffield Utd,Missing Fixture,Ankle Injury,2024-04-13T14:00:00+00:00
R. Brewster,303,Sheffield Utd,Missing Fixture,Thigh Injury,2024-04-13T14:00:00+00:00
T. Davies,18762,Sheffield Utd,Missing Fixture,Knock,2024-04-13T14:00:00+00:00
J. Egan,19093,Sheffield Utd,Missing Fixture,Ankle Injury,2024-04-13T14:00:00+00:00
D. Jebbison,296458,Sheffield Utd,Missing Fixture,Muscle Injury,2024-04-13T14:00:00+00:00
M. Lowe,44809,Sheffield Utd,Missing Fixture,Ankle Injury,2024-04-13T14:00:00+00:00
R. Norrington-Davies,18331,Sheffield Utd,Missing Fixture,Thigh Injury,2024-04-13T14:00:00+00:00
J. Robinson,19294,Sheffield Utd,Questionable,Ankle Injury,2024-04-13T14:00:00+00:00
A. Al Dakhil,323449,Burnley,Missing Fixture,Injury,2024-04-13T14:00:00+00:00
J. Beyer,25628,Burnley,Missing Fixture,Thigh Injury,2024-04-13T14:00:00+00:00
L. Koleosho,359603,Burnley,Missing Fixture,Knee Injury,2024-04-13T14:00:00+00:00
D. O'Shea,17597,Burnley,Missing Fixture,Red Card,2024-04-13T14:00:00+00:00
A. Ramsey,278079,Burnley,Missing Fixture,Knee Injury,2024-04-13T14:00:00+00:00
N. Redmond,18948,Burnley,Missing Fixture,Muscle Injury,2024-04-13T14:00:00+00:00
J. Enciso,70747,Brighton,Missing Fixture,Knock,2024-04-13T14:00:00+00:00
E. Ferguson,129643,Brighton,Missing Fixture,Ankle Injury,2024-04-13T14:00:00+00:00
B. Gilmour,130423,Brighton,Missing Fixture,Knee Injury,2024-04-13T14:00:00+00:00
J. Hinshelwood,305730,Brighton,Missing Fixture,Ankle Injury,2024-04-13T14:00:00+00:00
T. Lamptey,138815,Brighton,Missing Fixture,Muscle Injury,2024-04-13T14:00:00+00:00
S. March,18973,Brighton,Missing Fixture,Knee Injury,2024-04-13T14:00:00+00:00
J. Milner,296,Brighton,Missing Fixture,Knee Injury,2024-04-13T14:00:00+00:00
K. Mitoma,106835,Brighton,Missing Fixture,Back Injury,2024-04-13T14:00:00+00:00
A. Webster,19265,Brighton,Missing Fixture,Knock,2024-04-13T14:00:00+00:00
E. Adebayo,17641,Luton,Missing Fixture,Thigh Injury,2024-04-13T14:00:00+00:00
M. Andersen,15632,Luton,Missing Fixture,Calf Injury,2024-04-13T14:00:00+00:00
A. Bell,19466,Luton,Missing Fixture,Thigh Injury,2024-04-13T14:00:00+00:00
J. Brown,19802,Luton,Missing Fixture,Knee Injury,2024-04-13T14:00:00+00:00
I. Kabore,140947,Luton,Missing Fixture,Loan agreement,2024-04-13T14:00:00+00:00
T. Lockyer,20203,Luton,Missing Fixture,Heart Problems,2024-04-13T14:00:00+00:00
A. S. Lokonga,1427,Luton,Missing Fixture,Thigh Injury,2024-04-13T14:00:00+00:00
M. Nakamba,76,Luton,Missing Fixture,Knee Injury,2024-04-13T14:00:00+00:00
C. Ogbene,19365,Luton,Missing Fixture,Thigh Injury,2024-04-13T14:00:00+00:00
G. Osho,20206,Luton,Missing Fixture,Knee Injury,2024-04-13T14:00:00+00:00
D. Potts,19756,Luton,Missing Fixture,Injury,2024-04-13T14:00:00+00:00
T. Awoniyi,8598,Nottingham Forest,Missing Fixture,Muscle Injury,2024-04-13T14:00:00+00:00
W. Boly,18739,Nottingham Forest,Missing Fixture,Muscle Injury,2024-04-13T14:00:00+00:00
J. Bellegarde,20665,Wolves,Missing Fixture,Knee Injury,2024-04-13T14:00:00+00:00
P. Neto,1864,Wolves,Missing Fixture,Hamstring Injury,2024-04-13T14:00:00+00:00
R. Ait-Nouri,21138,Wolves,Questionable,Calf Injury,2024-04-13T14:00:00+00:00
R. Fredericks,18815,Bournemouth,Missing Fixture,Calf Injury,2024-04-13T16:30:00+00:00
M. Tavernier,19245,Bournemouth,Missing Fixture,Thigh Injury,2024-04-13T16:30:00+00:00
T. Adams,1150,Bournemouth,Questionable,Injury,2024-04-13T16:30:00+00:00
C. Mepham,18866,Bournemouth,Questionable,Illness,2024-04-13T16:30:00+00:00
A. Semenyo,19281,Bournemouth,Questionable,Injury,2024-04-13T16:30:00+00:00
J. Evans,18772,Manchester United,Missing Fixture,Injury,2024-04-13T16:30:00+00:00
V. Lindelof,889,Manchester United,Missing Fixture,Hamstring Injury,2024-04-13T16:30:00+00:00
T. Malacia,37145,Manchester United,Missing Fixture,Knee Injury,2024-04-13T16:30:00+00:00
A. Martial,908,Manchester United,Missing Fixture,Surgery,2024-04-13T16:30:00+00:00
L. Martinez,2467,Manchester United,Missing Fixture,Calf Injury,2024-04-13T16:30:00+00:00
S. McTominay,903,Manchester United,Missing Fixture,Injury,2024-04-13T16:30:00+00:00
L. Shaw,891,Manchester United,Missing Fixture,Leg Injury,2024-04-13T16:30:00+00:00
R. Varane,742,Manchester United,Missing Fixture,Injury,2024-04-13T16:30:00+00:00
J. Matip,286,Liverpool,Missing Fixture,Knee Injury,2024-04-14T13:00:00+00:00
Thiago,507,Liverpool,Missing Fixture,Muscle Injury,2024-04-14T13:00:00+00:00
B. Doak,343576,Liverpool,Questionable,Knee Injury,2024-04-14T13:00:00+00:00
C. Doucoure,3339,Crystal Palace,Missing Fixture,Achilles Tendon Injury,2024-04-14T13:00:00+00:00
M. Guehi,67971,Crystal Palace,Missing Fixture,Knee Injury,2024-04-14T13:00:00+00:00
R. Holding,1440,Crystal Palace,Missing Fixture,Ankle Injury,2024-04-14T13:00:00+00:00
S. Johnstone,19143,Crystal Palace,Missing Fixture,Elbow Injury,2024-04-14T13:00:00+00:00
Matheus Franca,311157,Crystal Palace,Missing Fixture,Muscle Injury,2024-04-14T13:00:00+00:00
C. Richards,126949,Crystal Palace,Missing Fixture,Knee Injury,2024-04-14T13:00:00+00:00
J. Rak-Sakyi,284449,Crystal Palace,Questionable,Thigh Injury,2024-04-14T13:00:00+00:00
A. Areola,253,West Ham,Missing Fixture,Groin Injury,2024-04-14T13:00:00+00:00
J. Bowen,19428,West Ham,Missing Fixture,Hip Injury,2024-04-14T13:00:00+00:00
K. Phillips,19130,West Ham,Missing Fixture,Thigh Injury,2024-04-14T13:00:00+00:00
J. Timber,38746,Arsenal,Missing Fixture,Knee Injury,2024-04-14T15:30:00+00:00
E. Buendia,19071,Aston Villa,Missing Fixture,Knee Injury,2024-04-14T15:30:00+00:00
Douglas Luiz,47522,Aston Villa,Missing Fixture,Yellow Cards,2024-04-14T15:30:00+00:00
B. Kamara,1904,Aston Villa,Missing Fixture,Knee Injury,2024-04-14T15:30:00+00:00
T. Mings,19179,Aston Villa,Missing Fixture,Knee Injury,2024-04-14T15:30:00+00:00
J. Ramsey,19192,Aston Villa,Missing Fixture,Foot Injury,2024-04-14T15:30:00+00:00
W. Fofana,22094,Chelsea,Missing Fixture,Knee Injury,2024-04-15T19:00:00+00:00
R. James,19545,Chelsea,Missing Fixture,Thigh Injury,2024-04-15T19:00:00+00:00
R. Lavia,282125,Chelsea,Missing Fixture,Injury,2024-04-15T19:00:00+00:00
C. Nkunku,269,Chelsea,Missing Fixture,Injury,2024-04-15T19:00:00+00:00
L. Ugochukwu,270508,Chelsea,Missing Fixture,Thigh Injury,2024-04-15T19:00:00+00:00
A. Disasi,21998,Chelsea,Questionable,Injury,2024-04-15T19:00:00+00:00
E. Fernandez,5996,Chelsea,Questionable,Injury,2024-04-15T19:00:00+00:00
R. Sanchez,18959,Chelsea,Questionable,Illness,2024-04-15T19:00:00+00:00
R. Sterling,645,Chelsea,Questionable,Illness,2024-04-15T19:00:00+00:00
D. Alli,172,Everton,Missing Fixture,Muscle Injury,2024-04-15T19:00:00+00:00
L. Dobbin,153425,Everton,Missing Fixture,Ankle Injury,2024-04-15T19:00:00+00:00
E. Adebayo,17641,Luton,Missing Fixture,Thigh Injury,2024-04-20T14:00:00+00:00
M. Andersen,15632,Luton,Missing Fixture,Calf Injury,2024-04-20T14:00:00+00:00
A. Bell,19466,Luton,Missing Fixture,Thigh Injury,2024-04-20T14:00:00+00:00
J. Brown,19802,Luton,Missing Fixture,Knee Injury,2024-04-20T14:00:00+00:00
T. Lockyer,20203,Luton,Missing Fixture,Heart Problems,2024-04-20T14:00:00+00:00
M. Nakamba,76,Luton,Missing Fixture,Knee Injury,2024-04-20T14:00:00+00:00
C. Ogbene,19365,Luton,Missing Fixture,Thigh Injury,2024-04-20T14:00:00+00:00
D. Potts,19756,Luton,Missing Fixture,Injury,2024-04-20T14:00:00+00:00
J. Dasilva,19362,Brentford,Missing Fixture,Knee Injury,2024-04-20T14:00:00+00:00
R. Henry,19346,Brentford,Missing Fixture,Knee Injury,2024-04-20T14:00:00+00:00
A. Hickey,44871,Brentford,Missing Fixture,Thigh Injury,2024-04-20T14:00:00+00:00
B. Mee,18917,Brentford,Missing Fixture,Broken ankle,2024-04-20T14:00:00+00:00
G. Baldock,19090,Sheffield Utd,Missing Fixture,Calf Injury,2024-04-20T14:00:00+00:00
C. Basham,19091,Sheffield Utd,Missing Fixture,Ankle Injury,2024-04-20T14:00:00+00:00
T. Davies,18762,Sheffield Utd,Missing Fixture,Knock,2024-04-20T14:00:00+00:00
J. Egan,19093,Sheffield Utd,Missing Fixture,Ankle Injury,2024-04-20T14:00:00+00:00
D. Jebbison,296458,Sheffield Utd,Missing Fixture,Muscle Injury,2024-04-20T14:00:00+00:00
M. Lowe,44809,Sheffield Utd,Missing Fixture,Ankle Injury,2024-04-20T14:00:00+00:00
R. Norrington-Davies,18331,Sheffield Utd,Missing Fixture,Thigh Injury,2024-04-20T14:00:00+00:00
R. Brewster,303,Sheffield Utd,Questionable,Thigh Injury,2024-04-20T14:00:00+00:00
J. Robinson,19294,Sheffield Utd,Questionable,Ankle Injury,2024-04-20T14:00:00+00:00
A. Al Dakhil,323449,Burnley,Missing Fixture,Injury,2024-04-20T14:00:00+00:00
J. Beyer,25628,Burnley,Missing Fixture,Thigh Injury,2024-04-20T14:00:00+00:00
L. Koleosho,359603,Burnley,Missing Fixture,Knee Injury,2024-04-20T14:00:00+00:00
A. Ramsey,278079,Burnley,Missing Fixture,Knee Injury,2024-04-20T14:00:00+00:00
N. Redmond,18948,Burnley,Missing Fixture,Muscle Injury,2024-04-20T14:00:00+00:00
J. Bellegarde,20665,Wolves,Missing Fixture,Knee Injury,2024-04-20T18:30:00+00:00
L. Chiwome,380653,Wolves,Missing Fixture,Ankle Injury,2024-04-20T18:30:00+00:00
M. Cunha,1165,Wolves,Missing Fixture,Calf Injury,2024-04-20T18:30:00+00:00
C. Dawson,19147,Wolves,Missing Fixture,Groin Injury,2024-04-20T18:30:00+00:00
N. Lemina,338856,Wolves,Missing Fixture,Thigh Injury,2024-04-20T18:30:00+00:00
P. Neto,1864,Wolves,Missing Fixture,Hamstring Injury,2024-04-20T18:30:00+00:00
N. Semedo,130,Wolves,Questionable,Calf Injury,2024-04-20T18:30:00+00:00
J. Timber,38746,Arsenal,Missing Fixture,Coach's decision,2024-04-20T18:30:00+00:00
T. Tomiyasu,2597,Arsenal,Missing Fixture,Health problems,2024-04-20T18:30:00+00:00
D. Alli,172,Everton,Missing Fixture,Muscle Injury,2024-04-21T12:30:00+00:00
L. Dobbin,153425,Everton,Missing Fixture,Ankle Injury,2024-04-21T12:30:00+00:00
N. Patterson,138417,Everton,Missing Fixture,Thigh Injury,2024-04-21T12:30:00+00:00
S. Coleman,18758,Everton,Questionable,Groin Injury,2024-04-21T12:30:00+00:00
T. Awoniyi,8598,Nottingham Forest,Missing Fixture,Muscle Injury,2024-04-21T12:30:00+00:00
W. Boly,18739,Nottingham Forest,Missing Fixture,Muscle Injury,2024-04-21T12:30:00+00:00
E. Buendia,19071,Aston Villa,Missing Fixture,Knee Injury,2024-04-21T14:00:00+00:00
Douglas Luiz,47522,Aston Villa,Missing Fixture,Yellow Cards,2024-04-21T14:00:00+00:00
B. Kamara,1904,Aston Villa,Missing Fixture,Knee Injury,2024-04-21T14:00:00+00:00
T. Mings,19179,Aston Villa,Missing Fixture,Knee Injury,2024-04-21T14:00:00+00:00
A. Moreno,47547,Aston Villa,Missing Fixture,Calf Injury,2024-04-21T14:00:00+00:00
J. Ramsey,19192,Aston Villa,Missing Fixture,Foot Injury,2024-04-21T14:00:00+00:00
N. Zaniolo,786,Aston Villa,Missing Fixture,Muscle Injury,2024-04-21T14:00:00+00:00
R. Fredericks,18815,Bournemouth,Missing Fixture,Calf Injury,2024-04-21T14:00:00+00:00
L. Sinisterra,37161,Bournemouth,Missing Fixture,Injury,2024-04-21T14:00:00+00:00
M. Tavernier,19245,Bournemouth,Missing Fixture,Thigh Injury,2024-04-21T14:00:00+00:00
T. Adams,1150,Bournemouth,Questionable,Injury,2024-04-21T14:00:00+00:00
C. Mepham,18866,Bournemouth,Questionable,Illness,2024-04-21T14:00:00+00:00
C. Doucoure,3339,Crystal Palace,Missing Fixture,Achilles Tendon Injury,2024-04-21T14:00:00+00:00
M. Guehi,67971,Crystal Palace,Missing Fixture,Knee Injury,2024-04-21T14:00:00+00:00
S. Johnstone,19143,Crystal Palace,Missing Fixture,Elbow Injury,2024-04-21T14:00:00+00:00
J. Lerma,2490,Crystal Palace,Missing Fixture,Thigh Injury,2024-04-21T14:00:00+00:00
Matheus Franca,311157,Crystal Palace,Missing Fixture,Muscle Injury,2024-04-21T14:00:00+00:00
J. Bowen,19428,West Ham,Missing Fixture,Injury,2024-04-21T14:00:00+00:00
G. Earthy,291363,West Ham,Missing Fixture,Concussion,2024-04-21T14:00:00+00:00
N. Aguerd,21694,West Ham,Questionable,Ankle Injury,2024-04-21T14:00:00+00:00
K. Mavropanos,1445,West Ham,Questionable,Knock,2024-04-21T14:00:00+00:00
C. Bradley,180317,Liverpool,Missing Fixture,Ankle Injury,2024-04-21T15:30:00+00:00
B. Doak,343576,Liverpool,Missing Fixture,Knee Injury,2024-04-21T15:30:00+00:00
J. Matip,286,Liverpool,Missing Fixture,Knee Injury,2024-04-21T15:30:00+00:00
Thiago,507,Liverpool,Missing Fixture,Muscle Injury,2024-04-21T15:30:00+00:00
L. Colwill,152953,Chelsea,Missing Fixture,Injury,2024-04-23T19:00:00+00:00
W. Fofana,22094,Chelsea,Missing Fixture,Knee Injury,2024-04-23T19:00:00+00:00
M. Gusto,161907,Chelsea,Missing Fixture,Knee Injury,2024-04-23T19:00:00+00:00
R. James,19545,Chelsea,Missing Fixture,Thigh Injury,2024-04-23T19:00:00+00:00
R. Lavia,282125,Chelsea,Missing Fixture,Injury,2024-04-23T19:00:00+00:00
C. Nkunku,269,Chelsea,Missing Fixture,Injury,2024-04-23T19:00:00+00:00
R. Sanchez,18959,Chelsea,Missing Fixture,Illness,2024-04-23T19:00:00+00:00
L. Ugochukwu,270508,Chelsea,Missing Fixture,Thigh Injury,2024-04-23T19:00:00+00:00
B. Chilwell,2933,Chelsea,Questionable,Knee Injury,2024-04-23T19:00:00+00:00
C. Palmer,152982,Chelsea,Questionable,Illness,2024-04-23T19:00:00+00:00
L. Chiwome,380653,Wolves,Missing Fixture,Ankle Injury,2024-04-24T18:45:00+00:00
C. Dawson,19147,Wolves,Missing Fixture,Groin Injury,2024-04-24T18:45:00+00:00
N. Lemina,338856,Wolves,Missing Fixture,Thigh Injury,2024-04-24T18:45:00+00:00
P. Neto,1864,Wolves,Missing Fixture,Hamstring Injury,2024-04-24T18:45:00+00:00
J. Bellegarde,20665,Wolves,Questionable,Knee Injury,2024-04-24T18:45:00+00:00
R. Faivre,84082,Bournemouth,Missing Fixture,Injury,2024-04-24T18:45:00+00:00
R. Fredericks,18815,Bournemouth,Missing Fixture,Calf Injury,2024-04-24T18:45:00+00:00
C. Mepham,18866,Bournemouth,Missing Fixture,Illness,2024-04-24T18:45:00+00:00
L. Sinisterra,37161,Bournemouth,Missing Fixture,Injury,2024-04-24T18:45:00+00:00
M. Tavernier,19245,Bournemouth,Missing Fixture,Thigh Injury,2024-04-24T18:45:00+00:00
T. Adams,1150,Bournemouth,Questionable,Injury,2024-04-24T18:45:00+00:00
C. Doucoure,3339,Crystal Palace,Missing Fixture,Achilles Tendon Injury,2024-04-24T19:00:00+00:00
M. Guehi,67971,Crystal Palace,Missing Fixture,Knee Injury,2024-04-24T19:00:00+00:00
R. Holding,1440,Crystal Palace,Missing Fixture,Injury,2024-04-24T19:00:00+00:00
S. Johnstone,19143,Crystal Palace,Missing Fixture,Elbow Injury,2024-04-24T19:00:00+00:00
J. Lerma,2490,Crystal Palace,Missing Fixture,Thigh Injury,2024-04-24T19:00:00+00:00
Matheus Franca,311157,Crystal Palace,Missing Fixture,Muscle Injury,2024-04-24T19:00:00+00:00
M. Almiron,2507,Newcastle,Missing Fixture,Knee Injury,2024-04-24T19:00:00+00:00
S. Botman,38734,Newcastle,Missing Fixture,Knee Injury,2024-04-24T19:00:00+00:00
Joelinton,723,Newcastle,Missing Fixture,Thigh Injury,2024-04-24T19:00:00+00:00
J. Lascelles,18894,Newcastle,Missing Fixture,Knee Injury,2024-04-24T19:00:00+00:00
L. Miley,328105,Newcastle,Missing Fixture,Back Injury,2024-04-24T19:00:00+00:00
N. Pope,18911,Newcastle,Missing Fixture,Shoulder Injury,2024-04-24T19:00:00+00:00
S. Tonali,31146,Newcastle,Missing Fixture,Suspended,2024-04-24T19:00:00+00:00
K. Trippier,169,Newcastle,Missing Fixture,Calf Injury,2024-04-24T19:00:00+00:00
J. Willock,1463,Newcastle,Missing Fixture,Achilles Tendon Injury,2024-04-24T19:00:00+00:00
M. Targett,18941,Newcastle,Questionable,Achilles Tendon Injury,2024-04-24T19:00:00+00:00
D. Alli,172,Everton,Missing Fixture,Muscle Injury,2024-04-24T19:00:00+00:00
Beto,125743,Everton,Missing Fixture,Head Injury,2024-04-24T19:00:00+00:00
L. Dobbin,153425,Everton,Missing Fixture,Ankle Injury,2024-04-24T19:00:00+00:00
N. Patterson,138417,Everton,Missing Fixture,Thigh Injury,2024-04-24T19:00:00+00:00
S. Coleman,18758,Everton,Questionable,Groin Injury,2024-04-24T19:00:00+00:00
C. Bradley,180317,Liverpool,Missing Fixture,Ankle Injury,2024-04-24T19:00:00+00:00
Diogo Jota,2678,Liverpool,Missing Fixture,Injury,2024-04-24T19:00:00+00:00
B. Doak,343576,Liverpool,Missing Fixture,Knee Injury,2024-04-24T19:00:00+00:00
C. Gakpo,247,Liverpool,Missing Fixture,Personal Reasons,2024-04-24T19:00:00+00:00
J. Matip,286,Liverpool,Missing Fixture,Knee Injury,2024-04-24T19:00:00+00:00
Thiago,507,Liverpool,Missing Fixture,Muscle Injury,2024-04-24T19:00:00+00:00
V. Lindelof,889,Manchester United,Missing Fixture,Hamstring Injury,2024-04-24T19:00:00+00:00
T. Malacia,37145,Manchester United,Missing Fixture,Knee Injury,2024-04-24T19:00:00+00:00
A. Martial,908,Manchester United,Missing Fixture,Surgery,2024-04-24T19:00:00+00:00
L. Martinez,2467,Manchester United,Missing Fixture,Calf Injury,2024-04-24T19:00:00+00:00
M. Mount,19220,Manchester United,Missing Fixture,Muscle Injury,2024-04-24T19:00:00+00:00
L. Shaw,891,Manchester United,Missing Fixture,Leg Injury,2024-04-24T19:00:00+00:00
R. Varane,742,Manchester United,Missing Fixture,Injury,2024-04-24T19:00:00+00:00
J. Evans,18772,Manchester United,Questionable,Injury,2024-04-24T19:00:00+00:00
W. Kambwala,288112,Manchester United,Questionable,Injury,2024-04-24T19:00:00+00:00
M. Rashford,909,Manchester United,Questionable,Ankle Injury,2024-04-24T19:00:00+00:00
G. Baldock,19090,Sheffield Utd,Missing Fixture,Calf Injury,2024-04-24T19:00:00+00:00
C. Basham,19091,Sheffield Utd,Missing Fixture,Ankle Injury,2024-04-24T19:00:00+00:00
T. Davies,18762,Sheffield Utd,Missing Fixture,Knock,2024-04-24T19:00:00+00:00
J. Egan,19093,Sheffield Utd,Missing Fixture,Ankle Injury,2024-04-24T19:00:00+00:00
D. Jebbison,296458,Sheffield Utd,Missing Fixture,Muscle Injury,2024-04-24T19:00:00+00:00
M. Lowe,44809,Sheffield Utd,Missing Fixture,Ankle Injury,2024-04-24T19:00:00+00:00
R. Norrington-Davies,18331,Sheffield Utd,Missing Fixture,Thigh Injury,2024-04-24T19:00:00+00:00
R. Brewster,303,Sheffield Utd,Questionable,Thigh Injury,2024-04-24T19:00:00+00:00
J. Robinson,19294,Sheffield Utd,Questionable,Ankle Injury,2024-04-24T19:00:00+00:00
P. Estupinan,46731,Brighton,Missing Fixture,Ankle Injury,2024-04-25T19:00:00+00:00
E. Ferguson,129643,Brighton,Missing Fixture,Ankle Injury,2024-04-25T19:00:00+00:00
B. Gilmour,130423,Brighton,Missing Fixture,Knee Injury,2024-04-25T19:00:00+00:00
J. Hinshelwood,305730,Brighton,Missing Fixture,Ankle Injury,2024-04-25T19:00:00+00:00
T. Lamptey,138815,Brighton,Missing Fixture,Muscle Injury,2024-04-25T19:00:00+00:00
S. March,18973,Brighton,Missing Fixture,Knee Injury,2024-04-25T19:00:00+00:00
J. Milner,296,Brighton,Missing Fixture,Knee Injury,2024-04-25T19:00:00+00:00
K. Mitoma,106835,Brighton,Missing Fixture,Back Injury,2024-04-25T19:00:00+00:00
E. Haaland,1100,Manchester City,Questionable,Health problems,2024-04-25T19:00:00+00:00
N. Aguerd,21694,West Ham,Missing Fixture,Ankle Injury,2024-04-27T11:30:00+00:00
G. Earthy,291363,West Ham,Missing Fixture,Concussion,2024-04-27T11:30:00+00:00
K. Mavropanos,1445,West Ham,Questionable,Knock,2024-04-27T11:30:00+00:00
C. Bradley,180317,Liverpool,Missing Fixture,Ankle Injury,2024-04-27T11:30:00+00:00
Diogo Jota,2678,Liverpool,Missing Fixture,Injury,2024-04-27T11:30:00+00:00
B. Doak,343576,Liverpool,Missing Fixture,Knee Injury,2024-04-27T11:30:00+00:00
J. Matip,286,Liverpool,Missing Fixture,Knee Injury,2024-04-27T11:30:00+00:00
Thiago,507,Liverpool,Missing Fixture,Muscle Injury,2024-04-27T11:30:00+00:00
C. Doucoure,3339,Crystal Palace,Missing Fixture,Achilles Tendon Injury,2024-04-27T14:00:00+00:00
M. Guehi,67971,Crystal Palace,Missing Fixture,Knee Injury,2024-04-27T14:00:00+00:00
R. Holding,1440,Crystal Palace,Missing Fixture,Injury,2024-04-27T14:00:00+00:00
S. Johnstone,19143,Crystal Palace,Missing Fixture,Elbow Injury,2024-04-27T14:00:00+00:00
J. Lerma,2490,Crystal Palace,Missing Fixture,Thigh Injury,2024-04-27T14:00:00+00:00
Matheus Franca,311157,Crystal Palace,Missing Fixture,Muscle Injury,2024-04-27T14:00:00+00:00
E. Eze,19586,Crystal Palace,Questionable,Knee Injury,2024-04-27T14:00:00+00:00
J. Evans,18772,Manchester United,Missing Fixture,Injury,2024-04-27T14:00:00+00:00
W. Kambwala,288112,Manchester United,Missing Fixture,Injury,2024-04-27T14:00:00+00:00
V. Lindelof,889,Manchester United,Missing Fixture,Hamstring Injury,2024-04-27T14:00:00+00:00
T. Malacia,37145,Manchester United,Missing Fixture,Knee Injury,2024-04-27T14:00:00+00:00
A. Martial,908,Manchester United,Missing Fixture,Surgery,2024-04-27T14:00:00+00:00
L. Martinez,2467,Manchester United,Missing Fixture,Calf Injury,2024-04-27T14:00:00+00:00
L. Shaw,891,Manchester United,Missing Fixture,Leg Injury,2024-04-27T14:00:00+00:00
R. Varane,742,Manchester United,Missing Fixture,Injury,2024-04-27T14:00:00+00:00
M. Rashford,909,Manchester United,Questionable,Ankle Injury,2024-04-27T14:00:00+00:00
A. Al Dakhil,323449,Burnley,Missing Fixture,Injury,2024-04-27T14:00:00+00:00
J. Beyer,25628,Burnley,Missing Fixture,Thigh Injury,2024-04-27T14:00:00+00:00
L. Koleosho,359603,Burnley,Missing Fixture,Knee Injury,2024-04-27T14:00:00+00:00
A. Ramsey,278079,Burnley,Missing Fixture,Knee Injury,2024-04-27T14:00:00+00:00
N. Redmond,18948,Burnley,Missing Fixture,Muscle Injury,2024-04-27T14:00:00+00:00
S. Botman,38734,Newcastle,Missing Fixture,Knee Injury,2024-04-27T14:00:00+00:00
Joelinton,723,Newcastle,Missing Fixture,Thigh Injury,2024-04-27T14:00:00+00:00
J. Lascelles,18894,Newcastle,Missing Fixture,Knee Injury,2024-04-27T14:00:00+00:00
L. Miley,328105,Newcastle,Missing Fixture,Back Injury,2024-04-27T14:00:00+00:00
N. Pope,18911,Newcastle,Missing Fixture,Shoulder Injury,2024-04-27T14:00:00+00:00
M. Targett,18941,Newcastle,Missing Fixture,Achilles Tendon Injury,2024-04-27T14:00:00+00:00
S. Tonali,31146,Newcastle,Missing Fixture,Suspended,2024-04-27T14:00:00+00:00
K. Trippier,169,Newcastle,Missing Fixture,Calf Injury,2024-04-27T14:00:00+00:00
J. Willock,1463,Newcastle,Missing Fixture,Achilles Tendon Injury,2024-04-27T14:00:00+00:00
M. Almiron,2507,Newcastle,Questionable,Knee Injury,2024-04-27T14:00:00+00:00
G. Baldock,19090,Sheffield Utd,Missing Fixture,Calf Injury,2024-04-27T14:00:00+00:00
C. Basham,19091,Sheffield Utd,Missing Fixture,Ankle Injury,2024-04-27T14:00:00+00:00
T. Davies,18762,Sheffield Utd,Missing Fixture,Knock,2024-04-27T14:00:00+00:00
J. Egan,19093,Sheffield Utd,Missing Fixture,Ankle Injury,2024-04-27T14:00:00+00:00
D. Jebbison,296458,Sheffield Utd,Missing Fixture,Muscle Injury,2024-04-27T14:00:00+00:00
M. Lowe,44809,Sheffield Utd,Missing Fixture,Ankle Injury,2024-04-27T14:00:00+00:00
J. McAtee,158697,Sheffield Utd,Missing Fixture,Groin Injury,2024-04-27T14:00:00+00:00
O. McBurnie,19337,Sheffield Utd,Missing Fixture,Thigh Injury,2024-04-27T14:00:00+00:00
R. Norrington-Davies,18331,Sheffield Utd,Missing Fixture,Thigh Injury,2024-04-27T14:00:00+00:00
R. Brewster,303,Sheffield Utd,Questionable,Thigh Injury,2024-04-27T14:00:00+00:00
S. Bueno,135334,Wolves,Missing Fixture,Thigh Injury,2024-04-27T14:00:00+00:00
L. Chiwome,380653,Wolves,Missing Fixture,Ankle Injury,2024-04-27T14:00:00+00:00
C. Dawson,19147,Wolves,Missing Fixture,Groin Injury,2024-04-27T14:00:00+00:00
N. Lemina,338856,Wolves,Missing Fixture,Thigh Injury,2024-04-27T14:00:00+00:00
P. Neto,1864,Wolves,Missing Fixture,Hamstring Injury,2024-04-27T14:00:00+00:00
J. Bellegarde,20665,Wolves,Questionable,Knee Injury,2024-04-27T14:00:00+00:00
M. Andersen,15632,Luton,Missing Fixture,Calf Injury,2024-04-27T14:00:00+00:00
A. Bell,19466,Luton,Missing Fixture,Thigh Injury,2024-04-27T14:00:00+00:00
J. Brown,19802,Luton,Missing Fixture,Knee Injury,2024-04-27T14:00:00+00:00
I. Kabore,140947,Luton,Missing Fixture,Ankle Injury,2024-04-27T14:00:00+00:00
T. Lockyer,20203,Luton,Missing Fixture,Heart Problems,2024-04-27T14:00:00+00:00
M. Nakamba,76,Luton,Missing Fixture,Knee Injury,2024-04-27T14:00:00+00:00
C. Ogbene,19365,Luton,Missing Fixture,Thigh Injury,2024-04-27T14:00:00+00:00
D. Potts,19756,Luton,Missing Fixture,Injury,2024-04-27T14:00:00+00:00
D. Alli,172,Everton,Missing Fixture,Muscle Injury,2024-04-27T16:30:00+00:00
Beto,125743,Everton,Missing Fixture,Head Injury,2024-04-27T16:30:00+00:00
S. Coleman,18758,Everton,Missing Fixture,Groin Injury,2024-04-27T16:30:00+00:00
L. Dobbin,153425,Everton,Missing Fixture,Ankle Injury,2024-04-27T16:30:00+00:00
N. Patterson,138417,Everton,Missing Fixture,Thigh Injury,2024-04-27T16:30:00+00:00
V. Mykolenko,2165,Everton,Questionable,Ankle Injury,2024-04-27T16:30:00+00:00
J. Dasilva,19362,Brentford,Missing Fixture,Knee Injury,2024-04-27T16:30:00+00:00
R. Henry,19346,Brentford,Missing Fixture,Knee Injury,2024-04-27T16:30:00+00:00
A. Hickey,44871,Brentford,Missing Fixture,Thigh Injury,2024-04-27T16:30:00+00:00
N. Maupay,19364,Brentford,Missing Fixture,Loan agreement,2024-04-27T16:30:00+00:00
B. Mee,18917,Brentford,Missing Fixture,Broken ankle,2024-04-27T16:30:00+00:00
E. Buendia,19071,Aston Villa,Missing Fixture,Knee Injury,2024-04-27T19:00:00+00:00
B. Kamara,1904,Aston Villa,Missing Fixture,Knee Injury,2024-04-27T19:00:00+00:00
T. Mings,19179,Aston Villa,Missing Fixture,Knee Injury,2024-04-27T19:00:00+00:00
A. Moreno,47547,Aston Villa,Missing Fixture,Calf Injury,2024-04-27T19:00:00+00:00
J. Ramsey,19192,Aston Villa,Missing Fixture,Foot Injury,2024-04-27T19:00:00+00:00
N. Zaniolo,786,Aston Villa,Missing Fixture,Muscle Injury,2024-04-27T19:00:00+00:00
C. Chukwuemeka,138935,Chelsea,Missing Fixture,Knee Injury,2024-04-27T19:00:00+00:00
L. Colwill,152953,Chelsea,Missing Fixture,Injury,2024-04-27T19:00:00+00:00
E. Fernandez,5996,Chelsea,Missing Fixture,Groin Injury,2024-04-27T19:00:00+00:00
W. Fofana,22094,Chelsea,Missing Fixture,Knee Injury,2024-04-27T19:00:00+00:00
M. Gusto,161907,Chelsea,Missing Fixture,Knee Injury,2024-04-27T19:00:00+00:00
R. James,19545,Chelsea,Missing Fixture,Thigh Injury,2024-04-27T19:00:00+00:00
R. Lavia,282125,Chelsea,Missing Fixture,Injury,2024-04-27T19:00:00+00:00
C. Nkunku,269,Chelsea,Missing Fixture,Injury,2024-04-27T19:00:00+00:00
R. Sanchez,18959,Chelsea,Missing Fixture,Illness,2024-04-27T19:00:00+00:00
L. Ugochukwu,270508,Chelsea,Missing Fixture,Thigh Injury,2024-04-27T19:00:00+00:00
B. Chilwell,2933,Chelsea,Questionable,Knee Injury,2024-04-27T19:00:00+00:00
R. Sterling,645,Chelsea,Questionable,Back Injury,2024-04-27T19:00:00+00:00
R. Faivre,84082,Bournemouth,Missing Fixture,Injury,2024-04-28T13:00:00+00:00
R. Fredericks,18815,Bournemouth,Missing Fixture,Calf Injury,2024-04-28T13:00:00+00:00
M. Kerkez,206254,Bournemouth,Missing Fixture,Red Card,2024-04-28T13:00:00+00:00
C. Mepham,18866,Bournemouth,Missing Fixture,Illness,2024-04-28T13:00:00+00:00
L. Sinisterra,37161,Bournemouth,Missing Fixture,Injury,2024-04-28T13:00:00+00:00
M. Tavernier,19245,Bournemouth,Missing Fixture,Thigh Injury,2024-04-28T13:00:00+00:00
T. Adams,1150,Bournemouth,Questionable,Injury,2024-04-28T13:00:00+00:00
P. Estupinan,46731,Brighton,Missing Fixture,Ankle Injury,2024-04-28T13:00:00+00:00
E. Ferguson,129643,Brighton,Missing Fixture,Ankle Injury,2024-04-28T13:00:00+00:00
J. Hinshelwood,305730,Brighton,Missing Fixture,Ankle Injury,2024-04-28T13:00:00+00:00
T. Lamptey,138815,Brighton,Missing Fixture,Muscle Injury,2024-04-28T13:00:00+00:00
S. March,18973,Brighton,Missing Fixture,Knee Injury,2024-04-28T13:00:00+00:00
J. Milner,296,Brighton,Missing Fixture,Knee Injury,2024-04-28T13:00:00+00:00
K. Mitoma,106835,Brighton,Missing Fixture,Back Injury,2024-04-28T13:00:00+00:00
J. P. van Hecke,38695,Brighton,Missing Fixture,Thigh Injury,2024-04-28T13:00:00+00:00
F. Forster,18932,Tottenham,Missing Fixture,Ankle Injury,2024-04-28T13:00:00+00:00
R. Sessegnon,19032,Tottenham,Missing Fixture,Thigh Injury,2024-04-28T13:00:00+00:00
M. Solomon,697,Tottenham,Missing Fixture,Knee Injury,2024-04-28T13:00:00+00:00
D. Udogie,204039,Tottenham,Missing Fixture,Thigh Injury,2024-04-28T13:00:00+00:00
O. Skipp,180,Tottenham,Questionable,Knock,2024-04-28T13:00:00+00:00
J. Timber,38746,Arsenal,Missing Fixture,Lacking Match Fitness,2024-04-28T13:00:00+00:00
T. Awoniyi,8598,Nottingham Forest,Missing Fixture,Muscle Injury,2024-04-28T15:30:00+00:00
R. Dias,567,Manchester City,Missing Fixture,Illness,2024-04-28T15:30:00+00:00
P. Foden,631,Manchester City,Missing Fixture,Illness,2024-04-28T15:30:00+00:00
C. Chukwuemeka,138935,Chelsea,Missing Fixture,Knee Injury,2024-05-02T18:30:00+00:00
L. Colwill,152953,Chelsea,Missing Fixture,Injury,2024-05-02T18:30:00+00:00
A. Disasi,21998,Chelsea,Missing Fixture,Knock,2024-05-02T18:30:00+00:00
E. Fernandez,5996,Chelsea,Missing Fixture,Groin Injury,2024-05-02T18:30:00+00:00
W. Fofana,22094,Chelsea,Missing Fixture,Knee Injury,2024-05-02T18:30:00+00:00
M. Gusto,161907,Chelsea,Missing Fixture,Knee Injury,2024-05-02T18:30:00+00:00
R. James,19545,Chelsea,Missing Fixture,Thigh Injury,2024-05-02T18:30:00+00:00
R. Lavia,282125,Chelsea,Missing Fixture,Injury,2024-05-02T18:30:00+00:00
C. Nkunku,269,Chelsea,Missing Fixture,Injury,2024-05-02T18:30:00+00:00
R. Sanchez,18959,Chelsea,Missing Fixture,Illness,2024-05-02T18:30:00+00:00
T. Silva,259,Chelsea,Missing Fixture,Groin Injury,2024-05-02T18:30:00+00:00
L. Ugochukwu,270508,Chelsea,Missing Fixture,Thigh Injury,2024-05-02T18:30:00+00:00
B. Chilwell,2933,Chelsea,Questionable,Knee Injury,2024-05-02T18:30:00+00:00
R. Sterling,645,Chelsea,Questionable,Back Injury,2024-05-02T18:30:00+00:00
B. Davies,164,Tottenham,Missing Fixture,Calf Injury,2024-05-02T18:30:00+00:00
F. Forster,18932,Tottenham,Missing Fixture,Ankle Injury,2024-05-02T18:30:00+00:00
R. Sessegnon,19032,Tottenham,Missing Fixture,Thigh Injury,2024-05-02T18:30:00+00:00
M. Solomon,697,Tottenham,Missing Fixture,Knee Injury,2024-05-02T18:30:00+00:00
D. Udogie,204039,Tottenham,Missing Fixture,Thigh Injury,2024-05-02T18:30:00+00:00
T. Werner,1166,Tottenham,Missing Fixture,Thigh Injury,2024-05-02T18:30:00+00:00
M. Andersen,15632,Luton,Missing Fixture,Calf Injury,2024-05-03T19:00:00+00:00
A. Bell,19466,Luton,Missing Fixture,Thigh Injury,2024-05-03T19:00:00+00:00
J. Brown,19802,Luton,Missing Fixture,Knee Injury,2024-05-03T19:00:00+00:00
I. Kabore,140947,Luton,Missing Fixture,Ankle Injury,2024-05-03T19:00:00+00:00
T. Lockyer,20203,Luton,Missing Fixture,Heart Problems,2024-05-03T19:00:00+00:00
M. Nakamba,76,Luton,Missing Fixture,Knee Injury,2024-05-03T19:00:00+00:00
C. Ogbene,19365,Luton,Missing Fixture,Thigh Injury,2024-05-03T19:00:00+00:00
D. Potts,19756,Luton,Missing Fixture,Injury,2024-05-03T19:00:00+00:00
D. Alli,172,Everton,Missing Fixture,Muscle Injury,2024-05-03T19:00:00+00:00
V. Mykolenko,2165,Everton,Missing Fixture,Ankle Injury,2024-05-03T19:00:00+00:00
N. Patterson,138417,Everton,Missing Fixture,Thigh Injury,2024-05-03T19:00:00+00:00
J. Timber,38746,Arsenal,Questionable,Lacking Match Fitness,2024-05-04T11:30:00+00:00
T. Adams,1150,Bournemouth,Missing Fixture,Injury,2024-05-04T11:30:00+00:00
R. Fredericks,18815,Bournemouth,Missing Fixture,Calf Injury,2024-05-04T11:30:00+00:00
M. Kerkez,206254,Bournemouth,Missing Fixture,Red Card,2024-05-04T11:30:00+00:00
C. Mepham,18866,Bournemouth,Missing Fixture,Illness,2024-05-04T11:30:00+00:00
L. Sinisterra,37161,Bournemouth,Missing Fixture,Injury,2024-05-04T11:30:00+00:00
M. Tavernier,19245,Bournemouth,Missing Fixture,Thigh Injury,2024-05-04T11:30:00+00:00
J. Dasilva,19362,Brentford,Missing Fixture,Knee Injury,2024-05-04T14:00:00+00:00
R. Henry,19346,Brentford,Missing Fixture,Knee Injury,2024-05-04T14:00:00+00:00
A. Hickey,44871,Brentford,Missing Fixture,Thigh Injury,2024-05-04T14:00:00+00:00
B. Mee,18917,Brentford,Missing Fixture,Broken ankle,2024-05-04T14:00:00+00:00
H. Reed,19480,Fulham,Questionable,Injury,2024-05-04T14:00:00+00:00
A. Al Dakhil,323449,Burnley,Missing Fixture,Injury,2024-05-04T14:00:00+00:00
J. Beyer,25628,Burnley,Missing Fixture,Thigh Injury,2024-05-04T14:00:00+00:00
A. Ramsey,278079,Burnley,Missing Fixture,Knee Injury,2024-05-04T14:00:00+00:00
N. Redmond,18948,Burnley,Missing Fixture,Muscle Injury,2024-05-04T14:00:00+00:00
L. Koleosho,359603,Burnley,Questionable,Knee Injury,2024-05-04T14:00:00+00:00
S. Botman,38734,Newcastle,Missing Fixture,Knee Injury,2024-05-04T14:00:00+00:00
J. Lascelles,18894,Newcastle,Missing Fixture,Knee Injury,2024-05-04T14:00:00+00:00
L. Miley,328105,Newcastle,Missing Fixture,Back Injury,2024-05-04T14:00:00+00:00
F. Schar,2806,Newcastle,Missing Fixture,Thigh Injury,2024-05-04T14:00:00+00:00
M. Targett,18941,Newcastle,Missing Fixture,Achilles Tendon Injury,2024-05-04T14:00:00+00:00
S. Tonali,31146,Newcastle,Missing Fixture,Suspended,2024-05-04T14:00:00+00:00
J. Willock,1463,Newcastle,Missing Fixture,Achilles Tendon Injury,2024-05-04T14:00:00+00:00
K. Trippier,169,Newcastle,Questionable,Calf Injury,2024-05-04T14:00:00+00:00
G. Baldock,19090,Sheffield Utd,Missing Fixture,Calf Injury,2024-05-04T14:00:00+00:00
C. Basham,19091,Sheffield Utd,Missing Fixture,Ankle Injury,2024-05-04T14:00:00+00:00
T. Davies,18762,Sheffield Utd,Missing Fixture,Knock,2024-05-04T14:00:00+00:00
J. Egan,19093,Sheffield Utd,Missing Fixture,Ankle Injury,2024-05-04T14:00:00+00:00
D. Jebbison,296458,Sheffield Utd,Missing Fixture,Muscle Injury,2024-05-04T14:00:00+00:00
M. Lowe,44809,Sheffield Utd,Missing Fixture,Ankle Injury,2024-05-04T14:00:00+00:00
O. McBurnie,19337,Sheffield Utd,Missing Fixture,Thigh Injury,2024-05-04T14:00:00+00:00
R. Norrington-Davies,18331,Sheffield Utd,Missing Fixture,Thigh Injury,2024-05-04T14:00:00+00:00
N. Williams,138780,Nottingham Forest,Missing Fixture,Thigh Injury,2024-05-04T14:00:00+00:00
L. Chiwome,380653,Wolves,Missing Fixture,Ankle Injury,2024-05-04T16:30:00+00:00
C. Dawson,19147,Wolves,Missing Fixture,Groin Injury,2024-05-04T16:30:00+00:00
N. Lemina,338856,Wolves,Questionable,Thigh Injury,2024-05-04T16:30:00+00:00
P. Estupinan,46731,Brighton,Missing Fixture,Ankle Injury,2024-05-05T13:00:00+00:00
E. Ferguson,129643,Brighton,Missing Fixture,Ankle Injury,2024-05-05T13:00:00+00:00
J. Hinshelwood,305730,Brighton,Missing Fixture,Ankle Injury,2024-05-05T13:00:00+00:00
A. Lallana,295,Brighton,Missing Fixture,Injury,2024-05-05T13:00:00+00:00
T. Lamptey,138815,Brighton,Missing Fixture,Muscle Injury,2024-05-05T13:00:00+00:00
S. March,18973,Brighton,Missing Fixture,Knee Injury,2024-05-05T13:00:00+00:00
J. Milner,296,Brighton,Missing Fixture,Knee Injury,2024-05-05T13:00:00+00:00
K. Mitoma,106835,Brighton,Missing Fixture,Back Injury,2024-05-05T13:00:00+00:00
J. P. van Hecke,38695,Brighton,Missing Fixture,Thigh Injury,2024-05-05T13:00:00+00:00
E. Buendia,19071,Aston Villa,Missing Fixture,Knee Injury,2024-05-05T13:00:00+00:00
B. Kamara,1904,Aston Villa,Missing Fixture,Knee Injury,2024-05-05T13:00:00+00:00
T. Mings,19179,Aston Villa,Missing Fixture,Knee Injury,2024-05-05T13:00:00+00:00
J. Ramsey,19192,Aston Villa,Missing Fixture,Foot Injury,2024-05-05T13:00:00+00:00
E. Martinez,19599,Aston Villa,Questionable,Thigh Injury,2024-05-05T13:00:00+00:00
Y. Tielemans,2926,Aston Villa,Questionable,Injury,2024-05-05T13:00:00+00:00
B. Chilwell,2933,Chelsea,Missing Fixture,Knee Injury,2024-05-05T13:00:00+00:00
C. Chukwuemeka,138935,Chelsea,Missing Fixture,Knee Injury,2024-05-05T13:00:00+00:00
E. Fernandez,5996,Chelsea,Missing Fixture,Groin Injury,2024-05-05T13:00:00+00:00
W. Fofana,22094,Chelsea,Missing Fixture,Knee Injury,2024-05-05T13:00:00+00:00
R. James,19545,Chelsea,Missing Fixture,Thigh Injury,2024-05-05T13:00:00+00:00
R. Lavia,282125,Chelsea,Missing Fixture,Injury,2024-05-05T13:00:00+00:00
R. Sanchez,18959,Chelsea,Missing Fixture,Illness,2024-05-05T13:00:00+00:00
L. Ugochukwu,270508,Chelsea,Missing Fixture,Thigh Injury,2024-05-05T13:00:00+00:00
N. Aguerd,21694,West Ham,Missing Fixture,Ankle Injury,2024-05-05T13:00:00+00:00
K. Phillips,19130,West Ham,Missing Fixture,Injury,2024-05-05T13:00:00+00:00
K. Mavropanos,1445,West Ham,Questionable,Knock,2024-05-05T13:00:00+00:00
Diogo Jota,2678,Liverpool,Missing Fixture,Injury,2024-05-05T15:30:00+00:00
B. Doak,343576,Liverpool,Missing Fixture,Knee Injury,2024-05-05T15:30:00+00:00
J. Matip,286,Liverpool,Missing Fixture,Knee Injury,2024-05-05T15:30:00+00:00
Thiago,507,Liverpool,Missing Fixture,Muscle Injury,2024-05-05T15:30:00+00:00
B. Davies,164,Tottenham,Missing Fixture,Calf Injury,2024-05-05T15:30:00+00:00
F. Forster,18932,Tottenham,Missing Fixture,Ankle Injury,2024-05-05T15:30:00+00:00
R. Sessegnon,19032,Tottenham,Missing Fixture,Thigh Injury,2024-05-05T15:30:00+00:00
M. Solomon,697,Tottenham,Missing Fixture,Knee Injury,2024-05-05T15:30:00+00:00
D. Udogie,204039,Tottenham,Missing Fixture,Thigh Injury,2024-05-05T15:30:00+00:00
T. Werner,1166,Tottenham,Missing Fixture,Thigh Injury,2024-05-05T15:30:00+00:00
C. Doucoure,3339,Crystal Palace,Missing Fixture,Achilles Tendon Injury,2024-05-06T19:00:00+00:00
R. Holding,1440,Crystal Palace,Missing Fixture,Injury,2024-05-06T19:00:00+00:00
S. Johnstone,19143,Crystal Palace,Missing Fixture,Elbow Injury,2024-05-06T19:00:00+00:00
J. Lerma,2490,Crystal Palace,Missing Fixture,Thigh Injury,2024-05-06T19:00:00+00:00
Matheus Franca,311157,Crystal Palace,Missing Fixture,Muscle Injury,2024-05-06T19:00:00+00:00
W. Kambwala,288112,Manchester United,Missing Fixture,Injury,2024-05-06T19:00:00+00:00
V. Lindelof,889,Manchester United,Missing Fixture,Hamstring Injury,2024-05-06T19:00:00+00:00
H. Maguire,2935,Manchester United,Missing Fixture,Muscle Injury,2024-05-06T19:00:00+00:00
T. Malacia,37145,Manchester United,Missing Fixture,Knee Injury,2024-05-06T19:00:00+00:00
L. Martinez,2467,Manchester United,Missing Fixture,Calf Injury,2024-05-06T19:00:00+00:00
L. Shaw,891,Manchester United,Missing Fixture,Leg Injury,2024-05-06T19:00:00+00:00
R. Varane,742,Manchester United,Missing Fixture,Injury,2024-05-06T19:00:00+00:00
B. Fernandes,1485,Manchester United,Questionable,Health problems,2024-05-06T19:00:00+00:00
S. McTominay,903,Manchester United,Questionable,Knee Injury,2024-05-06T19:00:00+00:00
M. Rashford,909,Manchester United,Questionable,Ankle Injury,2024-05-06T19:00:00+00:00
S. Lukic,2823,Fulham,Questionable,Calf Injury,2024-05-11T11:30:00+00:00
R. Fredericks,18815,Bournemouth,Missing Fixture,Calf Injury,2024-05-11T14:00:00+00:00
M. Kerkez,206254,Bournemouth,Missing Fixture,Red Card,2024-05-11T14:00:00+00:00
C. Mepham,18866,Bournemouth,Missing Fixture,Illness,2024-05-11T14:00:00+00:00
L. Sinisterra,37161,Bournemouth,Missing Fixture,Injury,2024-05-11T14:00:00+00:00
J. Dasilva,19362,Brentford,Missing Fixture,Knee Injury,2024-05-11T14:00:00+00:00
R. Henry,19346,Brentford,Missing Fixture,Knee Injury,2024-05-11T14:00:00+00:00
A. Hickey,44871,Brentford,Missing Fixture,Thigh Injury,2024-05-11T14:00:00+00:00
B. Mee,18917,Brentford,Missing Fixture,Broken ankle,2024-05-11T14:00:00+00:00
D. Alli,172,Everton,Missing Fixture,Muscle Injury,2024-05-11T14:00:00+00:00
V. Mykolenko,2165,Everton,Missing Fixture,Ankle Injury,2024-05-11T14:00:00+00:00
N. Patterson,138417,Everton,Missing Fixture,Thigh Injury,2024-05-11T14:00:00+00:00
A. Ahmedhodzic,1949,Sheffield Utd,Missing Fixture,Red Card,2024-05-11T14:00:00+00:00
G. Baldock,19090,Sheffield Utd,Missing Fixture,Calf Injury,2024-05-11T14:00:00+00:00
C. Basham,19091,Sheffield Utd,Missing Fixture,Ankle Injury,2024-05-11T14:00:00+00:00
T. Davies,18762,Sheffield Utd,Missing Fixture,Knock,2024-05-11T14:00:00+00:00
J. Egan,19093,Sheffield Utd,Missing Fixture,Ankle Injury,2024-05-11T14:00:00+00:00
M. Holgate,19150,Sheffield Utd,Missing Fixture,Loan agreement,2024-05-11T14:00:00+00:00
D. Jebbison,296458,Sheffield Utd,Missing Fixture,Muscle Injury,2024-05-11T14:00:00+00:00
O. McBurnie,19337,Sheffield Utd,Missing Fixture,Thigh Injury,2024-05-11T14:00:00+00:00
R. Norrington-Davies,18331,Sheffield Utd,Missing Fixture,Thigh Injury,2024-05-11T14:00:00+00:00
S. Botman,38734,Newcastle,Missing Fixture,Knee Injury,2024-05-11T14:00:00+00:00
J. Lascelles,18894,Newcastle,Missing Fixture,Knee Injury,2024-05-11T14:00:00+00:00
L. Miley,328105,Newcastle,Missing Fixture,Back Injury,2024-05-11T14:00:00+00:00
M. Targett,18941,Newcastle,Missing Fixture,Achilles Tendon Injury,2024-05-11T14:00:00+00:00
S. Tonali,31146,Newcastle,Missing Fixture,Suspended,2024-05-11T14:00:00+00:00
J. Willock,1463,Newcastle,Missing Fixture,Achilles Tendon Injury,2024-05-11T14:00:00+00:00
F. Schar,2806,Newcastle,Questionable,Thigh Injury,2024-05-11T14:00:00+00:00
P. Estupinan,46731,Brighton,Missing Fixture,Ankle Injury,2024-05-11T14:00:00+00:00
E. Ferguson,129643,Brighton,Missing Fixture,Ankle Injury,2024-05-11T14:00:00+00:00
J. Hinshelwood,305730,Brighton,Missing Fixture,Ankle Injury,2024-05-11T14:00:00+00:00
S. March,18973,Brighton,Missing Fixture,Knee Injury,2024-05-11T14:00:00+00:00
J. Milner,296,Brighton,Missing Fixture,Knee Injury,2024-05-11T14:00:00+00:00
K. Mitoma,106835,Brighton,Missing Fixture,Back Injury,2024-05-11T14:00:00+00:00
J. P. van Hecke,38695,Brighton,Missing Fixture,Thigh Injury,2024-05-11T14:00:00+00:00
Joao Pedro,10329,Brighton,Questionable,Ankle Injury,2024-05-11T14:00:00+00:00
B. Davies,164,Tottenham,Missing Fixture,Calf Injury,2024-05-11T14:00:00+00:00
F. Forster,18932,Tottenham,Missing Fixture,Ankle Injury,2024-05-11T14:00:00+00:00
R. Sessegnon,19032,Tottenham,Missing Fixture,Thigh Injury,2024-05-11T14:00:00+00:00
M. Solomon,697,Tottenham,Missing Fixture,Knee Injury,2024-05-11T14:00:00+00:00
D. Udogie,204039,Tottenham,Missing Fixture,Thigh Injury,2024-05-11T14:00:00+00:00
T. Werner,1166,Tottenham,Missing Fixture,Thigh Injury,2024-05-11T14:00:00+00:00
Richarlison,2413,Tottenham,Questionable,Calf Injury,2024-05-11T14:00:00+00:00
A. Al Dakhil,323449,Burnley,Missing Fixture,Injury,2024-05-11T14:00:00+00:00
J. Beyer,25628,Burnley,Missing Fixture,Thigh Injury,2024-05-11T14:00:00+00:00
A. Ramsey,278079,Burnley,Missing Fixture,Knee Injury,2024-05-11T14:00:00+00:00
N. Redmond,18948,Burnley,Missing Fixture,Muscle Injury,2024-05-11T14:00:00+00:00
L. Koleosho,359603,Burnley,Questionable,Knee Injury,2024-05-11T14:00:00+00:00
K. Phillips,19130,West Ham,Missing Fixture,Injury,2024-05-11T14:00:00+00:00
N. Aguerd,21694,West Ham,Questionable,Ankle Injury,2024-05-11T14:00:00+00:00
K. Mavropanos,1445,West Ham,Questionable,Knock,2024-05-11T14:00:00+00:00
M. Andersen,15632,Luton,Missing Fixture,Calf Injury,2024-05-11T14:00:00+00:00
A. Bell,19466,Luton,Missing Fixture,Thigh Injury,2024-05-11T14:00:00+00:00
J. Brown,19802,Luton,Missing Fixture,Knee Injury,2024-05-11T14:00:00+00:00
I. Kabore,140947,Luton,Missing Fixture,Ankle Injury,2024-05-11T14:00:00+00:00
T. Lockyer,20203,Luton,Missing Fixture,Heart Problems,2024-05-11T14:00:00+00:00
M. Nakamba,76,Luton,Missing Fixture,Knee Injury,2024-05-11T14:00:00+00:00
D. Potts,19756,Luton,Missing Fixture,Injury,2024-05-11T14:00:00+00:00
L. Chiwome,380653,Wolves,Missing Fixture,Ankle Injury,2024-05-11T14:00:00+00:00
C. Dawson,19147,Wolves,Missing Fixture,Groin Injury,2024-05-11T14:00:00+00:00
P. Neto,1864,Wolves,Questionable,Hamstring Injury,2024-05-11T14:00:00+00:00
C. Doucoure,3339,Crystal Palace,Missing Fixture,Achilles Tendon Injury,2024-05-11T14:00:00+00:00
R. Holding,1440,Crystal Palace,Missing Fixture,Injury,2024-05-11T14:00:00+00:00
S. Johnstone,19143,Crystal Palace,Missing Fixture,Elbow Injury,2024-05-11T14:00:00+00:00
Matheus Franca,311157,Crystal Palace,Missing Fixture,Muscle Injury,2024-05-11T14:00:00+00:00
J. Lerma,2490,Crystal Palace,Questionable,Thigh Injury,2024-05-11T14:00:00+00:00
N. Williams,138780,Nottingham Forest,Missing Fixture,Thigh Injury,2024-05-11T16:30:00+00:00
B. Chilwell,2933,Chelsea,Missing Fixture,Knee Injury,2024-05-11T16:30:00+00:00
C. Chukwuemeka,138935,Chelsea,Missing Fixture,Knee Injury,2024-05-11T16:30:00+00:00
E. Fernandez,5996,Chelsea,Missing Fixture,Groin Injury,2024-05-11T16:30:00+00:00
W. Fofana,22094,Chelsea,Missing Fixture,Knee Injury,2024-05-11T16:30:00+00:00
R. Lavia,282125,Chelsea,Missing Fixture,Injury,2024-05-11T16:30:00+00:00
R. Sanchez,18959,Chelsea,Missing Fixture,Illness,2024-05-11T16:30:00+00:00
V. Lindelof,889,Manchester United,Missing Fixture,Hamstring Injury,2024-05-12T15:30:00+00:00
H. Maguire,2935,Manchester United,Missing Fixture,Muscle Injury,2024-05-12T15:30:00+00:00
T. Malacia,37145,Manchester United,Missing Fixture,Knee Injury,2024-05-12T15:30:00+00:00
M. Mount,19220,Manchester United,Missing Fixture,Muscle Injury,2024-05-12T15:30:00+00:00
L. Shaw,891,Manchester United,Missing Fixture,Leg Injury,2024-05-12T15:30:00+00:00
R. Varane,742,Manchester United,Missing Fixture,Injury,2024-05-12T15:30:00+00:00
B. Fernandes,1485,Manchester United,Questionable,Health problems,2024-05-12T15:30:00+00:00
L. Martinez,2467,Manchester United,Questionable,Calf Injury,2024-05-12T15:30:00+00:00
M. Rashford,909,Manchester United,Questionable,Ankle Injury,2024-05-12T15:30:00+00:00
J. Timber,38746,Arsenal,Questionable,Lacking Match Fitness,2024-05-12T15:30:00+00:00
E. Buendia,19071,Aston Villa,Missing Fixture,Knee Injury,2024-05-13T19:00:00+00:00
B. Kamara,1904,Aston Villa,Missing Fixture,Knee Injury,2024-05-13T19:00:00+00:00
T. Mings,19179,Aston Villa,Missing Fixture,Knee Injury,2024-05-13T19:00:00+00:00
J. Ramsey,19192,Aston Villa,Missing Fixture,Foot Injury,2024-05-13T19:00:00+00:00
M. Rogers,19170,Aston Villa,Missing Fixture,Thigh Injury,2024-05-13T19:00:00+00:00
A. Moreno,47547,Aston Villa,Questionable,Injury,2024-05-13T19:00:00+00:00
B. Doak,343576,Liverpool,Missing Fixture,Knee Injury,2024-05-13T19:00:00+00:00
J. Matip,286,Liverpool,Missing Fixture,Knee Injury,2024-05-13T19:00:00+00:00
Thiago,507,Liverpool,Missing Fixture,Muscle Injury,2024-05-13T19:00:00+00:00
Diogo Jota,2678,Liverpool,Questionable,Injury,2024-05-13T19:00:00+00:00
Y. Bissouma,18968,Tottenham,Missing Fixture,Knee Injury,2024-05-14T19:00:00+00:00
B. Davies,164,Tottenham,Missing Fixture,Calf Injury,2024-05-14T19:00:00+00:00
F. Forster,18932,Tottenham,Missing Fixture,Ankle Injury,2024-05-14T19:00:00+00:00
Richarlison,2413,Tottenham,Missing Fixture,Calf Injury,2024-05-14T19:00:00+00:00
R. Sessegnon,19032,Tottenham,Missing Fixture,Thigh Injury,2024-05-14T19:00:00+00:00
M. Solomon,697,Tottenham,Missing Fixture,Knee Injury,2024-05-14T19:00:00+00:00
D. Udogie,204039,Tottenham,Missing Fixture,Thigh Injury,2024-05-14T19:00:00+00:00
T. Werner,1166,Tottenham,Missing Fixture,Thigh Injury,2024-05-14T19:00:00+00:00
P. Estupinan,46731,Brighton,Missing Fixture,Ankle Injury,2024-05-15T18:45:00+00:00
E. Ferguson,129643,Brighton,Missing Fixture,Ankle Injury,2024-05-15T18:45:00+00:00
J. Hinshelwood,305730,Brighton,Missing Fixture,Ankle Injury,2024-05-15T18:45:00+00:00
S. March,18973,Brighton,Missing Fixture,Knee Injury,2024-05-15T18:45:00+00:00
J. Milner,296,Brighton,Missing Fixture,Knee Injury,2024-05-15T18:45:00+00:00
K. Mitoma,106835,Brighton,Missing Fixture,Back Injury,2024-05-15T18:45:00+00:00
J. P. van Hecke,38695,Brighton,Missing Fixture,Thigh Injury,2024-05-15T18:45:00+00:00
J. Veltman,537,Brighton,Questionable,Knock,2024-05-15T18:45:00+00:00
E. Fernandez,5996,Chelsea,Missing Fixture,Groin Injury,2024-05-15T18:45:00+00:00
W. Fofana,22094,Chelsea,Missing Fixture,Knee Injury,2024-05-15T18:45:00+00:00
R. Lavia,282125,Chelsea,Missing Fixture,Injury,2024-05-15T18:45:00+00:00
R. Sanchez,18959,Chelsea,Missing Fixture,Illness,2024-05-15T18:45:00+00:00
C. Chukwuemeka,138935,Chelsea,Questionable,Knee Injury,2024-05-15T18:45:00+00:00
V. Lindelof,889,Manchester United,Missing Fixture,Hamstring Injury,2024-05-15T19:00:00+00:00
H. Maguire,2935,Manchester United,Missing Fixture,Muscle Injury,2024-05-15T19:00:00+00:00
T. Malacia,37145,Manchester United,Missing Fixture,Knee Injury,2024-05-15T19:00:00+00:00
M. Mount,19220,Manchester United,Missing Fixture,Muscle Injury,2024-05-15T19:00:00+00:00
L. Shaw,891,Manchester United,Missing Fixture,Leg Injury,2024-05-15T19:00:00+00:00
A. Martial,908,Manchester United,Questionable,Lacking Match Fitness,2024-05-15T19:00:00+00:00
R. Varane,742,Manchester United,Questionable,Injury,2024-05-15T19:00:00+00:00
S. Botman,38734,Newcastle,Missing Fixture,Knee Injury,2024-05-15T19:00:00+00:00
J. Lascelles,18894,Newcastle,Missing Fixture,Knee Injury,2024-05-15T19:00:00+00:00
L. Miley,328105,Newcastle,Missing Fixture,Back Injury,2024-05-15T19:00:00+00:00
M. Targett,18941,Newcastle,Missing Fixture,Achilles Tendon Injury,2024-05-15T19:00:00+00:00
S. Tonali,31146,Newcastle,Missing Fixture,Suspended,2024-05-15T19:00:00+00:00
J. Willock,1463,Newcastle,Missing Fixture,Achilles Tendon Injury,2024-05-15T19:00:00+00:00
C. Wilson,2939,Newcastle,Questionable,Thigh Injury,2024-05-15T19:00:00+00:00
B. Saka,1460,Arsenal,Missing Fixture,Muscle Injury,2024-05-19T15:00:00+00:00
D. Alli,172,Everton,Missing Fixture,Muscle Injury,2024-05-19T15:00:00+00:00
J. Harrison,19128,Everton,Missing Fixture,Thigh Injury,2024-05-19T15:00:00+00:00
V. Mykolenko,2165,Everton,Missing Fixture,Ankle Injury,2024-05-19T15:00:00+00:00
N. Patterson,138417,Everton,Missing Fixture,Thigh Injury,2024-05-19T15:00:00+00:00
A. Gomes,18765,Everton,Questionable,Face Injury,2024-05-19T15:00:00+00:00
J. Dasilva,19362,Brentford,Missing Fixture,Knee Injury,2024-05-19T15:00:00+00:00
R. Henry,19346,Brentford,Missing Fixture,Knee Injury,2024-05-19T15:00:00+00:00
A. Hickey,44871,Brentford,Missing Fixture,Thigh Injury,2024-05-19T15:00:00+00:00
B. Mee,18917,Brentford,Missing Fixture,Broken ankle,2024-05-19T15:00:00+00:00
N. Collins,19495,Brentford,Questionable,Injury,2024-05-19T15:00:00+00:00
S. Botman,38734,Newcastle,Missing Fixture,Knee Injury,2024-05-19T15:00:00+00:00
J. Lascelles,18894,Newcastle,Missing Fixture,Knee Injury,2024-05-19T15:00:00+00:00
V. Livramento,158694,Newcastle,Missing Fixture,Ankle Injury,2024-05-19T15:00:00+00:00
L. Miley,328105,Newcastle,Missing Fixture,Back Injury,2024-05-19T15:00:00+00:00
M. Targett,18941,Newcastle,Missing Fixture,Achilles Tendon Injury,2024-05-19T15:00:00+00:00
S. Tonali,31146,Newcastle,Missing Fixture,Suspended,2024-05-19T15:00:00+00:00
J. Willock,1463,Newcastle,Missing Fixture,Achilles Tendon Injury,2024-05-19T15:00:00+00:00
A. Gordon,138787,Newcastle,Questionable,Ankle Injury,2024-05-19T15:00:00+00:00
L. Dunk,18963,Brighton,Missing Fixture,Knee Injury,2024-05-19T15:00:00+00:00
P. Estupinan,46731,Brighton,Missing Fixture,Ankle Injury,2024-05-19T15:00:00+00:00
E. Ferguson,129643,Brighton,Missing Fixture,Ankle Injury,2024-05-19T15:00:00+00:00
J. Hinshelwood,305730,Brighton,Missing Fixture,Ankle Injury,2024-05-19T15:00:00+00:00
S. March,18973,Brighton,Missing Fixture,Knee Injury,2024-05-19T15:00:00+00:00
J. Milner,296,Brighton,Missing Fixture,Knee Injury,2024-05-19T15:00:00+00:00
K. Mitoma,106835,Brighton,Missing Fixture,Back Injury,2024-05-19T15:00:00+00:00
J. Veltman,537,Brighton,Missing Fixture,Knock,2024-05-19T15:00:00+00:00
J. P. van Hecke,38695,Brighton,Missing Fixture,Thigh Injury,2024-05-19T15:00:00+00:00
H. Maguire,2935,Manchester United,Missing Fixture,Muscle Injury,2024-05-19T15:00:00+00:00
T. Malacia,37145,Manchester United,Missing Fixture,Knee Injury,2024-05-19T15:00:00+00:00
M. Mount,19220,Manchester United,Missing Fixture,Muscle Injury,2024-05-19T15:00:00+00:00
L. Shaw,891,Manchester United,Missing Fixture,Leg Injury,2024-05-19T15:00:00+00:00
V. Lindelof,889,Manchester United,Questionable,Hamstring Injury,2024-05-19T15:00:00+00:00
A. Martial,908,Manchester United,Questionable,Lacking Match Fitness,2024-05-19T15:00:00+00:00
A. Al Dakhil,323449,Burnley,Missing Fixture,Injury,2024-05-19T15:00:00+00:00
J. Beyer,25628,Burnley,Missing Fixture,Thigh Injury,2024-05-19T15:00:00+00:00
A. Ramsey,278079,Burnley,Missing Fixture,Knee Injury,2024-05-19T15:00:00+00:00
N. Redmond,18948,Burnley,Missing Fixture,Muscle Injury,2024-05-19T15:00:00+00:00
L. Koleosho,359603,Burnley,Questionable,Knee Injury,2024-05-19T15:00:00+00:00
N. Dominguez,6056,Nottingham Forest,Missing Fixture,Groin Injury,2024-05-19T15:00:00+00:00
N. Williams,138780,Nottingham Forest,Missing Fixture,Thigh Injury,2024-05-19T15:00:00+00:00
E. Fernandez,5996,Chelsea,Missing Fixture,Groin Injury,2024-05-19T15:00:00+00:00
W. Fofana,22094,Chelsea,Missing Fixture,Knee Injury,2024-05-19T15:00:00+00:00
R. James,19545,Chelsea,Missing Fixture,Red Card,2024-05-19T15:00:00+00:00
R. Lavia,282125,Chelsea,Missing Fixture,Injury,2024-05-19T15:00:00+00:00
M. Mudryk,63577,Chelsea,Missing Fixture,Head Injury,2024-05-19T15:00:00+00:00
R. Sanchez,18959,Chelsea,Missing Fixture,Illness,2024-05-19T15:00:00+00:00
R. Fredericks,18815,Bournemouth,Missing Fixture,Calf Injury,2024-05-19T15:00:00+00:00
L. Sinisterra,37161,Bournemouth,Missing Fixture,Injury,2024-05-19T15:00:00+00:00
C. Mepham,18866,Bournemouth,Questionable,Illness,2024-05-19T15:00:00+00:00
N. Ahamada,152418,Crystal Palace,Missing Fixture,Red Card,2024-05-19T15:00:00+00:00
C. Doucoure,3339,Crystal Palace,Missing Fixture,Achilles Tendon Injury,2024-05-19T15:00:00+00:00
R. Holding,1440,Crystal Palace,Missing Fixture,Injury,2024-05-19T15:00:00+00:00
W. Hughes,18806,Crystal Palace,Missing Fixture,Knee Injury,2024-05-19T15:00:00+00:00
S. Johnstone,19143,Crystal Palace,Missing Fixture,Elbow Injury,2024-05-19T15:00:00+00:00
Matheus Franca,311157,Crystal Palace,Missing Fixture,Muscle Injury,2024-05-19T15:00:00+00:00
E. Buendia,19071,Aston Villa,Missing Fixture,Knee Injury,2024-05-19T15:00:00+00:00
M. Cash,19298,Aston Villa,Missing Fixture,Calf Injury,2024-05-19T15:00:00+00:00
B. Kamara,1904,Aston Villa,Missing Fixture,Knee Injury,2024-05-19T15:00:00+00:00
T. Mings,19179,Aston Villa,Missing Fixture,Knee Injury,2024-05-19T15:00:00+00:00
J. Ramsey,19192,Aston Villa,Missing Fixture,Foot Injury,2024-05-19T15:00:00+00:00
M. Rogers,19170,Aston Villa,Missing Fixture,Thigh Injury,2024-05-19T15:00:00+00:00
Y. Tielemans,2926,Aston Villa,Missing Fixture,Muscle Injury,2024-05-19T15:00:00+00:00
N. Zaniolo,786,Aston Villa,Missing Fixture,Leg Injury,2024-05-19T15:00:00+00:00
A. Moreno,47547,Aston Villa,Questionable,Injury,2024-05-19T15:00:00+00:00
B. Doak,343576,Liverpool,Missing Fixture,Knee Injury,2024-05-19T15:00:00+00:00
J. Matip,286,Liverpool,Missing Fixture,Knee Injury,2024-05-19T15:00:00+00:00
Thiago,507,Liverpool,Questionable,Muscle Injury,2024-05-19T15:00:00+00:00
L. Chiwome,380653,Wolves,Missing Fixture,Ankle Injury,2024-05-19T15:00:00+00:00
C. Dawson,19147,Wolves,Missing Fixture,Groin Injury,2024-05-19T15:00:00+00:00
P. Sarabia,2056,Wolves,Questionable,Injury,2024-05-19T15:00:00+00:00
M. Andersen,15632,Luton,Missing Fixture,Calf Injury,2024-05-19T15:00:00+00:00
R. Barkley,2287,Luton,Missing Fixture,Calf Injury,2024-05-19T15:00:00+00:00
A. Bell,19466,Luton,Missing Fixture,Thigh Injury,2024-05-19T15:00:00+00:00
J. Brown,19802,Luton,Missing Fixture,Knee Injury,2024-05-19T15:00:00+00:00
R. Burke,19408,Luton,Missing Fixture,Calf Injury,2024-05-19T15:00:00+00:00
I. Kabore,140947,Luton,Missing Fixture,Ankle Injury,2024-05-19T15:00:00+00:00
T. Lockyer,20203,Luton,Missing Fixture,Heart Problems,2024-05-19T15:00:00+00:00
M. Nakamba,76,Luton,Missing Fixture,Knee Injury,2024-05-19T15:00:00+00:00
D. Potts,19756,Luton,Missing Fixture,Injury,2024-05-19T15:00:00+00:00
I. Diop,18814,Fulham,Missing Fixture,Red Card,2024-05-19T15:00:00+00:00
S. Lukic,2823,Fulham,Missing Fixture,Calf Injury,2024-05-19T15:00:00+00:00
Ederson,617,Manchester City,Missing Fixture,Eye injury,2024-05-19T15:00:00+00:00
K. Phillips,19130,West Ham,Missing Fixture,Injury,2024-05-19T15:00:00+00:00
N. Aguerd,21694,West Ham,Questionable,Ankle Injury,2024-05-19T15:00:00+00:00
G. Baldock,19090,Sheffield Utd,Missing Fixture,Calf Injury,2024-05-19T15:00:00+00:00
C. Basham,19091,Sheffield Utd,Missing Fixture,Ankle Injury,2024-05-19T15:00:00+00:00
T. Davies,18762,Sheffield Utd,Missing Fixture,Knock,2024-05-19T15:00:00+00:00
J. Egan,19093,Sheffield Utd,Missing Fixture,Ankle Injury,2024-05-19T15:00:00+00:00
R. Norrington-Davies,18331,Sheffield Utd,Missing Fixture,Thigh Injury,2024-05-19T15:00:00+00:00
Y. Bissouma,18968,Tottenham,Missing Fixture,Knee Injury,2024-05-19T15:00:00+00:00
B. Davies,164,Tottenham,Missing Fixture,Calf Injury,2024-05-19T15:00:00+00:00
F. Forster,18932,Tottenham,Missing Fixture,Ankle Injury,2024-05-19T15:00:00+00:00
Richarlison,2413,Tottenham,Missing Fixture,Calf Injury,2024-05-19T15:00:00+00:00
R. Sessegnon,19032,Tottenham,Missing Fixture,Thigh Injury,2024-05-19T15:00:00+00:00
M. Solomon,697,Tottenham,Missing Fixture,Knee Injury,2024-05-19T15:00:00+00:00
D. Udogie,204039,Tottenham,Missing Fixture,Thigh Injury,2024-05-19T15:00:00+00:00
T. Werner,1166,Tottenham,Missing Fixture,Thigh Injury,2024-05-19T15:00:00+00:00
