league,season,team,player,nation,pos,age,born,matches,starts,minutes,90s,goals,assists,g_a,g_pk,pk,pkatt,yellow_cards,red_cards,goals_90,assists_90,g_a_90,g_pk_90,g_a_pk_90,player_short,player_name,total_injuries,injury_types,injured
ENG-Premier League,2223,Arsenal,Aaron Ramsdale,ENG,GK,24,1998,38,38,3420,38.0,0,0,0,0,0,0,1,0,0.0,0.0,0.0,0.0,0.0,A. Ramsdale,,0.0,None,0
ENG-Premier League,2223,Arsenal,Albert Sambi Lokonga,BEL,MF,22,1999,6,2,198,2.2,0,0,0,0,0,0,0,0,0.0,0.0,0.0,0.0,0.0,A. Sambi Lokonga,,0.0,None,0
ENG-Premier League,2223,Arsenal,Ben White,ENG,DF,24,1997,38,36,3055,33.9,2,5,7,2,0,0,5,0,0.06,0.15,0.21,0.06,0.21,B. White,,0.0,None,0
ENG-Premier League,2223,Arsenal,Bukayo Saka,ENG,"FW,MF",20,2001,38,37,3181,35.3,14,11,25,12,2,3,6,0,0.4,0.31,0.71,0.34,0.65,B. Saka,B. Saka,3.0,"Leg Injury, Injury, Muscle Injury",1
ENG-Premier League,2223,Arsenal,Cédric Soares,POR,"DF,MF",30,1991,2,0,29,0.3,0,0,0,0,0,0,0,0,0.0,0.0,0.0,0.0,0.0,C. Soares,C. Soares,1.0,Loan agreement,1
ENG-Premier League,2223,Arsenal,Eddie Nketiah,ENG,FW,23,1999,30,9,1089,12.1,4,1,5,4,0,0,3,0,0.33,0.08,0.41,0.33,0.41,E. Nketiah,E. Nketiah,5.0,"Injury, Ankle Injury",1
ENG-Premier League,2223,Arsenal,Emile Smith Rowe,ENG,MF,22,2000,12,0,172,1.9,0,2,2,0,0,0,0,0,0.0,1.05,1.05,0.0,1.05,E. Smith Rowe,E. Smith Rowe,22.0,"Muscle Injury, Groin Injury, Thigh Injury, Knee Injury, Injury",1
ENG-Premier League,2223,Arsenal,Ethan Nwaneri,ENG,MF,15,2007,1,0,1,0.0,0,0,0,0,0,0,0,0,0.0,0.0,0.0,0.0,0.0,E. Nwaneri,,0.0,None,0
ENG-Premier League,2223,Arsenal,Fabio Vieira,POR,MF,22,2000,22,3,514,5.7,1,2,3,1,0,0,0,0,0.18,0.35,0.53,0.18,0.53,F. Vieira,F. Vieira,15.0,"Ankle Injury, Red Card, Groin Injury",1
ENG-Premier League,2223,Arsenal,Gabriel Jesus,BRA,FW,25,1997,26,24,2064,22.9,11,6,17,10,1,1,6,0,0.48,0.26,0.74,0.44,0.7,G. Jesus,G. Jesus,12.0,"Knee Injury, Convalescence",1
ENG-Premier League,2223,Arsenal,Gabriel Magalhães,BRA,DF,24,1997,38,38,3409,37.9,3,0,3,3,0,0,5,0,0.08,0.0,0.08,0.08,0.08,G. Magalhães,,0.0,None,0
ENG-Premier League,2223,Arsenal,Gabriel Martinelli,BRA,"FW,MF",21,2001,36,34,2789,31.0,15,5,20,15,0,0,3,0,0.48,0.16,0.65,0.48,0.65,G. Martinelli,G. Martinelli,5.0,"Ankle Injury, Muscle Injury",1
ENG-Premier League,2223,Arsenal,Granit Xhaka,SUI,MF,29,1992,37,36,2993,33.3,7,7,14,7,0,0,4,0,0.21,0.21,0.42,0.21,0.42,G. Xhaka,G. Xhaka,1.0,Illness,1
ENG-Premier League,2223,Arsenal,Jakub Kiwior,POL,DF,22,2000,7,5,427,4.7,1,0,1,1,0,0,0,0,0.21,0.0,0.21,0.21,0.21,J. Kiwior,,0.0,None,0
ENG-Premier League,2223,Arsenal,Jorginho,ITA,MF,30,1991,14,9,855,9.5,0,1,1,0,0,0,0,0,0.0,0.11,0.11,0.0,0.11,Jorginho,,0.0,None,0
ENG-Premier League,2223,Arsenal,Kieran Tierney,SCO,DF,25,1997,27,6,795,8.8,0,1,1,0,0,0,0,0,0.0,0.11,0.11,0.0,0.11,K. Tierney,,0.0,None,0
ENG-Premier League,2223,Arsenal,Leandro Trossard,BEL,FW,27,1994,20,10,931,10.3,1,10,11,1,0,0,0,0,0.1,0.97,1.06,0.1,1.06,L. Trossard,L. Trossard,2.0,"Coach's decision, Muscle Injury",1
ENG-Premier League,2223,Arsenal,Marquinhos,BRA,MF,19,2003,1,0,1,0.0,0,0,0,0,0,0,0,0,0.0,0.0,0.0,0.0,0.0,Marquinhos,,0.0,None,0
ENG-Premier League,2223,Arsenal,Martin Ødegaard,NOR,MF,23,1998,37,37,3127,34.7,15,7,22,15,0,0,4,0,0.43,0.2,0.63,0.43,0.63,M. Ødegaard,,0.0,None,0
ENG-Premier League,2223,Arsenal,Mohamed Elneny,EGY,MF,30,1992,5,1,113,1.3,0,0,0,0,0,0,0,0,0.0,0.0,0.0,0.0,0.0,M. Elneny,M. Elneny,36.0,"Thigh Injury, Knock, National selection",1
ENG-Premier League,2223,Arsenal,Oleksandr Zinchenko,UKR,DF,25,1996,27,26,2118,23.5,1,2,3,1,0,0,3,0,0.04,0.08,0.13,0.04,0.13,O. Zinchenko,O. Zinchenko,16.0,"Knee Injury, Muscle Injury, Groin Injury, Calf Injury",1
ENG-Premier League,2223,Arsenal,Reiss Nelson,ENG,"FW,MF",22,1999,11,0,212,2.4,3,2,5,3,0,0,0,0,1.27,0.85,2.12,1.27,2.12,R. Nelson,R. Nelson,13.0,"Injury, Thigh Injury",1
ENG-Premier League,2223,Arsenal,Rob Holding,ENG,DF,26,1995,14,6,566,6.3,1,0,1,1,0,0,0,0,0.16,0.0,0.16,0.16,0.16,R. Holding,R. Holding,24.0,"Ankle Injury, Injury",1
ENG-Premier League,2223,Arsenal,Takehiro Tomiyasu,JPN,DF,23,1998,21,6,663,7.4,0,1,1,0,0,0,2,0,0.0,0.14,0.14,0.0,0.14,T. Tomiyasu,T. Tomiyasu,28.0,"Thigh Injury, Injury, Knee Injury, Calf Injury, National selection, International duty, Health problems",1
ENG-Premier League,2223,Arsenal,Thomas Partey,GHA,MF,29,1993,33,28,2483,27.6,3,0,3,3,0,0,5,0,0.11,0.0,0.11,0.11,0.11,T. Partey,T. Partey,26.0,"Thigh Injury, Muscle Injury",1
ENG-Premier League,2223,Arsenal,William Saliba,FRA,DF,21,2001,27,27,2415,26.8,2,1,3,2,0,0,4,0,0.07,0.04,0.11,0.07,0.11,W. Saliba,W. Saliba,11.0,Back Injury,1
ENG-Premier League,2223,Aston Villa,Ashley Young,ENG,DF,37,1985,29,23,2036,22.6,1,0,1,1,0,0,7,0,0.04,0.0,0.04,0.04,0.04,A. Young,A. Young,6.0,"Red Card, Injury",1
ENG-Premier League,2223,Aston Villa,Bertrand Traoré,BFA,MF,26,1995,8,1,233,2.6,2,0,2,2,0,0,1,0,0.77,0.0,0.77,0.77,0.77,B. Traoré,,0.0,None,0
ENG-Premier League,2223,Aston Villa,Boubacar Kamara,FRA,MF,22,1999,24,21,1777,19.7,0,1,1,0,0,0,4,0,0.0,0.05,0.05,0.0,0.05,B. Kamara,B. Kamara,31.0,"Knee Injury, Ankle Injury, Yellow Cards, Red Card",1
ENG-Premier League,2223,Aston Villa,Calum Chambers,ENG,DF,27,1995,14,2,353,3.9,0,0,0,0,0,0,2,0,0.0,0.0,0.0,0.0,0.0,C. Chambers,,0.0,None,0
ENG-Premier League,2223,Aston Villa,Cameron Archer,ENG,"FW,MF",21,2001,6,0,49,0.5,0,0,0,0,0,0,0,0,0.0,0.0,0.0,0.0,0.0,C. Archer,C. Archer,5.0,Calf Injury,1
ENG-Premier League,2223,Aston Villa,Danny Ings,ENG,FW,30,1992,18,8,824,9.2,6,0,6,4,2,2,3,0,0.66,0.0,0.66,0.44,0.44,D. Ings,,0.0,None,0
ENG-Premier League,2223,Aston Villa,Diego Carlos,BRA,DF,29,1993,3,2,205,2.3,0,0,0,0,0,0,0,0,0.0,0.0,0.0,0.0,0.0,D. Carlos,,0.0,None,0
ENG-Premier League,2223,Aston Villa,Douglas Luiz,BRA,MF,24,1998,37,33,2927,32.5,6,6,12,6,0,0,6,1,0.18,0.18,0.37,0.18,0.37,D. Luiz,,0.0,None,0
ENG-Premier League,2223,Aston Villa,Emi Buendía,ARG,"MF,FW",25,1996,38,27,2412,26.8,5,2,7,5,0,0,0,0,0.19,0.07,0.26,0.19,0.26,E. Buendía,,0.0,None,0
ENG-Premier League,2223,Aston Villa,Emiliano Martínez,ARG,GK,29,1992,36,36,3139,34.9,0,0,0,0,0,0,7,0,0.0,0.0,0.0,0.0,0.0,E. Martínez,,0.0,None,0
ENG-Premier League,2223,Aston Villa,Ezri Konsa,ENG,DF,24,1997,38,37,3322,36.9,0,0,0,0,0,0,6,0,0.0,0.0,0.0,0.0,0.0,E. Konsa,E. Konsa,3.0,Knee Injury,1
ENG-Premier League,2223,Aston Villa,Jacob Ramsey,ENG,MF,21,2001,35,31,2636,29.3,6,7,13,6,0,0,5,0,0.2,0.24,0.44,0.2,0.44,J. Ramsey,J. Ramsey,24.0,"Thigh Injury, Foot Injury, Injury, Ankle Injury",1
ENG-Premier League,2223,Aston Villa,Jan Bednarek,POL,DF,26,1996,3,1,100,1.1,0,0,0,0,0,0,0,0,0.0,0.0,0.0,0.0,0.0,J. Bednarek,J. Bednarek,1.0,Loan agreement,1
ENG-Premier League,2223,Aston Villa,John McGinn,SCO,MF,27,1994,34,30,2693,29.9,1,3,4,1,0,0,7,0,0.03,0.1,0.13,0.03,0.13,J. McGinn,J. McGinn,4.0,"Thigh Injury, Red Card",1
ENG-Premier League,2223,Aston Villa,Jáder Durán,COL,FW,18,2003,12,0,136,1.5,0,0,0,0,0,0,1,0,0.0,0.0,0.0,0.0,0.0,J. Durán,,0.0,None,0
ENG-Premier League,2223,Aston Villa,Leander Dendoncker,BEL,MF,27,1995,20,7,697,7.7,0,0,0,0,0,0,0,0,0.0,0.0,0.0,0.0,0.0,L. Dendoncker,L. Dendoncker,8.0,"Illness, Red Card, Personal Reasons, Muscle Injury",1
ENG-Premier League,2223,Aston Villa,Leon Bailey,JAM,"FW,MF",24,1997,33,26,1967,21.9,4,4,8,4,0,0,4,0,0.18,0.18,0.37,0.18,0.37,L. Bailey,L. Bailey,6.0,"Muscle Injury, Thigh Injury",1
ENG-Premier League,2223,Aston Villa,Lucas Digne,FRA,DF,29,1993,28,18,1502,16.7,1,0,1,1,0,0,5,0,0.06,0.0,0.06,0.06,0.06,L. Digne,L. Digne,11.0,"Ankle Injury, Shoulder Injury, Yellow Cards, Thigh Injury",1
ENG-Premier League,2223,Aston Villa,Ludwig Augustinsson,SWE,DF,28,1994,3,1,77,0.9,0,0,0,0,0,0,1,0,0.0,0.0,0.0,0.0,0.0,L. Augustinsson,L. Augustinsson,6.0,"Thigh Injury, Knock",1
ENG-Premier League,2223,Aston Villa,Matty Cash,POL,DF,24,1997,26,20,1820,20.2,0,1,1,0,0,0,4,0,0.0,0.05,0.05,0.0,0.05,M. Cash,M. Cash,16.0,"Muscle Injury, Knock, Calf Injury, Yellow Cards, Hamstring Injury",1
ENG-Premier League,2223,Aston Villa,Morgan Sanson,FRA,MF,27,1994,2,0,11,0.1,0,0,0,0,0,0,0,0,0.0,0.0,0.0,0.0,0.0,M. Sanson,,0.0,None,0
ENG-Premier League,2223,Aston Villa,Ollie Watkins,ENG,FW,26,1995,37,36,3127,34.7,15,6,21,14,1,2,4,0,0.43,0.17,0.6,0.4,0.58,O. Watkins,O. Watkins,1.0,Thigh Injury,1
ENG-Premier League,2223,Aston Villa,Philippe Coutinho,BRA,"FW,MF",30,1992,20,7,788,8.8,1,0,1,1,0,0,3,0,0.11,0.0,0.11,0.11,0.11,P. Coutinho,,0.0,None,0
ENG-Premier League,2223,Aston Villa,Robin Olsen,SWE,GK,32,1990,4,2,281,3.1,0,0,0,0,0,0,0,0,0.0,0.0,0.0,0.0,0.0,R. Olsen,R. Olsen,4.0,Knock,1
ENG-Premier League,2223,Aston Villa,Tyrone Mings,ENG,DF,29,1993,35,35,3150,35.0,1,2,3,1,0,0,7,0,0.03,0.06,0.09,0.03,0.09,T. Mings,T. Mings,37.0,Knee Injury,1
ENG-Premier League,2223,Aston Villa,Álex Moreno,ESP,DF,29,1993,19,14,1329,14.8,0,3,3,0,0,0,3,0,0.0,0.2,0.2,0.0,0.2,Á. Moreno,,0.0,None,0
ENG-Premier League,2223,Bournemouth,Adam Smith,ENG,DF,31,1991,37,34,2943,32.7,0,1,1,0,0,0,11,0,0.0,0.03,0.03,0.0,0.03,A. Smith,A. Smith,5.0,"Yellow Cards, Muscle Injury, Injury",1
ENG-Premier League,2223,Bournemouth,Antoine Semenyo,GHA,"MF,FW",22,2000,11,2,258,2.9,1,0,1,1,0,0,0,0,0.35,0.0,0.35,0.35,0.35,A. Semenyo,A. Semenyo,4.0,"Leg Injury, National selection, Injury",1
ENG-Premier League,2223,Bournemouth,Ben Pearson,ENG,MF,27,1995,7,3,286,3.2,0,0,0,0,0,0,1,0,0.0,0.0,0.0,0.0,0.0,B. Pearson,B. Pearson,5.0,Injury,1
ENG-Premier League,2223,Bournemouth,Chris Mepham,WAL,DF,24,1997,26,24,2199,24.4,0,0,0,0,0,0,7,0,0.0,0.0,0.0,0.0,0.0,C. Mepham,C. Mepham,11.0,"Yellow Cards, Muscle Injury, Illness",1
ENG-Premier League,2223,Bournemouth,Dango Ouattara,BFA,MF,20,2002,19,15,1241,13.8,1,3,4,1,0,0,1,0,0.07,0.22,0.29,0.07,0.29,D. Ouattara,D. Ouattara,2.0,"National selection, International duty",1
ENG-Premier League,2223,Bournemouth,David Brooks,WAL,MF,25,1997,6,2,173,1.9,0,0,0,0,0,0,1,0,0.0,0.0,0.0,0.0,0.0,D. Brooks,D. Brooks,25.0,"Illness, Thigh Injury",1
ENG-Premier League,2223,Bournemouth,Dominic Solanke,ENG,FW,24,1997,33,32,2860,31.8,6,7,13,6,0,0,2,0,0.19,0.22,0.41,0.19,0.41,D. Solanke,D. Solanke,3.0,"Ankle Injury, Knee Injury",1
ENG-Premier League,2223,Bournemouth,Emiliano Marcondes,DEN,"FW,MF",27,1995,1,0,9,0.1,0,0,0,0,0,0,0,0,0.0,0.0,0.0,0.0,0.0,E. Marcondes,E. Marcondes,17.0,Ankle Injury,1
ENG-Premier League,2223,Bournemouth,Hamed Junior Traorè,CIV,MF,22,2000,7,5,427,4.7,0,0,0,0,0,0,0,0,0.0,0.0,0.0,0.0,0.0,H. Junior Traorè,,0.0,None,0
ENG-Premier League,2223,Bournemouth,Illia Zabarnyi,UKR,DF,19,2002,5,3,299,3.3,0,0,0,0,0,0,0,0,0.0,0.0,0.0,0.0,0.0,I. Zabarnyi,I. Zabarnyi,5.0,Ankle Injury,1
ENG-Premier League,2223,Bournemouth,Jack Stacey,ENG,"DF,MF",26,1996,10,3,299,3.3,0,0,0,0,0,0,2,0,0.0,0.0,0.0,0.0,0.0,J. Stacey,,0.0,None,0
ENG-Premier League,2223,Bournemouth,Jack Stephens,ENG,DF,28,1994,15,13,1173,13.0,0,0,0,0,0,0,3,0,0.0,0.0,0.0,0.0,0.0,J. Stephens,J. Stephens,1.0,Loan agreement,1
ENG-Premier League,2223,Bournemouth,Jaidon Anthony,ENG,MF,22,1999,30,11,1257,14.0,3,1,4,3,0,0,2,0,0.21,0.07,0.29,0.21,0.29,J. Anthony,,0.0,None,0
ENG-Premier League,2223,Bournemouth,Jamal Lowe,JAM,"FW,MF",28,1994,2,0,12,0.1,0,0,0,0,0,0,0,0,0.0,0.0,0.0,0.0,0.0,J. Lowe,,0.0,None,0
ENG-Premier League,2223,Bournemouth,Jefferson Lerma,COL,MF,27,1994,37,37,3252,36.1,5,0,5,5,0,0,7,0,0.14,0.0,0.14,0.14,0.14,J. Lerma,J. Lerma,10.0,Thigh Injury,1
ENG-Premier League,2223,Bournemouth,Joe Rothwell,ENG,MF,27,1995,20,12,1016,11.3,0,1,1,0,0,0,1,0,0.0,0.09,0.09,0.0,0.09,J. Rothwell,J. Rothwell,10.0,Thigh Injury,1
ENG-Premier League,2223,Bournemouth,Jordan Zemura,ZIM,"DF,MF",22,1999,19,17,1454,16.2,0,1,1,0,0,0,1,0,0.0,0.06,0.06,0.0,0.06,J. Zemura,,0.0,None,0
ENG-Premier League,2223,Bournemouth,Junior Stanislas,ENG,MF,32,1989,4,0,61,0.7,0,0,0,0,0,0,0,0,0.0,0.0,0.0,0.0,0.0,J. Stanislas,J. Stanislas,26.0,"Groin Injury, Injury",1
ENG-Premier League,2223,Bournemouth,Kieffer Moore,WAL,FW,29,1992,27,12,1279,14.2,4,0,4,4,0,0,1,0,0.28,0.0,0.28,0.28,0.28,K. Moore,K. Moore,1.0,Head Injury,1
ENG-Premier League,2223,Bournemouth,Lewis Cook,ENG,MF,25,1997,28,18,1720,19.1,0,2,2,0,0,0,4,0,0.0,0.1,0.1,0.0,0.1,L. Cook,L. Cook,9.0,"Knee Injury, Hip Injury, Red Card, Groin Injury",1
ENG-Premier League,2223,Bournemouth,Lloyd Kelly,ENG,DF,23,1998,23,23,2040,22.7,0,2,2,0,0,0,3,0,0.0,0.09,0.09,0.0,0.09,L. Kelly,L. Kelly,24.0,"Ankle Injury, Calf Injury, Injury, Thigh Injury, Hip Injury",1
ENG-Premier League,2223,Bournemouth,Marcos Senesi,ARG,DF,25,1997,31,29,2491,27.7,2,0,2,2,0,0,7,0,0.07,0.0,0.07,0.07,0.07,M. Senesi,M. Senesi,6.0,"Thigh Injury, Yellow Cards",1
ENG-Premier League,2223,Bournemouth,Marcus Tavernier,ENG,MF,23,1999,23,19,1743,19.4,5,4,9,5,0,0,1,0,0.26,0.21,0.46,0.26,0.46,M. Tavernier,M. Tavernier,23.0,"Injury, Thigh Injury",1
ENG-Premier League,2223,Bournemouth,Mark Travers,IRL,GK,23,1999,12,11,1035,11.5,0,0,0,0,0,0,0,0,0.0,0.0,0.0,0.0,0.0,M. Travers,,0.0,None,0
ENG-Premier League,2223,Bournemouth,Matías Viña,URU,"DF,MF",24,1997,12,5,458,5.1,2,0,2,2,0,0,1,0,0.39,0.0,0.39,0.39,0.39,M. Viña,,0.0,None,0
ENG-Premier League,2223,Bournemouth,Neto,BRA,GK,33,1989,27,27,2385,26.5,0,0,0,0,0,0,4,0,0.0,0.0,0.0,0.0,0.0,Neto,Neto,8.0,"Thigh Injury, Ankle Injury",1
ENG-Premier League,2223,Bournemouth,Owen Bevan,WAL,DF,18,2003,1,0,9,0.1,0,0,0,0,0,0,0,0,0.0,0.0,0.0,0.0,0.0,O. Bevan,,0.0,None,0
ENG-Premier League,2223,Bournemouth,Philip Billing,DEN,"MF,FW",26,1996,36,34,2764,30.7,7,1,8,7,0,0,5,0,0.23,0.03,0.26,0.23,0.26,P. Billing,P. Billing,1.0,Red Card,1
ENG-Premier League,2223,Bournemouth,Ryan Christie,SCO,MF,27,1995,32,22,1834,20.4,1,1,2,1,0,0,2,0,0.05,0.05,0.1,0.05,0.1,R. Christie,,0.0,None,0
ENG-Premier League,2223,Bournemouth,Ryan Fredericks,ENG,DF,29,1992,12,5,533,5.9,0,0,0,0,0,0,1,0,0.0,0.0,0.0,0.0,0.0,R. Fredericks,R. Fredericks,59.0,"Calf Injury, Injury, Illness",1
ENG-Premier League,2223,Bournemouth,Siriki Dembélé,CIV,"FW,MF",25,1996,6,0,110,1.2,0,0,0,0,0,0,0,0,0.0,0.0,0.0,0.0,0.0,S. Dembélé,,0.0,None,0
ENG-Premier League,2223,Brentford,Aaron Hickey,SCO,DF,20,2002,26,23,1916,21.3,0,1,1,0,0,0,7,0,0.0,0.05,0.05,0.0,0.05,A. Hickey,A. Hickey,36.0,"Ankle Injury, Yellow Cards, Thigh Injury",1
ENG-Premier League,2223,Brentford,Ben Mee,ENG,DF,32,1989,37,37,3269,36.3,3,2,5,3,0,0,2,0,0.08,0.06,0.14,0.08,0.14,B. Mee,B. Mee,18.0,"Muscle Injury, Knock, Red Card, Broken ankle",1
ENG-Premier League,2223,Brentford,Bryan Mbeumo,CMR,FW,22,1999,38,36,2906,32.3,9,8,17,8,1,1,5,0,0.28,0.25,0.53,0.25,0.5,B. Mbeumo,B. Mbeumo,13.0,Ankle Injury,1
ENG-Premier League,2223,Brentford,Christian Nørgaard,DEN,MF,28,1994,22,21,1763,19.6,1,3,4,1,0,0,6,0,0.05,0.15,0.2,0.05,0.2,C. Nørgaard,,0.0,None,0
ENG-Premier League,2223,Brentford,David Raya,ESP,GK,26,1995,38,38,3420,38.0,0,0,0,0,0,0,1,0,0.0,0.0,0.0,0.0,0.0,D. Raya,D. Raya,2.0,Loan agreement,1
ENG-Premier League,2223,Brentford,Ethan Pinnock,JAM,DF,29,1993,30,30,2700,30.0,3,0,3,3,0,0,0,0,0.1,0.0,0.1,0.1,0.1,E. Pinnock,E. Pinnock,16.0,"Muscle Injury, Ankle Injury",1
ENG-Premier League,2223,Brentford,Frank Onyeka,NGA,MF,24,1998,21,8,848,9.4,0,2,2,0,0,0,0,0,0.0,0.21,0.21,0.0,0.21,F. Onyeka,F. Onyeka,14.0,"Thigh Injury, Yellow Cards, National selection, International duty",1
ENG-Premier League,2223,Brentford,Halil Dervişoğlu,TUR,FW,22,1999,1,0,8,0.1,0,0,0,0,0,0,0,0,0.0,0.0,0.0,0.0,0.0,H. Dervişoğlu,,0.0,None,0
ENG-Premier League,2223,Brentford,Ivan Toney,ENG,FW,26,1996,33,33,2951,32.8,20,4,24,14,6,7,9,0,0.61,0.12,0.73,0.43,0.55,I. Toney,I. Toney,22.0,"Yellow Cards, Suspended",1
ENG-Premier League,2223,Brentford,Josh Dasilva,ENG,MF,23,1998,36,14,1389,15.4,4,2,6,4,0,0,1,0,0.26,0.13,0.39,0.26,0.39,J. Dasilva,J. Dasilva,33.0,"Thigh Injury, Knee Injury",1
ENG-Premier League,2223,Brentford,Keane Lewis-Potter,ENG,FW,21,2001,10,3,321,3.6,0,1,1,0,0,0,0,0,0.0,0.28,0.28,0.0,0.28,K. Lewis-Potter,K. Lewis-Potter,20.0,"Ankle Injury, Knee Injury, Calf Injury",1
ENG-Premier League,2223,Brentford,Kevin Schade,GER,FW,20,2001,18,7,732,8.1,0,1,1,0,0,0,2,0,0.0,0.12,0.12,0.0,0.12,K. Schade,K. Schade,26.0,Hip Injury,1
ENG-Premier League,2223,Brentford,Kristoffer Ajer,NOR,DF,24,1998,9,9,763,8.5,0,0,0,0,0,0,0,0,0.0,0.0,0.0,0.0,0.0,K. Ajer,K. Ajer,22.0,"Thigh Injury, Knee Injury, Calf Injury, Ankle Injury",1
ENG-Premier League,2223,Brentford,Mads Bech Sørensen,DEN,DF,23,1999,4,0,21,0.2,0,0,0,0,0,0,0,0,0.0,0.0,0.0,0.0,0.0,M. Bech Sørensen,,0.0,None,0
ENG-Premier League,2223,Brentford,Mads Roerslev,DEN,"MF,DF",23,1999,20,12,1108,12.3,0,0,0,0,0,0,0,0,0.0,0.0,0.0,0.0,0.0,M. Roerslev,,0.0,None,0
ENG-Premier League,2223,Brentford,Mathias Jensen,DEN,MF,26,1996,37,37,2803,31.1,5,6,11,5,0,0,5,0,0.16,0.19,0.35,0.16,0.35,M. Jensen,M. Jensen,4.0,Knock,1
ENG-Premier League,2223,Brentford,Mathias Jørgensen,DEN,DF,32,1990,18,11,1103,12.3,0,0,0,0,0,0,2,0,0.0,0.0,0.0,0.0,0.0,M. Jørgensen,,0.0,None,0
ENG-Premier League,2223,Brentford,Mikkel Damsgaard,DEN,"MF,FW",22,2000,26,9,988,11.0,0,0,0,0,0,0,4,0,0.0,0.0,0.0,0.0,0.0,M. Damsgaard,M. Damsgaard,11.0,Knock,1
ENG-Premier League,2223,Brentford,Pontus Jansson,SWE,DF,31,1991,12,9,724,8.0,1,0,1,1,0,0,0,0,0.12,0.0,0.12,0.12,0.12,P. Jansson,P. Jansson,21.0,"Foot Injury, Thigh Injury",1
ENG-Premier League,2223,Brentford,Rico Henry,JAM,"DF,MF",25,1997,37,37,3238,36.0,0,2,2,0,0,0,4,0,0.0,0.06,0.06,0.0,0.06,R. Henry,R. Henry,33.0,Knee Injury,1
ENG-Premier League,2223,Brentford,Saman Ghoddos,IRN,"FW,MF",28,1993,15,0,139,1.5,0,0,0,0,0,0,0,0,0.0,0.0,0.0,0.0,0.0,S. Ghoddos,S. Ghoddos,3.0,"National selection, International duty",1
ENG-Premier League,2223,Brentford,Sergi Canós,ESP,"FW,MF",25,1997,5,0,77,0.9,0,0,0,0,0,0,0,0,0.0,0.0,0.0,0.0,0.0,S. Canós,,0.0,None,0
ENG-Premier League,2223,Brentford,Shandon Baptiste,GRN,MF,24,1998,23,4,618,6.9,0,1,1,0,0,0,3,1,0.0,0.15,0.15,0.0,0.15,S. Baptiste,S. Baptiste,17.0,"Muscle Injury, Red Card, Shoulder Injury, Foot Injury",1
ENG-Premier League,2223,Brentford,Vitaly Janelt,GER,MF,24,1998,35,24,2208,24.5,3,1,4,3,0,0,3,0,0.12,0.04,0.16,0.12,0.16,V. Janelt,V. Janelt,3.0,Knee Injury,1
ENG-Premier League,2223,Brentford,Yoane Wissa,COD,FW,25,1996,38,16,1606,17.8,7,3,10,7,0,0,3,0,0.39,0.17,0.56,0.39,0.56,Y. Wissa,Y. Wissa,4.0,"National selection, International duty",1
ENG-Premier League,2223,Brighton,Adam Lallana,ENG,MF,34,1988,16,12,722,8.0,2,1,3,2,0,0,0,0,0.25,0.12,0.37,0.25,0.37,A. Lallana,A. Lallana,24.0,"Calf Injury, Injury, Thigh Injury, Lacking Match Fitness",1
ENG-Premier League,2223,Brighton,Adam Webster,ENG,DF,27,1995,27,23,1985,22.1,0,0,0,0,0,0,2,0,0.0,0.0,0.0,0.0,0.0,A. Webster,A. Webster,16.0,"Knock, Muscle Injury",1
ENG-Premier League,2223,Brighton,Alexis Mac Allister,ARG,MF,23,1998,35,31,2886,32.1,10,2,12,4,6,6,8,0,0.31,0.06,0.37,0.12,0.19,A. Mac Allister,A. Mac Allister,8.0,"Rest, Yellow Cards, Knee Injury",1
ENG-Premier League,2223,Brighton,Andrew Moran,IRL,MF,18,2003,1,0,12,0.1,0,0,0,0,0,0,0,0,0.0,0.0,0.0,0.0,0.0,A. Moran,,0.0,None,0
ENG-Premier League,2223,Brighton,Billy Gilmour,SCO,MF,21,2001,14,7,507,5.6,0,1,1,0,0,0,1,0,0.0,0.18,0.18,0.0,0.18,B. Gilmour,B. Gilmour,5.0,"Knock, Knee Injury",1
ENG-Premier League,2223,Brighton,Cameron Peupion,AUS,MF,19,2002,1,0,6,0.1,0,0,0,0,0,0,0,0,0.0,0.0,0.0,0.0,0.0,C. Peupion,,0.0,None,0
ENG-Premier League,2223,Brighton,Danny Welbeck,ENG,FW,31,1990,31,21,1854,20.6,6,3,9,6,0,0,0,0,0.29,0.15,0.44,0.29,0.44,D. Welbeck,D. Welbeck,12.0,"Knock, Calf Injury, Muscle Injury",1
ENG-Premier League,2223,Brighton,Deniz Undav,GER,"MF,FW",26,1996,22,6,628,7.0,5,0,5,5,0,0,2,0,0.72,0.0,0.72,0.72,0.72,D. Undav,,0.0,None,0
ENG-Premier League,2223,Brighton,Enock Mwepu,ZAM,"MF,FW",24,1998,6,2,213,2.4,0,1,1,0,0,0,0,0,0.0,0.42,0.42,0.0,0.42,E. Mwepu,E. Mwepu,2.0,Illness,1
ENG-Premier League,2223,Brighton,Evan Ferguson,IRL,FW,17,2004,19,10,950,10.6,6,2,8,6,0,0,1,0,0.57,0.19,0.76,0.57,0.76,E. Ferguson,E. Ferguson,12.0,"Knee Injury, Ankle Injury",1
ENG-Premier League,2223,Brighton,Facundo Buonanotte,ARG,MF,17,2004,13,6,565,6.3,1,1,2,1,0,0,2,0,0.16,0.16,0.32,0.16,0.32,F. Buonanotte,,0.0,None,0
ENG-Premier League,2223,Brighton,Jack Hinshelwood,ENG,"DF,MF",17,2005,1,0,2,0.0,0,0,0,0,0,0,0,0,0.0,0.0,0.0,0.0,0.0,J. Hinshelwood,J. Hinshelwood,14.0,Ankle Injury,1
ENG-Premier League,2223,Brighton,Jan Paul van Hecke,NED,DF,22,2000,8,3,295,3.3,0,0,0,0,0,0,2,0,0.0,0.0,0.0,0.0,0.0,J. Paul van Hecke,,0.0,None,0
ENG-Premier League,2223,Brighton,Jason Steele,ENG,GK,31,1990,15,15,1350,15.0,0,1,1,0,0,0,1,0,0.0,0.07,0.07,0.0,0.07,J. Steele,,0.0,None,0
ENG-Premier League,2223,Brighton,Jeremy Sarmiento,ECU,MF,20,2002,9,1,176,2.0,0,1,1,0,0,0,1,0,0.0,0.51,0.51,0.0,0.51,J. Sarmiento,J. Sarmiento,16.0,"Knee Injury, Ankle Injury",1
ENG-Premier League,2223,Brighton,Joël Veltman,NED,DF,30,1992,31,25,2188,24.3,1,1,2,1,0,0,6,0,0.04,0.04,0.08,0.04,0.08,J. Veltman,J. Veltman,13.0,"Muscle Injury, Knee Injury, Knock",1
ENG-Premier League,2223,Brighton,Julio Enciso,PAR,"MF,FW",18,2004,20,7,806,9.0,4,2,6,4,0,0,1,0,0.45,0.22,0.67,0.45,0.67,J. Enciso,J. Enciso,24.0,"Knee Injury, Knock",1
ENG-Premier League,2223,Brighton,Kaoru Mitoma,JPN,MF,25,1997,33,24,2318,25.8,7,5,12,7,0,0,0,0,0.27,0.19,0.47,0.27,0.47,K. Mitoma,K. Mitoma,21.0,"Ankle Injury, Injury, National selection, International duty, Back Injury",1
ENG-Premier League,2223,Brighton,Leandro Trossard,BEL,"MF,FW",27,1994,16,16,1315,14.6,7,2,9,7,0,0,1,0,0.48,0.14,0.62,0.48,0.62,L. Trossard,L. Trossard,2.0,"Coach's decision, Muscle Injury",1
ENG-Premier League,2223,Brighton,Levi Colwill,ENG,DF,19,2003,17,13,1220,13.6,0,2,2,0,0,0,1,0,0.0,0.15,0.15,0.0,0.15,L. Colwill,L. Colwill,14.0,"Muscle Injury, Loan agreement, Injury, Ankle Injury",1
ENG-Premier League,2223,Brighton,Lewis Dunk,ENG,DF,30,1991,36,36,3239,36.0,1,0,1,1,0,0,4,0,0.03,0.0,0.03,0.03,0.03,L. Dunk,L. Dunk,5.0,"Groin Injury, Red Card, Yellow Cards, Knee Injury",1
ENG-Premier League,2223,Brighton,Moisés Caicedo,ECU,MF,20,2001,37,34,3139,34.9,1,1,2,1,0,0,10,0,0.03,0.03,0.06,0.03,0.06,M. Caicedo,M. Caicedo,4.0,"Suspended, Thigh Injury, Inactive, Illness",1
ENG-Premier League,2223,Brighton,Odeluga Offiah,ENG,DF,19,2002,2,0,25,0.3,0,0,0,0,0,0,0,0,0.0,0.0,0.0,0.0,0.0,O. Offiah,,0.0,None,0
ENG-Premier League,2223,Brighton,Pascal Groß,GER,"MF,DF",31,1991,37,37,3239,36.0,9,8,17,9,0,0,6,0,0.25,0.22,0.47,0.25,0.47,P. Groß,,0.0,None,0
ENG-Premier League,2223,Brighton,Pervis Estupiñán,ECU,"DF,MF",24,1998,35,31,2675,29.7,1,5,6,1,0,0,4,0,0.03,0.17,0.2,0.03,0.2,P. Estupiñán,,0.0,None,0
ENG-Premier League,2223,Brighton,Robert Sánchez,ESP,GK,24,1997,23,23,2070,23.0,0,0,0,0,0,0,2,0,0.0,0.0,0.0,0.0,0.0,R. Sánchez,,0.0,None,0
ENG-Premier League,2223,Brighton,Solly March,ENG,MF,28,1994,33,31,2715,30.2,6,7,13,6,0,0,2,0,0.2,0.23,0.43,0.2,0.43,S. March,S. March,34.0,"Thigh Injury, Knee Injury",1
ENG-Premier League,2223,Brighton,Tariq Lamptey,GHA,"DF,MF",21,2000,20,3,453,5.0,0,0,0,0,0,0,1,0,0.0,0.0,0.0,0.0,0.0,T. Lamptey,T. Lamptey,29.0,"Knee Injury, Injury, Muscle Injury",1
ENG-Premier League,2223,Brighton,Yasin Ayari,SWE,MF,18,2003,3,1,67,0.7,0,0,0,0,0,0,0,0,0.0,0.0,0.0,0.0,0.0,Y. Ayari,,0.0,None,0
ENG-Premier League,2223,Chelsea,Armando Broja,ALB,FW,20,2001,12,2,294,3.3,1,0,1,1,0,0,0,0,0.31,0.0,0.31,0.31,0.31,A. Broja,A. Broja,33.0,"Injury, Knee Injury",1
ENG-Premier League,2223,Chelsea,Ben Chilwell,ENG,"MF,DF",25,1996,23,15,1408,15.6,2,2,4,2,0,0,3,0,0.13,0.13,0.26,0.13,0.26,B. Chilwell,B. Chilwell,34.0,"Thigh Injury, Muscle Injury, Knee Injury",1
ENG-Premier League,2223,Chelsea,Benoît Badiashile,FRA,DF,21,2001,11,10,905,10.1,1,0,1,1,0,0,2,0,0.1,0.0,0.1,0.1,0.1,B. Badiashile,B. Badiashile,14.0,Groin Injury,1
ENG-Premier League,2223,Chelsea,Carney Chukwuemeka,AUT,MF,18,2003,14,2,354,3.9,0,0,0,0,0,0,0,0,0.0,0.0,0.0,0.0,0.0,C. Chukwuemeka,C. Chukwuemeka,29.0,"Illness, Thigh Injury, Muscle Injury, Knee Injury, Injury",1
ENG-Premier League,2223,Chelsea,Christian Pulisic,USA,"MF,FW",23,1998,24,8,821,9.1,1,1,2,1,0,0,1,0,0.11,0.11,0.22,0.11,0.22,C. Pulisic,C. Pulisic,8.0,Knee Injury,1
ENG-Premier League,2223,Chelsea,Conor Gallagher,ENG,MF,22,2000,35,18,1621,18.0,3,1,4,3,0,0,11,1,0.17,0.06,0.22,0.17,0.22,C. Gallagher,C. Gallagher,2.0,Red Card,1
ENG-Premier League,2223,Chelsea,César Azpilicueta,ESP,"DF,MF",32,1989,25,16,1527,17.0,0,0,0,0,0,0,3,0,0.0,0.0,0.0,0.0,0.0,C. Azpilicueta,C. Azpilicueta,7.0,Head Injury,1
ENG-Premier League,2223,Chelsea,David Datro Fofana,CIV,FW,19,2002,3,1,70,0.8,0,0,0,0,0,0,0,0,0.0,0.0,0.0,0.0,0.0,D. Datro Fofana,,0.0,None,0
ENG-Premier League,2223,Chelsea,Denis Zakaria,SUI,MF,25,1996,7,5,411,4.6,0,0,0,0,0,0,0,0,0.0,0.0,0.0,0.0,0.0,D. Zakaria,D. Zakaria,5.0,"Coach's decision, Muscle Injury",1
ENG-Premier League,2223,Chelsea,Edouard Mendy,SEN,GK,30,1992,10,9,855,9.5,0,0,0,0,0,0,1,0,0.0,0.0,0.0,0.0,0.0,E. Mendy,E. Mendy,14.0,"Knee Injury, Shoulder Injury, Finger Injury",1
ENG-Premier League,2223,Chelsea,Enzo Fernández,ARG,MF,21,2001,18,18,1547,17.2,0,2,2,0,0,0,3,0,0.0,0.12,0.12,0.0,0.12,E. Fernández,,0.0,None,0
ENG-Premier League,2223,Chelsea,Hakim Ziyech,MAR,"MF,FW",29,1993,18,6,661,7.3,0,3,3,0,0,0,1,0,0.0,0.41,0.41,0.0,0.41,H. Ziyech,H. Ziyech,1.0,Rest,1
ENG-Premier League,2223,Chelsea,Jorginho,ITA,MF,30,1991,18,15,1279,14.2,2,0,2,0,2,2,4,0,0.14,0.0,0.14,0.0,0.0,Jorginho,,0.0,None,0
ENG-Premier League,2223,Chelsea,João Félix,POR,"FW,MF",22,1999,16,11,941,10.5,4,0,4,4,0,0,1,1,0.38,0.0,0.38,0.38,0.38,J. Félix,,0.0,None,0
ENG-Premier League,2223,Chelsea,Kai Havertz,GER,"FW,MF",23,1999,35,30,2569,28.5,7,1,8,6,1,1,5,0,0.25,0.04,0.28,0.21,0.25,K. Havertz,K. Havertz,2.0,"Knee Injury, Yellow Cards",1
ENG-Premier League,2223,Chelsea,Kalidou Koulibaly,SEN,DF,31,1991,23,20,1800,20.0,2,1,3,2,0,0,7,1,0.1,0.05,0.15,0.1,0.15,K. Koulibaly,K. Koulibaly,7.0,"Red Card, Knee Injury, Injury, Thigh Injury",1
ENG-Premier League,2223,Chelsea,Kepa Arrizabalaga,ESP,GK,27,1994,29,29,2565,28.5,0,0,0,0,0,0,1,0,0.0,0.0,0.0,0.0,0.0,K. Arrizabalaga,K. Arrizabalaga,2.0,Injury,1
ENG-Premier League,2223,Chelsea,Lewis Hall,ENG,"MF,DF",17,2004,9,8,654,7.3,0,0,0,0,0,0,1,0,0.0,0.0,0.0,0.0,0.0,L. Hall,L. Hall,2.0,Loan agreement,1
ENG-Premier League,2223,Chelsea,Marc Cucurella,ESP,"DF,MF",24,1998,24,21,1671,18.6,0,2,2,0,0,0,4,0,0.0,0.11,0.11,0.0,0.11,M. Cucurella,M. Cucurella,17.0,"Illness, Thigh Injury, Yellow Cards, Ankle Injury",1
ENG-Premier League,2223,Chelsea,Mason Mount,ENG,MF,23,1999,24,20,1648,18.3,3,2,5,3,0,0,4,0,0.16,0.11,0.27,0.16,0.27,M. Mount,M. Mount,36.0,"Injury, Abdominal strain, Muscle Injury, Pelvis Injury, Hamstring Injury",1
ENG-Premier League,2223,Chelsea,Mateo Kovačić,CRO,MF,28,1994,27,17,1707,19.0,1,2,3,1,0,0,8,0,0.05,0.11,0.16,0.05,0.16,M. Kovačić,,0.0,None,0
ENG-Premier League,2223,Chelsea,Mykhailo Mudryk,UKR,"FW,MF",21,2001,15,7,657,7.3,0,2,2,0,0,0,1,0,0.0,0.27,0.27,0.0,0.27,M. Mudryk,M. Mudryk,3.0,"Injury, Muscle Injury, Head Injury",1
ENG-Premier League,2223,Chelsea,N'Golo Kanté,FRA,MF,31,1991,7,6,518,5.8,0,1,1,0,0,0,1,0,0.0,0.17,0.17,0.0,0.17,N. Kanté,,0.0,None,0
ENG-Premier League,2223,Chelsea,Noni Madueke,ENG,"FW,MF",20,2002,12,7,643,7.1,1,0,1,1,0,0,0,0,0.14,0.0,0.14,0.14,0.14,N. Madueke,N. Madueke,3.0,"Muscle Injury, Injury",1
ENG-Premier League,2223,Chelsea,Omari Hutchinson,ENG,MF,18,2003,1,0,23,0.3,0,0,0,0,0,0,0,0,0.0,0.0,0.0,0.0,0.0,O. Hutchinson,,0.0,None,0
ENG-Premier League,2223,Chelsea,Pierre-Emerick Aubameyang,GAB,FW,33,1989,15,5,554,6.2,1,0,1,1,0,0,1,0,0.16,0.0,0.16,0.16,0.16,P. Aubameyang,P. Aubameyang,5.0,"Face Injury, Back Injury",1
ENG-Premier League,2223,Chelsea,Raheem Sterling,ENG,"FW,MF",27,1994,28,23,1891,21.0,6,3,9,6,0,0,4,0,0.29,0.14,0.43,0.29,0.43,R. Sterling,R. Sterling,11.0,"Thigh Injury, Knee Injury, Yellow Cards, Illness, Back Injury",1
ENG-Premier League,2223,Chelsea,Reece James,ENG,"DF,MF",22,1999,16,14,1244,13.8,1,1,2,1,0,0,4,0,0.07,0.07,0.14,0.07,0.14,R. James,R. James,48.0,"Knee Injury, Thigh Injury, Illness, Hamstring Injury, Suspended, Red Card",1
ENG-Premier League,2223,Chelsea,Ruben Loftus-Cheek,ENG,MF,26,1996,25,19,1536,17.1,0,1,1,0,0,0,1,0,0.0,0.06,0.06,0.0,0.06,R. Loftus-Cheek,R. Loftus-Cheek,4.0,Calf Injury,1
ENG-Premier League,2223,Chelsea,Thiago Silva,BRA,DF,37,1984,27,26,2352,26.1,0,2,2,0,0,0,2,0,0.0,0.08,0.08,0.0,0.08,T. Silva,T. Silva,8.0,"Knee Injury, Groin Injury",1
ENG-Premier League,2223,Chelsea,Trevoh Chalobah,ENG,DF,23,1999,25,18,1608,17.9,0,0,0,0,0,0,4,0,0.0,0.0,0.0,0.0,0.0,T. Chalobah,T. Chalobah,23.0,"Injury, Thigh Injury",1
ENG-Premier League,2223,Chelsea,Wesley Fofana,FRA,DF,21,2000,15,12,1183,13.1,1,0,1,1,0,0,3,0,0.08,0.0,0.08,0.08,0.08,W. Fofana,W. Fofana,55.0,"Personal Reasons, Knee Injury, Thigh Injury, Leg Injury",1
ENG-Premier League,2223,Crystal Palace,Albert Sambi Lokonga,BEL,MF,22,1999,9,6,536,6.0,0,0,0,0,0,0,2,0,0.0,0.0,0.0,0.0,0.0,A. Sambi Lokonga,,0.0,None,0
ENG-Premier League,2223,Crystal Palace,Cheick Doucouré,MLI,MF,22,2000,34,34,2769,30.8,0,3,3,0,0,0,10,1,0.0,0.1,0.1,0.0,0.1,C. Doucouré,,0.0,None,0
ENG-Premier League,2223,Crystal Palace,Chris Richards,USA,DF,22,2000,9,4,447,5.0,0,0,0,0,0,0,0,0,0.0,0.0,0.0,0.0,0.0,C. Richards,C. Richards,11.0,"Leg Injury, Injury, Knee Injury",1
ENG-Premier League,2223,Crystal Palace,David Ozoh,ENG,MF,17,2005,1,0,1,0.0,0,0,0,0,0,0,0,0,0.0,0.0,0.0,0.0,0.0,D. Ozoh,,0.0,None,0
ENG-Premier League,2223,Crystal Palace,Eberechi Eze,ENG,"MF,FW",24,1998,38,30,2636,29.3,10,4,14,9,1,1,3,0,0.34,0.14,0.48,0.31,0.44,E. Eze,E. Eze,11.0,"Muscle Injury, Ankle Injury, Thigh Injury, Knee Injury",1
ENG-Premier League,2223,Crystal Palace,James McArthur,SCO,MF,34,1987,4,0,54,0.6,0,0,0,0,0,0,0,0,0.0,0.0,0.0,0.0,0.0,J. McArthur,J. McArthur,24.0,"Groin Injury, Knock, Hamstring Injury",1
ENG-Premier League,2223,Crystal Palace,James Tomkins,ENG,DF,33,1989,6,3,338,3.8,1,0,1,1,0,0,3,1,0.27,0.0,0.27,0.27,0.27,J. Tomkins,J. Tomkins,19.0,"Muscle Injury, Red Card, Calf Injury",1
ENG-Premier League,2223,Crystal Palace,Jaïro Riedewald,NED,"DF,MF",25,1996,6,0,64,0.7,0,0,0,0,0,0,0,0,0.0,0.0,0.0,0.0,0.0,J. Riedewald,,0.0,None,0
ENG-Premier League,2223,Crystal Palace,Jean-Philippe Mateta,FRA,FW,25,1997,29,6,770,8.6,2,0,2,2,0,0,3,0,0.23,0.0,0.23,0.23,0.23,J. Mateta,,0.0,None,0
ENG-Premier League,2223,Crystal Palace,Jeffrey Schlupp,GHA,MF,29,1992,34,30,2531,28.1,3,1,4,3,0,0,7,0,0.11,0.04,0.14,0.11,0.14,J. Schlupp,J. Schlupp,5.0,"Knock, Thigh Injury",1
ENG-Premier League,2223,Crystal Palace,Joachim Andersen,DEN,DF,26,1996,32,32,2782,30.9,1,0,1,1,0,0,8,0,0.03,0.0,0.03,0.03,0.03,J. Andersen,J. Andersen,4.0,Calf Injury,1
ENG-Premier League,2223,Crystal Palace,Joel Ward,ENG,DF,32,1989,28,24,2256,25.1,1,0,1,1,0,0,6,0,0.04,0.0,0.04,0.04,0.04,J. Ward,J. Ward,9.0,"Muscle Injury, Thigh Injury",1
ENG-Premier League,2223,Crystal Palace,Jordan Ayew,GHA,"FW,MF",30,1991,38,31,2714,30.2,4,3,7,4,0,0,5,0,0.13,0.1,0.23,0.13,0.23,J. Ayew,J. Ayew,2.0,"Red Card, National selection",1
ENG-Premier League,2223,Crystal Palace,Joseph Whitworth,ENG,GK,18,2004,2,2,180,2.0,0,0,0,0,0,0,0,0,0.0,0.0,0.0,0.0,0.0,J. Whitworth,,0.0,None,0
ENG-Premier League,2223,Crystal Palace,Luka Milivojević,SRB,MF,31,1991,18,5,512,5.7,0,0,0,0,0,0,2,0,0.0,0.0,0.0,0.0,0.0,L. Milivojević,,0.0,None,0
ENG-Premier League,2223,Crystal Palace,Malcolm Ebiowei,ENG,MF,18,2003,3,0,34,0.4,0,0,0,0,0,0,0,0,0.0,0.0,0.0,0.0,0.0,M. Ebiowei,,0.0,None,0
ENG-Premier League,2223,Crystal Palace,Marc Guéhi,ENG,DF,22,2000,37,37,3329,37.0,1,0,1,1,0,0,8,0,0.03,0.0,0.03,0.03,0.03,M. Guéhi,,0.0,None,0
ENG-Premier League,2223,Crystal Palace,Michael Olise,FRA,"MF,FW",20,2001,37,31,2749,30.5,2,11,13,2,0,0,2,0,0.07,0.36,0.43,0.07,0.43,M. Olise,M. Olise,20.0,"Foot Injury, Thigh Injury, Muscle Injury",1
ENG-Premier League,2223,Crystal Palace,Naouirou Ahamada,FRA,MF,20,2002,8,0,94,1.0,0,0,0,0,0,0,1,0,0.0,0.0,0.0,0.0,0.0,N. Ahamada,N. Ahamada,5.0,"Ankle Injury, Red Card",1
ENG-Premier League,2223,Crystal Palace,Nathaniel Clyne,ENG,DF,31,1991,22,19,1640,18.2,0,0,0,0,0,0,3,0,0.0,0.0,0.0,0.0,0.0,N. Clyne,N. Clyne,8.0,"Ankle Injury, Knee Injury",1
ENG-Premier League,2223,Crystal Palace,Odsonne Édouard,FRA,FW,24,1998,35,20,1803,20.0,5,2,7,5,0,0,3,0,0.25,0.1,0.35,0.25,0.35,O. Édouard,,0.0,None,0
ENG-Premier League,2223,Crystal Palace,Sam Johnstone,ENG,GK,29,1993,9,9,810,9.0,0,0,0,0,0,0,1,0,0.0,0.0,0.0,0.0,0.0,S. Johnstone,S. Johnstone,21.0,"Lower Back Injury, Calf Injury, Elbow Injury",1
ENG-Premier League,2223,Crystal Palace,Tyrick Mitchell,ENG,DF,22,1999,36,34,2891,32.1,0,2,2,0,0,0,5,1,0.0,0.06,0.06,0.0,0.06,T. Mitchell,T. Mitchell,3.0,"Red Card, Groin Injury",1
ENG-Premier League,2223,Crystal Palace,Vicente Guaita,ESP,GK,35,1987,27,27,2430,27.0,0,0,0,0,0,0,1,0,0.0,0.0,0.0,0.0,0.0,V. Guaita,V. Guaita,3.0,"Thigh Injury, Calf Injury",1
ENG-Premier League,2223,Crystal Palace,Wilfried Zaha,CIV,"FW,MF",29,1992,27,27,2288,25.4,7,2,9,7,0,2,5,0,0.28,0.08,0.35,0.28,0.35,W. Zaha,W. Zaha,11.0,"Knock, Hamstring Injury, Injury, Thigh Injury",1
ENG-Premier League,2223,Crystal Palace,Will Hughes,ENG,MF,27,1995,27,7,842,9.4,1,1,2,1,0,0,4,0,0.11,0.11,0.21,0.11,0.21,W. Hughes,W. Hughes,9.0,"Illness, Knee Injury, Ankle Injury",1
ENG-Premier League,2223,Everton,Abdoulaye Doucouré,MLI,MF,29,1993,25,17,1533,17.0,5,2,7,5,0,0,6,1,0.29,0.12,0.41,0.29,0.41,A. Doucouré,,0.0,None,0
ENG-Premier League,2223,Everton,Alex Iwobi,NGA,MF,26,1996,38,38,3378,37.5,2,7,9,2,0,0,2,0,0.05,0.19,0.24,0.05,0.24,A. Iwobi,A. Iwobi,5.0,"Thigh Injury, National selection, International duty",1
ENG-Premier League,2223,Everton,Amadou Onana,BEL,MF,20,2001,33,29,2488,27.6,1,2,3,1,0,0,9,0,0.04,0.07,0.11,0.04,0.11,A. Onana,A. Onana,6.0,"Yellow Cards, Muscle Injury, Calf Injury, Knee Injury",1
ENG-Premier League,2223,Everton,Anthony Gordon,ENG,"FW,MF",21,2001,16,12,1095,12.2,3,0,3,3,0,0,6,0,0.25,0.0,0.25,0.25,0.25,A. Gordon,A. Gordon,6.0,"Yellow Cards, Illness, Ankle Injury, Red Card",1
ENG-Premier League,2223,Everton,Asmir Begović,BIH,GK,35,1987,1,1,90,1.0,0,0,0,0,0,0,0,0,0.0,0.0,0.0,0.0,0.0,A. Begović,,0.0,None,0
ENG-Premier League,2223,Everton,Ben Godfrey,ENG,DF,24,1998,13,10,802,8.9,0,1,1,0,0,0,2,0,0.0,0.11,0.11,0.0,0.11,B. Godfrey,B. Godfrey,17.0,"Ankle Injury, Groin Injury",1
ENG-Premier League,2223,Everton,Conor Coady,ENG,DF,29,1993,24,23,2096,23.3,1,1,2,1,0,0,2,0,0.04,0.04,0.09,0.04,0.09,C. Coady,C. Coady,2.0,Loan agreement,1
ENG-Premier League,2223,Everton,Dele Alli,ENG,"FW,MF",26,1996,2,0,40,0.4,0,0,0,0,0,0,0,0,0.0,0.0,0.0,0.0,0.0,D. Alli,D. Alli,38.0,Muscle Injury,1
ENG-Premier League,2223,Everton,Demarai Gray,JAM,"FW,MF",26,1996,33,27,2507,27.9,4,1,5,2,2,2,3,0,0.14,0.04,0.18,0.07,0.11,D. Gray,,0.0,None,0
ENG-Premier League,2223,Everton,Dominic Calvert-Lewin,ENG,FW,25,1997,17,15,1165,12.9,2,1,3,1,1,1,3,0,0.15,0.08,0.23,0.08,0.15,D. Calvert-Lewin,D. Calvert-Lewin,22.0,"Knee Injury, Muscle Injury, Thigh Injury, Head Injury",1
ENG-Premier League,2223,Everton,Dwight McNeil,ENG,"MF,FW",22,1999,36,28,2498,27.8,7,3,10,7,0,0,5,0,0.25,0.11,0.36,0.25,0.36,D. McNeil,D. McNeil,3.0,Ankle Injury,1
ENG-Premier League,2223,Everton,Ellis Simms,ENG,FW,21,2001,11,2,228,2.5,1,0,1,1,0,0,0,0,0.39,0.0,0.39,0.39,0.39,E. Simms,,0.0,None,0
ENG-Premier League,2223,Everton,Idrissa Gana Gueye,SEN,MF,32,1989,33,32,2577,28.6,0,1,1,0,0,0,7,0,0.0,0.03,0.03,0.0,0.03,I. Gana Gueye,,0.0,None,0
ENG-Premier League,2223,Everton,Isaac Price,NIR,MF,18,2003,1,0,33,0.4,0,0,0,0,0,0,1,0,0.0,0.0,0.0,0.0,0.0,I. Price,,0.0,None,0
ENG-Premier League,2223,Everton,James Garner,ENG,MF,21,2001,16,7,804,8.9,0,1,1,0,0,0,3,0,0.0,0.11,0.11,0.0,0.11,J. Garner,J. Garner,9.0,"Back Injury, Lacking Match Fitness",1
ENG-Premier League,2223,Everton,James Tarkowski,ENG,DF,29,1992,38,38,3420,38.0,1,1,2,1,0,0,6,0,0.03,0.03,0.05,0.03,0.05,J. Tarkowski,,0.0,None,0
ENG-Premier League,2223,Everton,Jordan Pickford,ENG,GK,28,1994,37,37,3330,37.0,0,1,1,0,0,0,6,0,0.0,0.03,0.03,0.0,0.03,J. Pickford,J. Pickford,1.0,Muscle Injury,1
ENG-Premier League,2223,Everton,Mason Holgate,JAM,DF,25,1996,8,5,507,5.6,0,0,0,0,0,0,3,1,0.0,0.0,0.0,0.0,0.0,M. Holgate,M. Holgate,11.0,"Knee Injury, Red Card, Loan agreement",1
ENG-Premier League,2223,Everton,Michael Keane,ENG,DF,29,1993,12,10,985,10.9,1,2,3,1,0,0,0,0,0.09,0.18,0.27,0.09,0.27,M. Keane,M. Keane,4.0,Knee Injury,1
ENG-Premier League,2223,Everton,Nathan Patterson,SCO,"DF,MF",20,2001,19,14,1279,14.2,0,0,0,0,0,0,3,0,0.0,0.0,0.0,0.0,0.0,N. Patterson,N. Patterson,20.0,"Knee Injury, Thigh Injury",1
ENG-Premier League,2223,Everton,Neal Maupay,FRA,FW,25,1996,27,11,1118,12.4,1,0,1,1,0,0,4,0,0.08,0.0,0.08,0.08,0.08,N. Maupay,N. Maupay,2.0,Loan agreement,1
ENG-Premier League,2223,Everton,Rúben Vinagre,POR,"DF,MF",23,1999,2,0,26,0.3,0,0,0,0,0,0,0,0,0.0,0.0,0.0,0.0,0.0,R. Vinagre,R. Vinagre,9.0,Calf Injury,1
ENG-Premier League,2223,Everton,Salomón Rondón,VEN,FW,32,1989,7,1,109,1.2,0,0,0,0,0,0,0,0,0.0,0.0,0.0,0.0,0.0,S. Rondón,,0.0,None,0
ENG-Premier League,2223,Everton,Séamus Coleman,IRL,"DF,MF",33,1988,23,20,1656,18.4,1,0,1,1,0,0,1,0,0.05,0.0,0.05,0.05,0.05,S. Coleman,S. Coleman,25.0,"Thigh Injury, Knee Injury, Lacking Match Fitness, Injury, Groin Injury",1
ENG-Premier League,2223,Everton,Thomas Cannon,IRL,FW,19,2002,2,0,25,0.3,0,0,0,0,0,0,0,0,0.0,0.0,0.0,0.0,0.0,T. Cannon,,0.0,None,0
ENG-Premier League,2223,Everton,Tom Davies,ENG,MF,24,1998,19,4,538,6.0,0,0,0,0,0,0,3,0,0.0,0.0,0.0,0.0,0.0,T. Davies,T. Davies,26.0,"Injury, Thigh Injury, Knock",1
ENG-Premier League,2223,Everton,Vitaliy Mykolenko,UKR,"DF,MF",23,1999,34,30,2655,29.5,0,0,0,0,0,0,4,0,0.0,0.0,0.0,0.0,0.0,V. Mykolenko,V. Mykolenko,7.0,"Thigh Injury, Ankle Injury",1
ENG-Premier League,2223,Everton,Yerry Mina,COL,DF,27,1994,7,7,594,6.6,2,0,2,2,0,0,2,0,0.3,0.0,0.3,0.3,0.3,Y. Mina,Y. Mina,14.0,"Ankle Injury, Thigh Injury",1
ENG-Premier League,2223,Fulham,Aleksandar Mitrović,SRB,FW,27,1994,24,23,2008,22.3,14,1,15,10,4,8,7,0,0.63,0.04,0.67,0.45,0.49,A. Mitrović,,0.0,None,0
ENG-Premier League,2223,Fulham,Andreas Pereira,BRA,MF,26,1996,33,33,2692,29.9,4,6,10,3,1,1,8,0,0.13,0.2,0.33,0.1,0.3,A. Pereira,A. Pereira,5.0,Ankle Injury,1
ENG-Premier League,2223,Fulham,Antonee Robinson,USA,DF,24,1997,35,35,3088,34.3,0,1,1,0,0,0,8,0,0.0,0.03,0.03,0.0,0.03,A. Robinson,A. Robinson,3.0,"Ankle Injury, Yellow Cards",1
ENG-Premier League,2223,Fulham,Bernd Leno,GER,GK,30,1992,36,36,3240,36.0,0,0,0,0,0,0,3,0,0.0,0.0,0.0,0.0,0.0,B. Leno,,0.0,None,0
ENG-Premier League,2223,Fulham,Bobby De Cordova-Reid,JAM,"MF,DF",29,1993,36,29,2475,27.5,4,1,5,4,0,0,8,0,0.15,0.04,0.18,0.15,0.18,B. De Cordova-Reid,,0.0,None,0
ENG-Premier League,2223,Fulham,Carlos Vinícius,BRA,FW,27,1995,28,11,1109,12.3,5,2,7,5,0,0,3,0,0.41,0.16,0.57,0.41,0.57,C. Vinícius,,0.0,None,0
ENG-Premier League,2223,Fulham,Cédric Soares,POR,DF,30,1991,6,2,198,2.2,0,0,0,0,0,0,0,0,0.0,0.0,0.0,0.0,0.0,C. Soares,C. Soares,1.0,Loan agreement,1
ENG-Premier League,2223,Fulham,Daniel James,WAL,"MF,FW",24,1997,20,5,621,6.9,2,1,3,2,0,0,0,0,0.29,0.14,0.43,0.29,0.43,D. James,D. James,5.0,"Red Card, Loan agreement, Thigh Injury",1
ENG-Premier League,2223,Fulham,Harrison Reed,ENG,MF,27,1995,37,35,2866,31.8,3,4,7,3,0,0,5,0,0.09,0.13,0.22,0.09,0.22,H. Reed,H. Reed,2.0,"Yellow Cards, Injury",1
ENG-Premier League,2223,Fulham,Harry Wilson,WAL,MF,25,1997,29,13,1100,12.2,2,3,5,2,0,0,1,0,0.16,0.25,0.41,0.16,0.41,H. Wilson,H. Wilson,10.0,"Knee Injury, Injury",1
ENG-Premier League,2223,Fulham,Issa Diop,MAR,DF,25,1997,25,21,2012,22.4,1,0,1,1,0,0,2,0,0.04,0.0,0.04,0.04,0.04,I. Diop,I. Diop,11.0,"Knock, Foot Injury, Thigh Injury, Red Card",1
ENG-Premier League,2223,Fulham,Jay Stansfield,ENG,MF,19,2002,3,1,87,1.0,0,0,0,0,0,0,0,0,0.0,0.0,0.0,0.0,0.0,J. Stansfield,,0.0,None,0
ENG-Premier League,2223,Fulham,Josh Onomah,ENG,"FW,MF",25,1997,2,0,15,0.2,0,0,0,0,0,0,0,0,0.0,0.0,0.0,0.0,0.0,J. Onomah,,0.0,None,0
ENG-Premier League,2223,Fulham,João Palhinha,POR,MF,27,1995,35,35,3108,34.5,3,0,3,3,0,0,14,0,0.09,0.0,0.09,0.09,0.09,J. Palhinha,J. Palhinha,6.0,"Yellow Cards, Shoulder Injury",1
ENG-Premier League,2223,Fulham,Kenny Tete,NED,DF,26,1995,31,29,2569,28.5,1,5,6,1,0,0,8,0,0.04,0.18,0.21,0.04,0.21,K. Tete,K. Tete,11.0,"Knock, Yellow Cards, Injury, Achilles Tendon Injury",1
ENG-Premier League,2223,Fulham,Kevin Mbabu,SUI,DF,27,1995,6,1,144,1.6,0,1,1,0,0,0,1,0,0.0,0.62,0.62,0.0,0.62,K. Mbabu,,0.0,None,0
ENG-Premier League,2223,Fulham,Layvin Kurzawa,FRA,DF,29,1992,3,2,135,1.5,0,0,0,0,0,0,1,0,0.0,0.0,0.0,0.0,0.0,L. Kurzawa,L. Kurzawa,20.0,"Knock, Injury, Knee Injury",1
ENG-Premier League,2223,Fulham,Luke Harris,WAL,MF,17,2005,3,0,13,0.1,0,0,0,0,0,0,0,0,0.0,0.0,0.0,0.0,0.0,L. Harris,,0.0,None,0
ENG-Premier League,2223,Fulham,Manor Solomon,ISR,MF,23,1999,19,4,572,6.4,4,0,4,4,0,0,0,0,0.63,0.0,0.63,0.63,0.63,M. Solomon,M. Solomon,47.0,Knee Injury,1
ENG-Premier League,2223,Fulham,Marek Rodák,SVK,GK,25,1996,2,2,180,2.0,0,0,0,0,0,0,0,0,0.0,0.0,0.0,0.0,0.0,M. Rodák,,0.0,None,0
ENG-Premier League,2223,Fulham,Nathaniel Chalobah,ENG,MF,27,1994,4,1,12,0.1,0,0,0,0,0,0,0,1,0.0,0.0,0.0,0.0,0.0,N. Chalobah,N. Chalobah,4.0,"Injury, Red Card",1
ENG-Premier League,2223,Fulham,Neeskens Kebano,COD,MF,30,1992,17,9,764,8.5,0,3,3,0,0,0,0,0,0.0,0.35,0.35,0.0,0.35,N. Kebano,N. Kebano,17.0,Achilles Tendon Injury,1
ENG-Premier League,2223,Fulham,Saša Lukić,SRB,MF,25,1996,12,4,412,4.6,0,0,0,0,0,0,1,0,0.0,0.0,0.0,0.0,0.0,S. Lukić,,0.0,None,0
ENG-Premier League,2223,Fulham,Shane Duffy,IRL,"DF,MF",30,1992,5,0,20,0.2,0,0,0,0,0,0,0,0,0.0,0.0,0.0,0.0,0.0,S. Duffy,S. Duffy,4.0,"Loan agreement, Illness",1
ENG-Premier League,2223,Fulham,Tim Ream,USA,DF,34,1987,33,33,2897,32.2,1,0,1,1,0,0,2,0,0.03,0.0,0.03,0.03,0.03,T. Ream,T. Ream,9.0,"Arm Injury, Calf Injury",1
ENG-Premier League,2223,Fulham,Tom Cairney,SCO,MF,31,1991,33,6,988,11.0,2,0,2,2,0,0,2,0,0.18,0.0,0.18,0.18,0.18,T. Cairney,T. Cairney,5.0,Ankle Injury,1
ENG-Premier League,2223,Fulham,Tosin Adarabioyo,ENG,DF,24,1997,25,23,2085,23.2,1,0,1,1,0,0,4,0,0.04,0.0,0.04,0.04,0.04,T. Adarabioyo,T. Adarabioyo,8.0,Injury,1
ENG-Premier League,2223,Fulham,Tyrese Francois,AUS,MF,22,2000,1,0,1,0.0,0,0,0,0,0,0,0,0,0.0,0.0,0.0,0.0,0.0,T. Francois,,0.0,None,0
ENG-Premier League,2223,Fulham,Willian,BRA,MF,33,1988,27,25,2126,23.6,5,5,10,5,0,0,2,0,0.21,0.21,0.42,0.21,0.42,Willian,Willian,6.0,"Calf Injury, Red Card, Injury, Muscle Injury",1
ENG-Premier League,2223,Leeds United,Adam Forshaw,ENG,MF,30,1991,12,5,479,5.3,0,0,0,0,0,0,0,0,0.0,0.0,0.0,0.0,0.0,A. Forshaw,A. Forshaw,21.0,"Knee Injury, Ankle Injury, Muscle Injury",1
ENG-Premier League,2223,Leeds United,Brenden Aaronson,USA,MF,21,2000,36,28,2372,26.4,1,3,4,1,0,0,2,0,0.04,0.11,0.15,0.04,0.15,B. Aaronson,,0.0,None,0
ENG-Premier League,2223,Leeds United,Cody Drameh,ENG,DF,20,2001,1,1,69,0.8,0,0,0,0,0,0,0,0,0.0,0.0,0.0,0.0,0.0,C. Drameh,,0.0,None,0
ENG-Premier League,2223,Leeds United,Crysencio Summerville,NED,"MF,FW",20,2001,28,12,1426,15.8,4,2,6,4,0,0,4,0,0.25,0.13,0.38,0.25,0.38,C. Summerville,C. Summerville,2.0,Ankle Injury,1
ENG-Premier League,2223,Leeds United,Daniel James,WAL,MF,24,1997,4,2,198,2.2,0,0,0,0,0,0,0,0,0.0,0.0,0.0,0.0,0.0,D. James,D. James,5.0,"Red Card, Loan agreement, Thigh Injury",1
ENG-Premier League,2223,Leeds United,Darko Gyabi,ENG,MF,18,2004,1,0,8,0.1,0,0,0,0,0,0,0,0,0.0,0.0,0.0,0.0,0.0,D. Gyabi,,0.0,None,0
ENG-Premier League,2223,Leeds United,Diego Llorente,ESP,DF,28,1993,8,7,649,7.2,0,0,0,0,0,0,1,0,0.0,0.0,0.0,0.0,0.0,D. Llorente,,0.0,None,0
ENG-Premier League,2223,Leeds United,Georginio Rutter,FRA,FW,20,2002,11,1,273,3.0,0,1,1,0,0,0,0,0,0.0,0.33,0.33,0.0,0.33,G. Rutter,,0.0,None,0
ENG-Premier League,2223,Leeds United,Illan Meslier,FRA,GK,22,2000,34,34,3060,34.0,0,0,0,0,0,0,3,0,0.0,0.0,0.0,0.0,0.0,I. Meslier,,0.0,None,0
ENG-Premier League,2223,Leeds United,Jack Harrison,ENG,MF,25,1996,36,34,2708,30.1,5,7,12,5,0,0,2,0,0.17,0.23,0.4,0.17,0.4,J. Harrison,J. Harrison,6.0,"Muscle Injury, Injury, Thigh Injury",1
ENG-Premier League,2223,Leeds United,Joe Gelhardt,ENG,FW,20,2002,15,1,212,2.4,0,2,2,0,0,0,1,0,0.0,0.85,0.85,0.0,0.85,J. Gelhardt,,0.0,None,0
ENG-Premier League,2223,Leeds United,Joel Robles,ESP,GK,32,1990,4,4,360,4.0,0,0,0,0,0,0,1,0,0.0,0.0,0.0,0.0,0.0,J. Robles,,0.0,None,0
ENG-Premier League,2223,Leeds United,Junior Firpo,DOM,DF,25,1996,19,14,1368,15.2,1,1,2,1,0,0,6,1,0.07,0.07,0.13,0.07,0.13,J. Firpo,J. Firpo,7.0,"Knee Injury, Red Card",1
ENG-Premier League,2223,Leeds United,Liam Cooper,SCO,DF,30,1991,18,16,1426,15.8,1,0,1,1,0,0,5,0,0.06,0.0,0.06,0.06,0.06,L. Cooper,L. Cooper,8.0,"Achilles Tendon Injury, Calf Injury, Injury, Muscle Injury",1
ENG-Premier League,2223,Leeds United,Luis Sinisterra,COL,MF,23,1999,19,13,867,9.6,5,0,5,5,0,0,3,1,0.52,0.0,0.52,0.52,0.52,L. Sinisterra,L. Sinisterra,27.0,"Thigh Injury, Red Card, Foot Injury, Injury",1
ENG-Premier League,2223,Leeds United,Luke Ayling,ENG,DF,30,1991,29,22,2054,22.8,2,1,3,2,0,0,3,0,0.09,0.04,0.13,0.09,0.13,L. Ayling,L. Ayling,5.0,Knee Injury,1
ENG-Premier League,2223,Leeds United,Marc Roca,ESP,MF,25,1996,32,29,2315,25.7,1,2,3,1,0,0,7,0,0.04,0.08,0.12,0.04,0.12,M. Roca,M. Roca,2.0,Injury,1
ENG-Premier League,2223,Leeds United,Mateo Joseph,ESP,FW,18,2003,3,0,26,0.3,0,0,0,0,0,0,0,0,0.0,0.0,0.0,0.0,0.0,M. Joseph,,0.0,None,0
ENG-Premier League,2223,Leeds United,Mateusz Klich,POL,MF,32,1990,14,0,280,3.1,0,0,0,0,0,0,2,0,0.0,0.0,0.0,0.0,0.0,M. Klich,M. Klich,1.0,Knee Injury,1
ENG-Premier League,2223,Leeds United,Maximilian Wöber,AUT,DF,24,1998,16,14,1266,14.1,0,0,0,0,0,0,3,0,0.0,0.0,0.0,0.0,0.0,M. Wöber,,0.0,None,0
ENG-Premier League,2223,Leeds United,Pascal Struijk,NED,DF,22,1999,29,26,2200,24.4,2,1,3,2,0,0,5,0,0.08,0.04,0.12,0.08,0.12,P. Struijk,P. Struijk,2.0,"Injury, Head Injury",1
ENG-Premier League,2223,Leeds United,Patrick Bamford,ENG,FW,28,1993,28,18,1515,16.8,4,2,6,4,0,2,3,0,0.24,0.12,0.36,0.24,0.36,P. Bamford,P. Bamford,7.0,"Muscle Injury, Thigh Injury",1
ENG-Premier League,2223,Leeds United,Rasmus Kristensen,DEN,DF,25,1997,26,21,1960,21.8,3,1,4,3,0,0,4,0,0.14,0.05,0.18,0.14,0.18,R. Kristensen,,0.0,None,0
ENG-Premier League,2223,Leeds United,Robin Koch,GER,DF,26,1996,36,36,3175,35.3,0,0,0,0,0,0,7,0,0.0,0.0,0.0,0.0,0.0,R. Koch,R. Koch,1.0,Yellow Cards,1
ENG-Premier League,2223,Leeds United,Rodrigo,ESP,"FW,MF",31,1991,31,23,1935,21.5,13,1,14,12,1,1,6,0,0.6,0.05,0.65,0.56,0.6,Rodrigo,Rodrigo,7.0,"Shoulder Injury, Knee Injury",1
ENG-Premier League,2223,Leeds United,Sam Greenwood,ENG,MF,20,2002,18,3,424,4.7,1,2,3,1,0,0,1,0,0.21,0.42,0.64,0.21,0.64,S. Greenwood,,0.0,None,0
ENG-Premier League,2223,Leeds United,Tyler Adams,USA,MF,23,1999,24,24,2156,24.0,0,0,0,0,0,0,6,1,0.0,0.0,0.0,0.0,0.0,T. Adams,T. Adams,41.0,"Red Card, Thigh Injury, Injury",1
ENG-Premier League,2223,Leeds United,Weston McKennie,USA,MF,23,1998,19,16,1437,16.0,0,1,1,0,0,0,7,0,0.0,0.06,0.06,0.0,0.06,W. McKennie,,0.0,None,0
ENG-Premier League,2223,Leeds United,Wilfried Gnonto,ITA,"MF,FW",18,2003,24,14,1354,15.0,2,4,6,2,0,0,7,0,0.13,0.27,0.4,0.13,0.4,W. Gnonto,W. Gnonto,1.0,Ankle Injury,1
ENG-Premier League,2223,Leicester City,Ayoze Pérez,ESP,MF,29,1993,8,3,382,4.2,0,1,1,0,0,0,0,0,0.0,0.24,0.24,0.0,0.24,A. Pérez,,0.0,None,0
ENG-Premier League,2223,Leicester City,Boubakary Soumaré,FRA,MF,23,1999,26,20,1629,18.1,0,0,0,0,0,0,9,0,0.0,0.0,0.0,0.0,0.0,B. Soumaré,,0.0,None,0
ENG-Premier League,2223,Leicester City,Daniel Amartey,GHA,DF,27,1994,20,18,1610,17.9,0,0,0,0,0,0,1,0,0.0,0.0,0.0,0.0,0.0,D. Amartey,,0.0,None,0
ENG-Premier League,2223,Leicester City,Daniel Iversen,DEN,GK,25,1997,12,12,1080,12.0,0,0,0,0,0,0,0,0,0.0,0.0,0.0,0.0,0.0,D. Iversen,,0.0,None,0
ENG-Premier League,2223,Leicester City,Danny Ward,WAL,GK,29,1993,26,26,2340,26.0,0,0,0,0,0,0,0,0,0.0,0.0,0.0,0.0,0.0,D. Ward,D. Ward,2.0,Finger Injury,1
ENG-Premier League,2223,Leicester City,Dennis Praet,BEL,MF,28,1994,22,6,649,7.2,1,0,1,1,0,0,1,0,0.14,0.0,0.14,0.14,0.14,D. Praet,D. Praet,2.0,Back Injury,1
ENG-Premier League,2223,Leicester City,Harry Souttar,AUS,DF,23,1998,12,11,992,11.0,0,1,1,0,0,0,2,0,0.0,0.09,0.09,0.0,0.09,H. Souttar,,0.0,None,0
ENG-Premier League,2223,Leicester City,Harvey Barnes,ENG,"MF,FW",24,1997,34,32,2711,30.1,13,1,14,13,0,0,3,0,0.43,0.03,0.46,0.43,0.46,H. Barnes,H. Barnes,20.0,"Knee Injury, Thigh Injury, Ankle Injury",1
ENG-Premier League,2223,Leicester City,James Justin,ENG,"DF,MF",24,1998,14,14,1252,13.9,0,0,0,0,0,0,0,0,0.0,0.0,0.0,0.0,0.0,J. Justin,J. Justin,24.0,Knee Injury,1
ENG-Premier League,2223,Leicester City,James Maddison,ENG,"MF,FW",25,1996,30,28,2480,27.6,10,9,19,9,1,2,10,0,0.36,0.33,0.69,0.33,0.65,J. Maddison,J. Maddison,17.0,"Injury, Yellow Cards, Knee Injury, Ankle Injury",1
ENG-Premier League,2223,Leicester City,Jamie Vardy,ENG,FW,35,1987,37,19,1857,20.6,3,4,7,3,0,1,1,0,0.15,0.19,0.34,0.15,0.34,J. Vardy,,0.0,None,0
ENG-Premier League,2223,Leicester City,Jonny Evans,NIR,DF,34,1988,13,12,1051,11.7,0,0,0,0,0,0,1,0,0.0,0.0,0.0,0.0,0.0,J. Evans,J. Evans,29.0,"Calf Injury, Muscle Injury, Injury, Illness",1
ENG-Premier League,2223,Leicester City,Kelechi Iheanacho,NGA,FW,25,1996,28,11,1127,12.5,5,5,10,4,1,1,0,0,0.4,0.4,0.8,0.32,0.72,K. Iheanacho,K. Iheanacho,3.0,Muscle Injury,1
ENG-Premier League,2223,Leicester City,Kiernan Dewsbury-Hall,ENG,MF,23,1998,31,28,2306,25.6,2,2,4,2,0,0,5,1,0.08,0.08,0.16,0.08,0.16,K. Dewsbury-Hall,K. Dewsbury-Hall,3.0,"Injury, Red Card, Ankle Injury",1
ENG-Premier League,2223,Leicester City,Lewis Brunt,ENG,"DF,MF",21,2000,1,0,23,0.3,0,0,0,0,0,0,0,0,0.0,0.0,0.0,0.0,0.0,L. Brunt,,0.0,None,0
ENG-Premier League,2223,Leicester City,Luke Thomas,ENG,DF,21,2001,17,11,1073,11.9,0,0,0,0,0,0,3,0,0.0,0.0,0.0,0.0,0.0,L. Thomas,,0.0,None,0
ENG-Premier League,2223,Leicester City,Marc Albrighton,ENG,MF,32,1989,6,1,237,2.6,1,0,1,1,0,0,0,0,0.38,0.0,0.38,0.38,0.38,M. Albrighton,,0.0,None,0
ENG-Premier League,2223,Leicester City,Nampalys Mendy,SEN,MF,30,1992,19,7,757,8.4,1,0,1,1,0,0,1,0,0.12,0.0,0.12,0.12,0.12,N. Mendy,N. Mendy,1.0,Injury,1
ENG-Premier League,2223,Leicester City,Patson Daka,ZAM,FW,23,1998,30,13,1187,13.2,4,4,8,4,0,0,2,0,0.3,0.3,0.61,0.3,0.61,P. Daka,P. Daka,1.0,Muscle Injury,1
ENG-Premier League,2223,Leicester City,Ricardo Pereira,POR,"DF,MF",28,1993,10,5,454,5.0,1,1,2,1,0,0,2,0,0.2,0.2,0.4,0.2,0.4,R. Pereira,R. Pereira,25.0,"Achilles Tendon Injury, Thigh Injury",1
ENG-Premier League,2223,Leicester City,Tetê,BRA,"MF,FW",22,2000,13,9,734,8.2,1,0,1,1,0,0,0,0,0.12,0.0,0.12,0.12,0.12,Tetê,,0.0,None,0
ENG-Premier League,2223,Leicester City,Timothy Castagne,BEL,"DF,MF",26,1995,37,36,3254,36.2,2,3,5,2,0,0,3,0,0.06,0.08,0.14,0.06,0.14,T. Castagne,,0.0,None,0
ENG-Premier League,2223,Leicester City,Victor Bernth Kristiansen,DEN,DF,19,2002,12,11,892,9.9,0,1,1,0,0,0,2,0,0.0,0.1,0.1,0.0,0.1,V. Bernth Kristiansen,,0.0,None,0
ENG-Premier League,2223,Leicester City,Wesley Fofana,FRA,DF,21,2000,2,2,180,2.0,0,0,0,0,0,0,1,0,0.0,0.0,0.0,0.0,0.0,W. Fofana,W. Fofana,55.0,"Personal Reasons, Knee Injury, Thigh Injury, Leg Injury",1
ENG-Premier League,2223,Leicester City,Wilfred Ndidi,NGA,"MF,DF",25,1996,27,19,1679,18.7,0,0,0,0,0,0,4,0,0.0,0.0,0.0,0.0,0.0,W. Ndidi,W. Ndidi,6.0,"Thigh Injury, Personal Reasons",1
ENG-Premier League,2223,Leicester City,Wout Faes,BEL,DF,24,1998,31,31,2786,31.0,1,2,3,1,0,0,6,1,0.03,0.06,0.1,0.03,0.1,W. Faes,W. Faes,1.0,Red Card,1
ENG-Premier League,2223,Leicester City,Youri Tielemans,BEL,MF,25,1997,31,27,2344,26.0,3,2,5,2,1,2,4,0,0.12,0.08,0.19,0.08,0.15,Y. Tielemans,Y. Tielemans,12.0,"Ankle Injury, Knock, Injury, Muscle Injury",1
ENG-Premier League,2223,Leicester City,Çağlar Söyüncü,TUR,DF,26,1996,7,6,529,5.9,1,0,1,1,0,0,2,0,0.17,0.0,0.17,0.17,0.17,Ç. Söyüncü,,0.0,None,0
ENG-Premier League,2223,Liverpool,Alex Oxlade-Chamberlain,ENG,FW,28,1993,9,4,335,3.7,1,0,1,1,0,0,0,0,0.27,0.0,0.27,0.27,0.27,A. Oxlade-Chamberlain,A. Oxlade-Chamberlain,9.0,Muscle Injury,1
ENG-Premier League,2223,Liverpool,Alisson,BRA,GK,29,1992,37,37,3330,37.0,0,1,1,0,0,0,1,0,0.0,0.03,0.03,0.0,0.03,Alisson,Alisson,9.0,"Muscle Injury, Hamstring Injury",1
ENG-Premier League,2223,Liverpool,Andrew Robertson,SCO,DF,28,1994,34,29,2583,28.7,0,8,8,0,0,0,3,0,0.0,0.28,0.28,0.0,0.28,A. Robertson,A. Robertson,17.0,"Knee Injury, Groin Injury, Shoulder Injury, Ankle Injury",1
ENG-Premier League,2223,Liverpool,Ben Gannon-Doak,SCO,MF,16,2005,2,0,26,0.3,0,0,0,0,0,0,0,0,0.0,0.0,0.0,0.0,0.0,B. Gannon-Doak,,0.0,None,0
ENG-Premier League,2223,Liverpool,Bobby Clark,ENG,MF,17,2005,1,0,8,0.1,0,0,0,0,0,0,0,0,0.0,0.0,0.0,0.0,0.0,B. Clark,,0.0,None,0
ENG-Premier League,2223,Liverpool,Caoimhín Kelleher,IRL,GK,23,1998,1,1,90,1.0,0,0,0,0,0,0,0,0,0.0,0.0,0.0,0.0,0.0,C. Kelleher,C. Kelleher,8.0,"Muscle Injury, Injury",1
ENG-Premier League,2223,Liverpool,Cody Gakpo,NED,FW,23,1999,21,17,1458,16.2,7,2,9,7,0,0,0,0,0.43,0.12,0.56,0.43,0.56,C. Gakpo,C. Gakpo,3.0,"Knee Injury, Personal Reasons",1
ENG-Premier League,2223,Liverpool,Curtis Jones,ENG,MF,21,2001,18,12,1035,11.5,3,1,4,3,0,0,2,0,0.26,0.09,0.35,0.26,0.35,C. Jones,C. Jones,18.0,"Calf Injury, Leg Injury, Ankle Injury, Red Card, Illness",1
ENG-Premier League,2223,Liverpool,Darwin Núñez,URU,FW,23,1999,29,19,1695,18.8,9,3,12,9,0,0,1,1,0.48,0.16,0.64,0.48,0.64,D. Núñez,,0.0,None,0
ENG-Premier League,2223,Liverpool,Diogo Jota,POR,"FW,MF",25,1996,22,12,1131,12.6,7,4,11,7,0,0,2,0,0.56,0.32,0.88,0.56,0.88,D. Jota,,0.0,None,0
ENG-Premier League,2223,Liverpool,Fabinho,BRA,MF,28,1993,36,31,2671,29.7,0,2,2,0,0,0,11,0,0.0,0.07,0.07,0.0,0.07,Fabinho,,0.0,None,0
ENG-Premier League,2223,Liverpool,Fabio Carvalho,POR,"MF,FW",19,2002,13,4,347,3.9,2,0,2,2,0,0,0,0,0.52,0.0,0.52,0.52,0.52,F. Carvalho,,0.0,None,0
ENG-Premier League,2223,Liverpool,Harvey Elliott,ENG,MF,19,2003,32,18,1613,17.9,1,2,3,1,0,0,2,0,0.06,0.11,0.17,0.06,0.17,H. Elliott,,0.0,None,0
ENG-Premier League,2223,Liverpool,Ibrahima Konaté,FRA,DF,23,1999,18,17,1552,17.2,0,0,0,0,0,0,5,0,0.0,0.0,0.0,0.0,0.0,I. Konaté,,0.0,None,0
ENG-Premier League,2223,Liverpool,James Milner,ENG,"MF,DF",36,1986,31,7,913,10.1,0,1,1,0,0,0,2,0,0.0,0.1,0.1,0.0,0.1,J. Milner,J. Milner,24.0,"Head Injury, Thigh Injury, Muscle Injury, Injury, Knee Injury",1
ENG-Premier League,2223,Liverpool,Joe Gomez,ENG,DF,25,1997,21,15,1466,16.3,0,0,0,0,0,0,3,0,0.0,0.0,0.0,0.0,0.0,J. Gomez,J. Gomez,4.0,"Injury, Muscle Injury",1
ENG-Premier League,2223,Liverpool,Jordan Henderson,ENG,MF,32,1990,35,23,2074,23.0,0,2,2,0,0,0,2,0,0.0,0.09,0.09,0.0,0.09,J. Henderson,J. Henderson,2.0,"Thigh Injury, Concussion",1
ENG-Premier League,2223,Liverpool,Joël Matip,CMR,DF,30,1991,14,12,1092,12.1,1,0,1,1,0,0,3,0,0.08,0.0,0.08,0.08,0.08,J. Matip,J. Matip,33.0,"Groin Injury, Calf Injury, Knee Injury",1
ENG-Premier League,2223,Liverpool,Kostas Tsimikas,GRE,DF,26,1996,20,9,771,8.6,0,4,4,0,0,0,3,0,0.0,0.47,0.47,0.0,0.47,K. Tsimikas,K. Tsimikas,6.0,"Knock, Collarbone injury",1
ENG-Premier League,2223,Liverpool,Luis Díaz,COL,FW,25,1997,17,11,996,11.1,4,2,6,4,0,0,2,0,0.36,0.18,0.54,0.36,0.54,L. Díaz,,0.0,None,0
ENG-Premier League,2223,Liverpool,Mohamed Salah,EGY,FW,30,1992,38,37,3290,36.6,19,12,31,17,2,4,2,0,0.52,0.33,0.85,0.47,0.79,M. Salah,M. Salah,6.0,"National selection, Thigh Injury",1
ENG-Premier League,2223,Liverpool,Naby Keïta,GUI,MF,27,1995,8,3,293,3.3,0,0,0,0,0,0,1,0,0.0,0.0,0.0,0.0,0.0,N. Keïta,,0.0,None,0
ENG-Premier League,2223,Liverpool,Nathaniel Phillips,ENG,DF,25,1997,2,1,66,0.7,0,0,0,0,0,0,0,0,0.0,0.0,0.0,0.0,0.0,N. Phillips,,0.0,None,0
ENG-Premier League,2223,Liverpool,Roberto Firmino,BRA,FW,30,1991,25,13,1213,13.5,11,4,15,11,0,0,0,0,0.82,0.3,1.11,0.82,1.11,R. Firmino,R. Firmino,12.0,"Calf Injury, Muscle Injury",1
ENG-Premier League,2223,Liverpool,Stefan Bajcetic,ESP,MF,17,2004,11,6,526,5.8,1,0,1,1,0,0,2,0,0.17,0.0,0.17,0.17,0.17,S. Bajcetic,S. Bajcetic,38.0,"Muscle Injury, Calf Injury, Lacking Match Fitness",1
ENG-Premier League,2223,Liverpool,Thiago Alcántara,ESP,MF,31,1991,18,14,1254,13.9,0,0,0,0,0,0,2,0,0.0,0.0,0.0,0.0,0.0,T. Alcántara,,0.0,None,0
ENG-Premier League,2223,Liverpool,Trent Alexander-Arnold,ENG,DF,23,1998,37,34,2923,32.5,2,9,11,2,0,0,5,0,0.06,0.28,0.34,0.06,0.34,T. Alexander-Arnold,T. Alexander-Arnold,10.0,"Muscle Injury, Knee Injury",1
ENG-Premier League,2223,Liverpool,Virgil van Dijk,NED,DF,31,1991,32,32,2835,31.5,3,1,4,3,0,0,3,0,0.1,0.03,0.13,0.1,0.13,V. van Dijk,V. van Dijk,5.0,"Thigh Injury, Red Card",1
ENG-Premier League,2223,Manchester City,Aymeric Laporte,ESP,"DF,MF",28,1994,12,11,993,11.0,0,0,0,0,0,0,0,0,0.0,0.0,0.0,0.0,0.0,A. Laporte,A. Laporte,9.0,"Knee Injury, Back Injury, Illness",1
ENG-Premier League,2223,Manchester City,Bernardo Silva,POR,"MF,FW",27,1994,34,24,2205,24.5,4,5,9,4,0,0,5,0,0.16,0.2,0.37,0.16,0.37,B. Silva,B. Silva,3.0,"Illness, Injury",1
ENG-Premier League,2223,Manchester City,Cole Palmer,ENG,"MF,FW",20,2002,14,2,370,4.1,0,1,1,0,0,0,1,0,0.0,0.24,0.24,0.0,0.24,C. Palmer,C. Palmer,3.0,"Knock, Yellow Cards, Illness",1
ENG-Premier League,2223,Manchester City,Ederson,BRA,GK,28,1993,35,35,3150,35.0,0,1,1,0,0,0,3,0,0.0,0.03,0.03,0.0,0.03,Ederson,Ederson,3.0,"Ankle Injury, Muscle Injury, Eye injury",1
ENG-Premier League,2223,Manchester City,Erling Haaland,NOR,"FW,MF",22,2000,35,33,2769,30.8,36,8,44,29,7,7,5,0,1.17,0.26,1.43,0.94,1.2,E. Haaland,E. Haaland,9.0,"Foot Injury, Groin Injury, Ankle Injury, Injury, Health problems",1
ENG-Premier League,2223,Manchester City,Jack Grealish,ENG,"FW,MF",26,1995,28,23,2055,22.8,5,7,12,5,0,0,4,0,0.22,0.31,0.53,0.22,0.53,J. Grealish,J. Grealish,8.0,"Knee Injury, Thigh Injury, Yellow Cards, Groin Injury",1
ENG-Premier League,2223,Manchester City,John Stones,ENG,"DF,MF",28,1994,23,21,1846,20.5,2,2,4,2,0,0,2,0,0.1,0.1,0.2,0.1,0.2,J. Stones,J. Stones,19.0,"Thigh Injury, Injury, Muscle Injury, Ankle Injury",1
ENG-Premier League,2223,Manchester City,João Cancelo,POR,DF,28,1994,17,16,1274,14.2,2,1,3,2,0,0,3,1,0.14,0.07,0.21,0.14,0.21,J. Cancelo,,0.0,None,0
ENG-Premier League,2223,Manchester City,Julián Álvarez,ARG,"MF,FW",22,2000,31,13,1465,16.3,9,0,9,8,1,1,0,0,0.55,0.0,0.55,0.49,0.49,J. Álvarez,,0.0,None,0
ENG-Premier League,2223,Manchester City,Kalvin Phillips,ENG,"MF,DF",26,1995,12,2,300,3.3,0,0,0,0,0,0,1,0,0.0,0.0,0.0,0.0,0.0,K. Phillips,K. Phillips,15.0,"Knock, Shoulder Injury, Red Card, Thigh Injury, Injury",1
ENG-Premier League,2223,Manchester City,Kevin De Bruyne,BEL,MF,31,1991,32,28,2417,26.9,7,16,23,7,0,0,1,0,0.26,0.6,0.86,0.26,0.86,K. De Bruyne,K. De Bruyne,19.0,"Injury, Thigh Injury",1
ENG-Premier League,2223,Manchester City,Kyle Walker,ENG,"DF,MF",32,1990,27,22,1958,21.8,0,0,0,0,0,0,3,0,0.0,0.0,0.0,0.0,0.0,K. Walker,K. Walker,9.0,"Muscle Injury, Thigh Injury",1
ENG-Premier League,2223,Manchester City,Manuel Akanji,SUI,"DF,MF",27,1995,29,24,2287,25.4,0,1,1,0,0,0,2,0,0.0,0.04,0.04,0.0,0.04,M. Akanji,M. Akanji,3.0,"Injury, Red Card",1
ENG-Premier League,2223,Manchester City,Máximo Perrone,ARG,MF,19,2003,1,0,19,0.2,0,0,0,0,0,0,0,0,0.0,0.0,0.0,0.0,0.0,M. Perrone,,0.0,None,0
ENG-Premier League,2223,Manchester City,Nathan Aké,NED,DF,27,1995,26,22,1873,20.8,1,0,1,1,0,0,2,0,0.05,0.0,0.05,0.05,0.05,N. Aké,,0.0,None,0
ENG-Premier League,2223,Manchester City,Phil Foden,ENG,"FW,MF",22,2000,32,22,1842,20.5,11,6,17,11,0,0,1,0,0.54,0.29,0.83,0.54,0.83,P. Foden,P. Foden,4.0,"Health problems, Illness",1
ENG-Premier League,2223,Manchester City,Rico Lewis,ENG,"DF,MF",17,2004,14,10,903,10.0,0,0,0,0,0,0,1,0,0.0,0.0,0.0,0.0,0.0,R. Lewis,,0.0,None,0
ENG-Premier League,2223,Manchester City,Riyad Mahrez,ALG,"MF,FW",31,1991,30,22,1920,21.3,5,10,15,4,1,1,2,0,0.23,0.47,0.7,0.19,0.66,R. Mahrez,,0.0,None,0
ENG-Premier League,2223,Manchester City,Rodri,ESP,"MF,DF",26,1996,36,34,2911,32.3,2,6,8,2,0,0,5,0,0.06,0.19,0.25,0.06,0.25,Rodri,Rodri,3.0,"Red Card, Yellow Cards",1
ENG-Premier League,2223,Manchester City,Rúben Dias,POR,"DF,MF",25,1997,26,22,1998,22.2,0,0,0,0,0,0,3,0,0.0,0.0,0.0,0.0,0.0,R. Dias,R. Dias,5.0,"Thigh Injury, Illness",1
ENG-Premier League,2223,Manchester City,Sergio Gómez,ESP,"MF,FW",21,2000,12,2,349,3.9,0,1,1,0,0,0,0,0,0.0,0.26,0.26,0.0,0.26,S. Gómez,,0.0,None,0
ENG-Premier League,2223,Manchester City,Shea Charles,NIR,"DF,MF",18,2003,1,0,28,0.3,0,0,0,0,0,0,0,0,0.0,0.0,0.0,0.0,0.0,S. Charles,,0.0,None,0
ENG-Premier League,2223,Manchester City,Stefan Ortega,GER,GK,29,1992,3,3,270,3.0,0,0,0,0,0,0,0,0,0.0,0.0,0.0,0.0,0.0,S. Ortega,,0.0,None,0
ENG-Premier League,2223,Manchester City,İlkay Gündoğan,GER,MF,31,1990,31,27,2353,26.1,8,4,12,8,0,1,0,0,0.31,0.15,0.46,0.31,0.46,İ. Gündoğan,,0.0,None,0
ENG-Premier League,2223,Manchester Utd,Aaron Wan-Bissaka,COD,DF,24,1997,19,16,1435,15.9,0,0,0,0,0,0,2,0,0.0,0.0,0.0,0.0,0.0,A. Wan-Bissaka,A. Wan-Bissaka,18.0,"Knock, Injury, Thigh Injury",1
ENG-Premier League,2223,Manchester Utd,Alejandro Garnacho,ARG,MF,18,2004,19,5,569,6.3,3,2,5,3,0,0,3,0,0.47,0.32,0.79,0.47,0.79,A. Garnacho,A. Garnacho,7.0,"Foot Injury, Ankle Injury",1
ENG-Premier League,2223,Manchester Utd,Anthony Elanga,SWE,MF,20,2002,16,5,426,4.7,0,1,1,0,0,0,0,0,0.0,0.21,0.21,0.0,0.21,A. Elanga,A. Elanga,1.0,Knock,1
ENG-Premier League,2223,Manchester Utd,Anthony Martial,FRA,FW,26,1995,21,11,978,10.9,6,2,8,5,1,1,0,0,0.55,0.18,0.74,0.46,0.64,A. Martial,A. Martial,36.0,"Thigh Injury, Achilles Tendon Injury, Back Injury, Injury, Muscle Injury, Illness, Surgery, Lacking Match Fitness",1
ENG-Premier League,2223,Manchester Utd,Antony,BRA,MF,22,2000,25,23,1802,20.0,4,2,6,4,0,0,5,0,0.2,0.1,0.3,0.2,0.3,Antony,Antony,9.0,"Injury, Ankle Injury, Inactive",1
ENG-Premier League,2223,Manchester Utd,Bruno Fernandes,POR,MF,27,1994,37,37,3316,36.8,8,8,16,6,2,2,6,0,0.22,0.22,0.43,0.16,0.38,B. Fernandes,B. Fernandes,4.0,"Yellow Cards, Health problems",1
ENG-Premier League,2223,Manchester Utd,Casemiro,BRA,MF,30,1992,28,24,2124,23.6,4,3,7,4,0,0,7,2,0.17,0.13,0.3,0.17,0.3,Casemiro,Casemiro,20.0,"Inactive, Yellow Cards, Red Card, Ankle Injury, Hamstring Injury",1
ENG-Premier League,2223,Manchester Utd,Christian Eriksen,DEN,MF,30,1992,28,25,2048,22.8,1,8,9,1,0,0,3,0,0.04,0.35,0.4,0.04,0.4,C. Eriksen,C. Eriksen,12.0,"Ankle Injury, Knee Injury",1
ENG-Premier League,2223,Manchester Utd,Cristiano Ronaldo,POR,FW,37,1985,10,4,525,5.8,1,0,1,1,0,0,2,0,0.17,0.0,0.17,0.17,0.17,C. Ronaldo,C. Ronaldo,2.0,"Coach's decision, Illness",1
ENG-Premier League,2223,Manchester Utd,David de Gea,ESP,GK,31,1990,38,38,3420,38.0,0,0,0,0,0,0,0,0,0.0,0.0,0.0,0.0,0.0,D. de Gea,,0.0,None,0
ENG-Premier League,2223,Manchester Utd,Diogo Dalot,POR,DF,23,1999,26,24,2154,23.9,1,2,3,1,0,0,6,0,0.04,0.08,0.13,0.04,0.13,D. Dalot,D. Dalot,6.0,"Yellow Cards, Muscle Injury, Thigh Injury, Red Card",1
ENG-Premier League,2223,Manchester Utd,Donny van de Beek,NED,MF,25,1997,7,2,167,1.9,0,0,0,0,0,0,0,0,0.0,0.0,0.0,0.0,0.0,D. van de Beek,D. van de Beek,26.0,"Knock, Muscle Injury, Knee Injury",1
ENG-Premier League,2223,Manchester Utd,Facundo Pellistri,URU,"FW,MF",20,2001,4,0,64,0.7,0,0,0,0,0,0,0,0,0.0,0.0,0.0,0.0,0.0,F. Pellistri,F. Pellistri,6.0,Ankle Injury,1
ENG-Premier League,2223,Manchester Utd,Fred,BRA,MF,29,1993,35,12,1249,13.9,2,2,4,2,0,0,6,0,0.14,0.14,0.29,0.14,0.29,Fred,,0.0,None,0
ENG-Premier League,2223,Manchester Utd,Harry Maguire,ENG,DF,29,1993,16,8,767,8.5,0,0,0,0,0,0,4,0,0.0,0.0,0.0,0.0,0.0,H. Maguire,H. Maguire,17.0,"Muscle Injury, Injury, Groin Injury",1
ENG-Premier League,2223,Manchester Utd,Jadon Sancho,ENG,MF,22,2000,26,21,1686,18.7,6,3,9,6,0,0,0,0,0.32,0.16,0.48,0.32,0.48,J. Sancho,J. Sancho,24.0,"Illness, Lacking Match Fitness, Suspended, Coach's decision",1
ENG-Premier League,2223,Manchester Utd,Kobbie Mainoo,ENG,MF,17,2005,1,0,11,0.1,0,0,0,0,0,0,0,0,0.0,0.0,0.0,0.0,0.0,K. Mainoo,K. Mainoo,9.0,Ankle Injury,1
ENG-Premier League,2223,Manchester Utd,Lisandro Martínez,ARG,DF,24,1998,27,24,2114,23.5,1,0,1,1,0,0,6,0,0.04,0.0,0.04,0.04,0.04,L. Martínez,,0.0,None,0
ENG-Premier League,2223,Manchester Utd,Luke Shaw,ENG,DF,27,1995,31,30,2552,28.4,1,2,3,1,0,0,8,0,0.04,0.07,0.11,0.04,0.11,L. Shaw,L. Shaw,27.0,"Thigh Injury, Muscle Injury, Leg Injury",1
ENG-Premier League,2223,Manchester Utd,Marcel Sabitzer,AUT,MF,28,1994,11,7,627,7.0,0,1,1,0,0,0,1,0,0.0,0.14,0.14,0.0,0.14,M. Sabitzer,M. Sabitzer,4.0,"Knock, Knee Injury",1
ENG-Premier League,2223,Manchester Utd,Marcus Rashford,ENG,"FW,MF",24,1997,35,32,2879,32.0,17,5,22,17,0,0,2,0,0.53,0.16,0.69,0.53,0.69,M. Rashford,M. Rashford,8.0,"Muscle Injury, Leg Injury, Illness, Ankle Injury",1
ENG-Premier League,2223,Manchester Utd,Raphaël Varane,FRA,DF,29,1993,24,22,1911,21.2,0,0,0,0,0,0,1,0,0.0,0.0,0.0,0.0,0.0,R. Varane,R. Varane,17.0,"Muscle Injury, Injury",1
ENG-Premier League,2223,Manchester Utd,Scott McTominay,SCO,MF,25,1996,24,10,1160,12.9,1,0,1,1,0,0,8,0,0.08,0.0,0.08,0.08,0.08,S. McTominay,S. McTominay,15.0,"Yellow Cards, Illness, Injury, Health problems, Knee Injury",1
ENG-Premier League,2223,Manchester Utd,Tyrell Malacia,NED,DF,22,1999,22,14,1396,15.5,0,0,0,0,0,0,6,0,0.0,0.0,0.0,0.0,0.0,T. Malacia,T. Malacia,38.0,"Muscle Injury, Knee Injury",1
ENG-Premier League,2223,Manchester Utd,Victor Lindelöf,SWE,DF,28,1994,20,14,1365,15.2,0,0,0,0,0,0,1,0,0.0,0.0,0.0,0.0,0.0,V. Lindelöf,,0.0,None,0
ENG-Premier League,2223,Manchester Utd,Wout Weghorst,NED,"FW,MF",29,1992,17,10,797,8.9,0,1,1,0,0,0,1,0,0.0,0.11,0.11,0.0,0.11,W. Weghorst,,0.0,None,0
ENG-Premier League,2223,Newcastle United,Alexander Isak,SWE,FW,22,1999,22,17,1522,16.9,10,1,11,8,2,2,3,0,0.59,0.06,0.65,0.47,0.53,A. Isak,A. Isak,18.0,"Injury, Muscle Injury, Head Injury, Groin Injury",1
ENG-Premier League,2223,Newcastle United,Allan Saint-Maximin,FRA,FW,25,1997,25,12,1120,12.4,1,5,6,1,0,0,1,0,0.08,0.4,0.48,0.08,0.48,A. Saint-Maximin,A. Saint-Maximin,11.0,"Thigh Injury, Muscle Injury",1
ENG-Premier League,2223,Newcastle United,Anthony Gordon,ENG,"FW,MF",21,2001,16,4,487,5.4,1,0,1,1,0,0,1,0,0.18,0.0,0.18,0.18,0.18,A. Gordon,A. Gordon,6.0,"Yellow Cards, Illness, Ankle Injury, Red Card",1
ENG-Premier League,2223,Newcastle United,Bruno Guimarães,BRA,MF,24,1997,32,32,2726,30.3,4,5,9,4,0,0,7,0,0.13,0.17,0.3,0.13,0.3,B. Guimarães,,0.0,None,0
ENG-Premier League,2223,Newcastle United,Callum Wilson,ENG,FW,30,1992,31,21,1877,20.9,18,5,23,15,3,3,4,0,0.86,0.24,1.1,0.72,0.96,C. Wilson,C. Wilson,21.0,"Thigh Injury, Calf Injury, Chest Injury",1
ENG-Premier League,2223,Newcastle United,Chris Wood,NZL,FW,30,1991,18,4,446,5.0,2,0,2,1,1,1,0,0,0.4,0.0,0.4,0.2,0.2,C. Wood,C. Wood,18.0,Thigh Injury,1
ENG-Premier League,2223,Newcastle United,Dan Burn,ENG,DF,30,1992,38,35,3111,34.6,1,0,1,1,0,0,5,0,0.03,0.0,0.03,0.03,0.03,D. Burn,D. Burn,5.0,Back Injury,1
ENG-Premier League,2223,Newcastle United,Elliot Anderson,ENG,MF,19,2002,22,3,410,4.6,0,1,1,0,0,0,0,0,0.0,0.22,0.22,0.0,0.22,E. Anderson,E. Anderson,17.0,Back Injury,1
ENG-Premier League,2223,Newcastle United,Emil Krafth,SWE,DF,27,1994,1,0,1,0.0,0,0,0,0,0,0,0,0,0.0,0.0,0.0,0.0,0.0,E. Krafth,E. Krafth,42.0,"Thigh Injury, Knee Injury",1
ENG-Premier League,2223,Newcastle United,Fabian Schär,SUI,DF,30,1991,36,36,3206,35.6,1,3,4,1,0,0,7,0,0.03,0.08,0.11,0.03,0.11,F. Schär,,0.0,None,0
ENG-Premier League,2223,Newcastle United,Jacob Murphy,ENG,FW,27,1995,36,14,1251,13.9,4,2,6,4,0,0,0,0,0.29,0.14,0.43,0.29,0.43,J. Murphy,J. Murphy,10.0,Shoulder Injury,1
ENG-Premier League,2223,Newcastle United,Jamaal Lascelles,ENG,DF,28,1993,7,2,218,2.4,0,0,0,0,0,0,4,0,0.0,0.0,0.0,0.0,0.0,J. Lascelles,J. Lascelles,17.0,"Calf Injury, Injury, Knock, Knee Injury",1
ENG-Premier League,2223,Newcastle United,Jamal Lewis,NIR,"DF,MF",24,1998,2,0,11,0.1,0,0,0,0,0,0,0,0,0.0,0.0,0.0,0.0,0.0,J. Lewis,J. Lewis,3.0,Calf Injury,1
ENG-Premier League,2223,Newcastle United,Javier Manquillo,ESP,DF,28,1994,4,0,37,0.4,0,0,0,0,0,0,0,0,0.0,0.0,0.0,0.0,0.0,J. Manquillo,J. Manquillo,20.0,"Groin Injury, Injury, Ankle Injury, Muscle Injury",1
ENG-Premier League,2223,Newcastle United,Joe Willock,ENG,MF,22,1999,35,31,2558,28.4,3,6,9,3,0,0,1,0,0.11,0.21,0.32,0.11,0.32,J. Willock,J. Willock,31.0,"Thigh Injury, Muscle Injury, Achilles Tendon Injury",1
ENG-Premier League,2223,Newcastle United,Joelinton,BRA,"MF,FW",25,1996,32,30,2661,29.6,6,1,7,6,0,0,12,0,0.2,0.03,0.24,0.2,0.24,Joelinton,Joelinton,22.0,"Yellow Cards, Injury, Knee Injury, Calf Injury, Muscle Injury, Thigh Injury",1
ENG-Premier League,2223,Newcastle United,Jonjo Shelvey,ENG,MF,30,1992,3,0,37,0.4,0,0,0,0,0,0,0,0,0.0,0.0,0.0,0.0,0.0,J. Shelvey,J. Shelvey,17.0,"Thigh Injury, Calf Injury, Coach's decision",1
ENG-Premier League,2223,Newcastle United,Kieran Trippier,ENG,DF,31,1990,38,38,3341,37.1,1,7,8,1,0,0,5,0,0.03,0.19,0.22,0.03,0.22,K. Trippier,K. Trippier,10.0,"Injury, Groin Injury, Calf Injury",1
ENG-Premier League,2223,Newcastle United,Lewis Miley,ENG,MF,16,2006,1,0,15,0.2,0,0,0,0,0,0,0,0,0.0,0.0,0.0,0.0,0.0,L. Miley,L. Miley,12.0,"Illness, Back Injury",1
ENG-Premier League,2223,Newcastle United,Martin Dúbravka,SVK,GK,33,1989,2,1,157,1.7,0,0,0,0,0,0,0,0,0.0,0.0,0.0,0.0,0.0,M. Dúbravka,,0.0,None,0
ENG-Premier League,2223,Newcastle United,Matt Ritchie,SCO,"DF,MF",32,1989,7,0,39,0.4,0,0,0,0,0,0,0,0,0.0,0.0,0.0,0.0,0.0,M. Ritchie,M. Ritchie,12.0,"Calf Injury, Knee Injury",1
ENG-Premier League,2223,Newcastle United,Matt Targett,ENG,DF,26,1995,17,6,610,6.8,0,0,0,0,0,0,1,0,0.0,0.0,0.0,0.0,0.0,M. Targett,M. Targett,32.0,"Thigh Injury, Heel Injury, Injury, Achilles Tendon Injury",1
ENG-Premier League,2223,Newcastle United,Miguel Almirón,PAR,FW,28,1994,34,29,2491,27.7,11,2,13,11,0,0,2,0,0.4,0.07,0.47,0.4,0.47,M. Almirón,,0.0,None,0
ENG-Premier League,2223,Newcastle United,Nick Pope,ENG,GK,30,1992,37,37,3261,36.2,0,0,0,0,0,0,3,1,0.0,0.0,0.0,0.0,0.0,N. Pope,N. Pope,21.0,"Hand Injury, Shoulder Injury",1
ENG-Premier League,2223,Newcastle United,Ryan Fraser,SCO,FW,28,1994,8,3,313,3.5,0,0,0,0,0,0,1,0,0.0,0.0,0.0,0.0,0.0,R. Fraser,R. Fraser,16.0,"Calf Injury, Coach's decision, Injury, Lacking Match Fitness",1
ENG-Premier League,2223,Newcastle United,Sean Longstaff,ENG,MF,24,1997,33,28,2518,28.0,1,4,5,1,0,0,2,0,0.04,0.14,0.18,0.04,0.18,S. Longstaff,S. Longstaff,6.0,"Foot Injury, Ankle Injury",1
ENG-Premier League,2223,Newcastle United,Sven Botman,NED,DF,22,2000,36,35,3127,34.7,0,0,0,0,0,0,2,0,0.0,0.0,0.0,0.0,0.0,S. Botman,S. Botman,21.0,"Ankle Injury, Knee Injury",1
ENG-Premier League,2223,Nottingham Forest,Alex Mighten,ENG,"FW,MF",20,2002,1,0,8,0.1,0,0,0,0,0,0,0,0,0.0,0.0,0.0,0.0,0.0,A. Mighten,,0.0,None,0
ENG-Premier League,2223,Nottingham Forest,André Ayew,GHA,FW,32,1989,13,1,316,3.5,0,0,0,0,0,1,1,0,0.0,0.0,0.0,0.0,0.0,A. Ayew,,0.0,None,0
ENG-Premier League,2223,Nottingham Forest,Brennan Johnson,WAL,"FW,MF",21,2001,38,33,2934,32.6,8,3,11,7,1,3,6,0,0.25,0.09,0.34,0.21,0.31,B. Johnson,B. Johnson,8.0,"Thigh Injury, Leg Injury, Groin Injury",1
ENG-Premier League,2223,Nottingham Forest,Cafú,POR,MF,29,1993,1,0,7,0.1,0,0,0,0,0,0,0,0,0.0,0.0,0.0,0.0,0.0,Cafú,,0.0,None,0
ENG-Premier League,2223,Nottingham Forest,Cheikhou Kouyaté,SEN,"MF,DF",32,1989,21,10,882,9.8,1,0,1,1,0,0,3,0,0.1,0.0,0.1,0.1,0.1,C. Kouyaté,,0.0,None,0
ENG-Premier League,2223,Nottingham Forest,Chris Wood,NZL,FW,30,1991,7,5,372,4.1,1,0,1,1,0,0,0,0,0.24,0.0,0.24,0.24,0.24,C. Wood,C. Wood,18.0,Thigh Injury,1
ENG-Premier League,2223,Nottingham Forest,Danilo Santos,BRA,MF,21,2001,13,12,976,10.8,3,2,5,3,0,0,1,0,0.28,0.18,0.46,0.28,0.46,D. Santos,,0.0,None,0
ENG-Premier League,2223,Nottingham Forest,Dean Henderson,ENG,GK,25,1997,18,18,1620,18.0,0,0,0,0,0,0,2,0,0.0,0.0,0.0,0.0,0.0,D. Henderson,D. Henderson,30.0,"Injury, Thigh Injury",1
ENG-Premier League,2223,Nottingham Forest,Emmanuel Dennis,NGA,"MF,FW",24,1997,19,6,720,8.0,2,2,4,2,0,0,3,0,0.25,0.25,0.5,0.25,0.5,E. Dennis,E. Dennis,1.0,Knock,1
ENG-Premier League,2223,Nottingham Forest,Felipe,BRA,DF,33,1989,16,15,1418,15.8,0,1,1,0,0,0,4,0,0.0,0.06,0.06,0.0,0.06,Felipe,Felipe,16.0,"Injury, Knee Injury, Muscle Injury",1
ENG-Premier League,2223,Nottingham Forest,Giulian Biancone,FRA,"DF,MF",22,2000,2,0,17,0.2,0,0,0,0,0,0,0,0,0.0,0.0,0.0,0.0,0.0,G. Biancone,G. Biancone,25.0,Knee Injury,1
ENG-Premier League,2223,Nottingham Forest,Gustavo Scarpa,BRA,MF,28,1994,6,2,181,2.0,0,0,0,0,0,0,1,0,0.0,0.0,0.0,0.0,0.0,G. Scarpa,G. Scarpa,9.0,"Knock, Knee Injury",1
ENG-Premier League,2223,Nottingham Forest,Harry Toffolo,ENG,"DF,MF",26,1995,19,9,940,10.4,0,0,0,0,0,0,2,0,0.0,0.0,0.0,0.0,0.0,H. Toffolo,H. Toffolo,4.0,Thigh Injury,1
ENG-Premier League,2223,Nottingham Forest,Jack Colback,ENG,MF,32,1989,11,4,497,5.5,0,0,0,0,0,0,0,0,0.0,0.0,0.0,0.0,0.0,J. Colback,J. Colback,13.0,"Illness, Back Injury, Head Injury",1
ENG-Premier League,2223,Nottingham Forest,Jesse Lingard,ENG,"MF,FW",29,1992,17,12,923,10.3,0,0,0,0,0,0,1,0,0.0,0.0,0.0,0.0,0.0,J. Lingard,J. Lingard,4.0,"Thigh Injury, Knee Injury",1
ENG-Premier League,2223,Nottingham Forest,Joe Worrall,ENG,DF,25,1997,30,21,2224,24.7,1,0,1,1,0,0,6,0,0.04,0.0,0.04,0.04,0.04,J. Worrall,,0.0,None,0
ENG-Premier League,2223,Nottingham Forest,Jonjo Shelvey,ENG,MF,30,1992,8,6,540,6.0,0,0,0,0,0,0,2,0,0.0,0.0,0.0,0.0,0.0,J. Shelvey,J. Shelvey,17.0,"Thigh Injury, Calf Injury, Coach's decision",1
ENG-Premier League,2223,Nottingham Forest,Keylor Navas,CRC,GK,35,1986,17,17,1529,17.0,0,0,0,0,0,0,2,0,0.0,0.0,0.0,0.0,0.0,K. Navas,K. Navas,1.0,Knock,1
ENG-Premier League,2223,Nottingham Forest,Lewis O'Brien,ENG,MF,23,1998,13,6,584,6.5,1,0,1,1,0,0,2,0,0.15,0.0,0.15,0.15,0.15,L. O'Brien,L. O'Brien,2.0,Illness,1
ENG-Premier League,2223,Nottingham Forest,Morgan Gibbs-White,ENG,"MF,FW",22,2000,35,34,2971,33.0,5,8,13,3,2,2,5,0,0.15,0.24,0.39,0.09,0.33,M. Gibbs-White,M. Gibbs-White,2.0,"Knock, Muscle Injury",1
ENG-Premier League,2223,Nottingham Forest,Moussa Niakhate,SEN,DF,26,1996,14,14,1163,12.9,0,0,0,0,0,0,1,0,0.0,0.0,0.0,0.0,0.0,M. Niakhate,M. Niakhate,25.0,"Thigh Injury, Red Card, National selection",1
ENG-Premier League,2223,Nottingham Forest,Neco Williams,WAL,"DF,MF",21,2001,31,20,1882,20.9,1,0,1,1,0,0,7,0,0.05,0.0,0.05,0.05,0.05,N. Williams,N. Williams,8.0,"Concussion, Thigh Injury",1
ENG-Premier League,2223,Nottingham Forest,Orel Mangala,BEL,MF,24,1998,27,20,1550,17.2,1,1,2,1,0,0,3,0,0.06,0.06,0.12,0.06,0.12,O. Mangala,O. Mangala,4.0,"Muscle Injury, Red Card",1
ENG-Premier League,2223,Nottingham Forest,Remo Freuler,SUI,MF,30,1992,28,24,2161,24.0,0,0,0,0,0,0,4,0,0.0,0.0,0.0,0.0,0.0,R. Freuler,,0.0,None,0
ENG-Premier League,2223,Nottingham Forest,Renan Lodi,BRA,"DF,MF",24,1998,28,26,2214,24.6,0,1,1,0,0,0,7,0,0.0,0.04,0.04,0.0,0.04,R. Lodi,R. Lodi,1.0,Ankle Injury,1
ENG-Premier League,2223,Nottingham Forest,Ryan Yates,ENG,MF,24,1997,26,21,1837,20.4,0,2,2,0,0,0,5,0,0.0,0.1,0.1,0.0,0.1,R. Yates,R. Yates,12.0,"Knee Injury, Illness, Shoulder Injury",1
ENG-Premier League,2223,Nottingham Forest,Sam Surridge,ENG,FW,24,1998,20,1,323,3.6,1,0,1,1,0,0,2,0,0.28,0.0,0.28,0.28,0.28,S. Surridge,,0.0,None,0
ENG-Premier League,2223,Nottingham Forest,Scott McKenna,SCO,DF,25,1996,20,19,1571,17.5,0,0,0,0,0,0,4,0,0.0,0.0,0.0,0.0,0.0,S. McKenna,S. McKenna,13.0,"Thigh Injury, Shoulder Injury",1
ENG-Premier League,2223,Nottingham Forest,Serge Aurier,CIV,"DF,MF",29,1992,24,22,1943,21.6,1,0,1,1,0,0,2,0,0.05,0.0,0.05,0.05,0.05,S. Aurier,S. Aurier,14.0,"Calf Injury, Knock, Injury, National selection",1
ENG-Premier League,2223,Nottingham Forest,Steve Cook,ENG,DF,31,1991,12,11,957,10.6,0,0,0,0,0,0,4,0,0.0,0.0,0.0,0.0,0.0,S. Cook,,0.0,None,0
ENG-Premier League,2223,Nottingham Forest,Taiwo Awoniyi,NGA,FW,24,1997,27,17,1404,15.6,10,1,11,10,0,0,2,0,0.64,0.06,0.71,0.64,0.71,T. Awoniyi,T. Awoniyi,25.0,"Lacking Match Fitness, Groin Injury, Muscle Injury",1
ENG-Premier League,2223,Nottingham Forest,Wayne Hennessey,WAL,GK,35,1987,4,3,271,3.0,0,0,0,0,0,0,0,0,0.0,0.0,0.0,0.0,0.0,W. Hennessey,W. Hennessey,8.0,Knee Injury,1
ENG-Premier League,2223,Nottingham Forest,Willy Boly,CIV,DF,31,1991,11,9,685,7.6,0,1,1,0,0,0,2,0,0.0,0.13,0.13,0.0,0.13,W. Boly,W. Boly,28.0,"Suspended, Ankle Injury, Thigh Injury, Muscle Injury, Red Card, National selection, International duty, Rest, Injury",1
ENG-Premier League,2223,Southampton,Adam Armstrong,ENG,"MF,FW",25,1997,30,14,1335,14.8,2,1,3,2,0,0,2,0,0.13,0.07,0.2,0.13,0.2,A. Armstrong,,0.0,None,0
ENG-Premier League,2223,Southampton,Ainsley Maitland-Niles,ENG,"DF,MF",24,1997,22,13,1407,15.6,0,0,0,0,0,0,3,0,0.0,0.0,0.0,0.0,0.0,A. Maitland-Niles,A. Maitland-Niles,3.0,"Loan agreement, Knock",1
ENG-Premier League,2223,Southampton,Alex McCarthy,ENG,GK,32,1989,6,6,540,6.0,0,0,0,0,0,0,0,0,0.0,0.0,0.0,0.0,0.0,A. McCarthy,A. McCarthy,7.0,Ankle Injury,1
ENG-Premier League,2223,Southampton,Armel Bella Kotchap,GER,DF,20,2001,24,24,1879,20.9,0,2,2,0,0,0,4,0,0.0,0.1,0.1,0.0,0.1,A. Bella Kotchap,,0.0,None,0
ENG-Premier League,2223,Southampton,Carlos Alcaraz,ARG,"MF,FW",19,2002,18,13,1029,11.4,4,2,6,4,0,0,3,0,0.35,0.17,0.52,0.35,0.52,C. Alcaraz,,0.0,None,0
ENG-Premier League,2223,Southampton,Che Adams,SCO,FW,26,1996,28,23,1992,22.1,5,3,8,5,0,0,1,0,0.23,0.14,0.36,0.23,0.36,C. Adams,C. Adams,9.0,"Knock, Calf Injury, Injury",1
ENG-Premier League,2223,Southampton,Dominic Ballard,ENG,FW,17,2005,2,0,26,0.3,0,0,0,0,0,0,0,0,0.0,0.0,0.0,0.0,0.0,D. Ballard,,0.0,None,0
ENG-Premier League,2223,Southampton,Duje Ćaleta-Car,CRO,DF,25,1996,13,9,946,10.5,1,0,1,1,0,0,2,0,0.1,0.0,0.1,0.1,0.1,D. Ćaleta-Car,,0.0,None,0
ENG-Premier League,2223,Southampton,Gavin Bazunu,IRL,GK,20,2002,32,32,2880,32.0,0,0,0,0,0,0,0,0,0.0,0.0,0.0,0.0,0.0,G. Bazunu,,0.0,None,0
ENG-Premier League,2223,Southampton,Ibrahima Diallo,FRA,MF,23,1999,18,11,819,9.1,0,0,0,0,0,0,4,0,0.0,0.0,0.0,0.0,0.0,I. Diallo,,0.0,None,0
ENG-Premier League,2223,Southampton,Jack Stephens,ENG,DF,28,1994,2,0,46,0.5,0,0,0,0,0,0,0,0,0.0,0.0,0.0,0.0,0.0,J. Stephens,J. Stephens,1.0,Loan agreement,1
ENG-Premier League,2223,Southampton,James Bree,ENG,DF,24,1997,5,4,367,4.1,0,0,0,0,0,0,1,0,0.0,0.0,0.0,0.0,0.0,J. Bree,,0.0,None,0
ENG-Premier League,2223,Southampton,James Ward-Prowse,ENG,MF,27,1994,38,38,3371,37.5,9,4,13,7,2,4,6,0,0.24,0.11,0.35,0.19,0.29,J. Ward-Prowse,,0.0,None,0
ENG-Premier League,2223,Southampton,Jan Bednarek,POL,DF,26,1996,20,20,1672,18.6,0,0,0,0,0,0,5,0,0.0,0.0,0.0,0.0,0.0,J. Bednarek,J. Bednarek,1.0,Loan agreement,1
ENG-Premier League,2223,Southampton,Joe Aribo,NGA,"MF,FW",26,1996,21,13,1224,13.6,2,0,2,2,0,0,2,0,0.15,0.0,0.15,0.15,0.15,J. Aribo,,0.0,None,0
ENG-Premier League,2223,Southampton,Juan Larios,ESP,DF,18,2004,5,2,152,1.7,0,0,0,0,0,0,0,0,0.0,0.0,0.0,0.0,0.0,J. Larios,J. Larios,24.0,Muscle Injury,1
ENG-Premier League,2223,Southampton,Kamaldeen Sulemana,GHA,"FW,MF",20,2002,18,10,966,10.7,2,1,3,2,0,0,1,0,0.19,0.09,0.28,0.19,0.28,K. Sulemana,,0.0,None,0
ENG-Premier League,2223,Southampton,Kami Doyle,ENG,MF,16,2005,1,0,7,0.1,0,0,0,0,0,0,0,0,0.0,0.0,0.0,0.0,0.0,K. Doyle,,0.0,None,0
ENG-Premier League,2223,Southampton,Kyle Walker-Peters,ENG,"DF,MF",25,1997,31,30,2650,29.4,1,0,1,1,0,0,4,0,0.03,0.0,0.03,0.03,0.03,K. Walker-Peters,K. Walker-Peters,6.0,"Muscle Injury, Thigh Injury",1
ENG-Premier League,2223,Southampton,Lyanco,BRA,DF,25,1997,21,11,1180,13.1,1,1,2,1,0,0,4,0,0.08,0.08,0.15,0.08,0.15,Lyanco,,0.0,None,0
ENG-Premier League,2223,Southampton,Mislav Oršić,CRO,"FW,MF",29,1992,1,0,7,0.1,0,0,0,0,0,0,0,0,0.0,0.0,0.0,0.0,0.0,M. Oršić,,0.0,None,0
ENG-Premier League,2223,Southampton,Mohamed Elyounoussi,NOR,MF,27,1994,33,27,2168,24.1,1,1,2,1,0,0,4,0,0.04,0.04,0.08,0.04,0.08,M. Elyounoussi,,0.0,None,0
ENG-Premier League,2223,Southampton,Mohammed Salisu,GHA,DF,23,1999,22,21,1973,21.9,0,1,1,0,0,0,5,0,0.0,0.05,0.05,0.0,0.05,M. Salisu,M. Salisu,11.0,"Injury, Muscle Injury",1
ENG-Premier League,2223,Southampton,Moussa Djenepo,MLI,"DF,MF",24,1998,16,7,710,7.9,0,2,2,0,0,0,1,0,0.0,0.25,0.25,0.0,0.25,M. Djenepo,,0.0,None,0
ENG-Premier League,2223,Southampton,Nathan Redmond,ENG,"FW,MF",28,1994,1,0,1,0.0,0,0,0,0,0,0,0,0,0.0,0.0,0.0,0.0,0.0,N. Redmond,N. Redmond,20.0,"Injury, Muscle Injury",1
ENG-Premier League,2223,Southampton,Oriol Romeu,ESP,MF,30,1991,1,1,74,0.8,0,0,0,0,0,0,0,0,0.0,0.0,0.0,0.0,0.0,O. Romeu,,0.0,None,0
ENG-Premier League,2223,Southampton,Paul Onuachu,NGA,FW,28,1994,11,4,407,4.5,0,0,0,0,0,0,0,0,0.0,0.0,0.0,0.0,0.0,P. Onuachu,P. Onuachu,1.0,Back Injury,1
ENG-Premier League,2223,Southampton,Romain Perraud,FRA,DF,24,1997,29,22,1835,20.4,2,2,4,2,0,0,4,0,0.1,0.1,0.2,0.1,0.2,R. Perraud,R. Perraud,6.0,"Ankle Injury, Knock",1
ENG-Premier League,2223,Southampton,Roméo Lavia,BEL,MF,18,2004,29,26,2221,24.7,1,0,1,1,0,0,9,0,0.04,0.0,0.04,0.04,0.04,R. Lavia,R. Lavia,43.0,"Muscle Injury, Thigh Injury, Lacking Match Fitness, Ankle Injury, Injury",1
ENG-Premier League,2223,Southampton,Samuel Amo-Ameyaw,ENG,"FW,MF",16,2006,1,0,4,0.0,0,0,0,0,0,0,0,0,0.0,0.0,0.0,0.0,0.0,S. Amo-Ameyaw,,0.0,None,0
ENG-Premier League,2223,Southampton,Samuel Edozie,ENG,"MF,FW",19,2003,17,5,567,6.3,0,0,0,0,0,0,0,0,0.0,0.0,0.0,0.0,0.0,S. Edozie,,0.0,None,0
ENG-Premier League,2223,Southampton,Sekou Mara,FRA,FW,20,2002,22,4,555,6.2,1,2,3,1,0,0,1,0,0.16,0.32,0.49,0.16,0.49,S. Mara,,0.0,None,0
ENG-Premier League,2223,Southampton,Stuart Armstrong,SCO,MF,30,1992,32,14,1408,15.6,2,1,3,2,0,0,6,0,0.13,0.06,0.19,0.13,0.19,S. Armstrong,,0.0,None,0
ENG-Premier League,2223,Southampton,Theo Walcott,ENG,"MF,FW",33,1989,20,13,1129,12.5,2,2,4,2,0,0,1,0,0.16,0.16,0.32,0.16,0.32,T. Walcott,T. Walcott,7.0,"Injury, Calf Injury",1
ENG-Premier League,2223,Southampton,Valentino Livramento,ENG,"DF,MF",19,2002,2,0,28,0.3,0,0,0,0,0,0,0,0,0.0,0.0,0.0,0.0,0.0,V. Livramento,V. Livramento,38.0,"Knee Injury, Lacking Match Fitness, Ankle Injury",1
ENG-Premier League,2223,Southampton,Yan Valery,TUN,DF,23,1999,1,1,45,0.5,0,0,0,0,0,0,0,0,0.0,0.0,0.0,0.0,0.0,Y. Valery,,0.0,None,0
ENG-Premier League,2223,Tottenham Hotspur,Arnaut Danjuma,NED,MF,25,1997,9,1,169,1.9,1,0,1,1,0,0,0,0,0.53,0.0,0.53,0.53,0.53,A. Danjuma,A. Danjuma,9.0,Ankle Injury,1
ENG-Premier League,2223,Tottenham Hotspur,Ben Davies,WAL,"DF,MF",29,1993,31,26,2288,25.4,2,2,4,2,0,0,4,0,0.08,0.08,0.16,0.08,0.16,B. Davies,B. Davies,11.0,"Knee Injury, Muscle Injury, Ankle Injury, Thigh Injury, Calf Injury",1
ENG-Premier League,2223,Tottenham Hotspur,Bryan Gil,ESP,"MF,FW",21,2001,4,2,148,1.6,0,1,1,0,0,0,1,0,0.0,0.61,0.61,0.0,0.61,B. Gil,B. Gil,10.0,"Injury, Muscle Injury",1
ENG-Premier League,2223,Tottenham Hotspur,Clément Lenglet,FRA,DF,27,1995,26,24,2019,22.4,0,2,2,0,0,0,4,0,0.0,0.09,0.09,0.0,0.09,C. Lenglet,C. Lenglet,1.0,Groin Injury,1
ENG-Premier League,2223,Tottenham Hotspur,Cristian Romero,ARG,DF,24,1998,27,26,2364,26.3,0,1,1,0,0,0,11,1,0.0,0.04,0.04,0.0,0.04,C. Romero,C. Romero,13.0,"Groin Injury, Muscle Injury, Rest, Red Card, Injury, Thigh Injury",1
ENG-Premier League,2223,Tottenham Hotspur,Davinson Sánchez,COL,DF,26,1996,18,8,858,9.5,0,0,0,0,0,0,1,0,0.0,0.0,0.0,0.0,0.0,D. Sánchez,,0.0,None,0
ENG-Premier League,2223,Tottenham Hotspur,Dejan Kulusevski,SWE,"MF,FW",22,2000,30,23,2067,23.0,2,7,9,2,0,0,2,0,0.09,0.3,0.39,0.09,0.39,D. Kulusevski,D. Kulusevski,8.0,"Thigh Injury, Muscle Injury, Yellow Cards",1
ENG-Premier League,2223,Tottenham Hotspur,Djed Spence,ENG,"DF,MF",21,2000,4,0,7,0.1,0,0,0,0,0,0,0,0,0.0,0.0,0.0,0.0,0.0,D. Spence,,0.0,None,0
ENG-Premier League,2223,Tottenham Hotspur,Emerson,BRA,"MF,DF",23,1999,26,20,1735,19.3,2,1,3,2,0,0,2,1,0.1,0.05,0.16,0.1,0.16,Emerson,Emerson,2.0,"Yellow Cards, Muscle Injury",1
ENG-Premier League,2223,Tottenham Hotspur,Eric Dier,ENG,DF,28,1994,33,31,2818,31.3,2,1,3,2,0,0,3,0,0.06,0.03,0.1,0.06,0.1,E. Dier,E. Dier,3.0,"Groin Injury, Muscle Injury",1
ENG-Premier League,2223,Tottenham Hotspur,Fraser Forster,ENG,GK,34,1988,14,13,1215,13.5,0,0,0,0,0,0,1,0,0.0,0.0,0.0,0.0,0.0,F. Forster,F. Forster,15.0,"Back Injury, Ankle Injury",1
ENG-Premier League,2223,Tottenham Hotspur,George Abbott,ENG,MF,16,2005,1,0,1,0.0,0,0,0,0,0,0,0,0,0.0,0.0,0.0,0.0,0.0,G. Abbott,,0.0,None,0
ENG-Premier League,2223,Tottenham Hotspur,Harry Kane,ENG,FW,29,1993,38,38,3405,37.8,30,3,33,25,5,6,6,0,0.79,0.08,0.87,0.66,0.74,H. Kane,,0.0,None,0
ENG-Premier League,2223,Tottenham Hotspur,Harvey White,ENG,MF,20,2001,1,0,5,0.1,0,0,0,0,0,0,0,0,0.0,0.0,0.0,0.0,0.0,H. White,,0.0,None,0
ENG-Premier League,2223,Tottenham Hotspur,Hugo Lloris,FRA,GK,35,1986,25,25,2205,24.5,0,0,0,0,0,0,0,0,0.0,0.0,0.0,0.0,0.0,H. Lloris,H. Lloris,12.0,"Knee Injury, Muscle Injury",1
ENG-Premier League,2223,Tottenham Hotspur,Ivan Perišić,CRO,MF,33,1989,34,23,2108,23.4,1,8,9,1,0,0,6,0,0.04,0.34,0.38,0.04,0.38,I. Perišić,,0.0,None,0
ENG-Premier League,2223,Tottenham Hotspur,Japhet Tanganga,ENG,DF,23,1999,4,2,146,1.6,0,0,0,0,0,0,0,0,0.0,0.0,0.0,0.0,0.0,J. Tanganga,J. Tanganga,2.0,Knock,1
ENG-Premier League,2223,Tottenham Hotspur,Lucas Moura,BRA,"FW,MF",29,1992,15,0,153,1.7,1,0,1,1,0,0,0,1,0.59,0.0,0.59,0.59,0.59,L. Moura,,0.0,None,0
ENG-Premier League,2223,Tottenham Hotspur,Matt Doherty,IRL,MF,30,1992,12,7,667,7.4,1,0,1,1,0,0,0,0,0.13,0.0,0.13,0.13,0.13,M. Doherty,,0.0,None,0
ENG-Premier League,2223,Tottenham Hotspur,Matthew Craig,SCO,MF,19,2003,1,0,14,0.2,0,0,0,0,0,0,0,0,0.0,0.0,0.0,0.0,0.0,M. Craig,,0.0,None,0
ENG-Premier League,2223,Tottenham Hotspur,Oliver Skipp,ENG,MF,21,2000,23,18,1491,16.6,1,0,1,1,0,0,7,0,0.06,0.0,0.06,0.06,0.06,O. Skipp,O. Skipp,5.0,"Leg Injury, Knock",1
ENG-Premier League,2223,Tottenham Hotspur,Pape Matar Sarr,SEN,MF,19,2002,11,2,218,2.4,0,1,1,0,0,0,1,0,0.0,0.41,0.41,0.0,0.41,P. Matar Sarr,,0.0,None,0
ENG-Premier League,2223,Tottenham Hotspur,Pedro Porro,ESP,MF,22,1999,15,13,1131,12.6,3,3,6,3,0,0,0,0,0.24,0.24,0.48,0.24,0.48,P. Porro,P. Porro,2.0,Muscle Injury,1
ENG-Premier League,2223,Tottenham Hotspur,Pierre Højbjerg,DEN,MF,26,1995,35,35,3131,34.8,4,5,9,4,0,0,5,0,0.11,0.14,0.26,0.11,0.26,P. Højbjerg,,0.0,None,0
ENG-Premier League,2223,Tottenham Hotspur,Richarlison,BRA,"MF,FW",25,1997,27,12,1010,11.2,1,3,4,1,0,0,3,0,0.09,0.27,0.36,0.09,0.36,Richarlison,Richarlison,18.0,"Suspended, Calf Injury, Thigh Injury, Health problems, Pelvis Injury, Knee Injury",1
ENG-Premier League,2223,Tottenham Hotspur,Rodrigo Bentancur,URU,MF,25,1997,18,17,1500,16.7,5,2,7,5,0,0,8,0,0.3,0.12,0.42,0.3,0.42,R. Bentancur,R. Bentancur,34.0,"Head Injury, Muscle Injury, Knee Injury, Ankle Injury",1
ENG-Premier League,2223,Tottenham Hotspur,Ryan Sessegnon,ENG,"MF,DF",22,2000,17,9,813,9.0,2,0,2,2,0,0,4,0,0.22,0.0,0.22,0.22,0.22,R. Sessegnon,R. Sessegnon,53.0,"Muscle Injury, Thigh Injury",1
ENG-Premier League,2223,Tottenham Hotspur,Son Heung-min,KOR,"MF,FW",30,1992,36,33,2888,32.1,10,6,16,10,0,0,2,0,0.31,0.19,0.5,0.31,0.5,S. Heung-min,,0.0,None,0
ENG-Premier League,2223,Tottenham Hotspur,Yves Bissouma,MLI,MF,25,1996,23,10,1010,11.2,0,0,0,0,0,0,6,0,0.0,0.0,0.0,0.0,0.0,Y. Bissouma,Y. Bissouma,23.0,"Yellow Cards, Ankle Injury, Red Card, National selection, International duty, Knee Injury",1
ENG-Premier League,2223,West Ham United,Aaron Cresswell,ENG,DF,32,1989,28,24,2235,24.8,0,1,1,0,0,0,3,0,0.0,0.04,0.04,0.0,0.04,A. Cresswell,A. Cresswell,5.0,"Muscle Injury, Thigh Injury",1
ENG-Premier League,2223,West Ham United,Alphonse Areola,FRA,GK,29,1993,5,2,309,3.4,0,0,0,0,0,0,0,0,0.0,0.0,0.0,0.0,0.0,A. Areola,A. Areola,5.0,"Thigh Injury, Wrist Injury, Injury, Groin Injury",1
ENG-Premier League,2223,West Ham United,Angelo Ogbonna,ITA,DF,34,1988,16,13,1237,13.7,0,0,0,0,0,0,0,0,0.0,0.0,0.0,0.0,0.0,A. Ogbonna,A. Ogbonna,2.0,Lacking Match Fitness,1
ENG-Premier League,2223,West Ham United,Ben Johnson,ENG,"DF,MF",22,2000,17,9,866,9.6,0,0,0,0,0,0,0,0,0.0,0.0,0.0,0.0,0.0,B. Johnson,B. Johnson,8.0,"Thigh Injury, Leg Injury, Groin Injury",1
ENG-Premier League,2223,West Ham United,Conor Coventry,IRL,MF,22,2000,1,0,1,0.0,0,0,0,0,0,0,0,0,0.0,0.0,0.0,0.0,0.0,C. Coventry,,0.0,None,0
ENG-Premier League,2223,West Ham United,Craig Dawson,ENG,DF,32,1990,8,8,720,8.0,0,0,0,0,0,0,2,0,0.0,0.0,0.0,0.0,0.0,C. Dawson,C. Dawson,18.0,"Thigh Injury, Yellow Cards, Knee Injury, Groin Injury",1
ENG-Premier League,2223,West Ham United,Danny Ings,ENG,FW,30,1992,17,7,775,8.6,2,2,4,2,0,0,1,0,0.23,0.23,0.46,0.23,0.46,D. Ings,,0.0,None,0
ENG-Premier League,2223,West Ham United,Declan Rice,ENG,MF,23,1999,37,36,3273,36.4,4,2,6,4,0,1,5,0,0.11,0.05,0.16,0.11,0.16,D. Rice,D. Rice,1.0,Illness,1
ENG-Premier League,2223,West Ham United,Divin Mubama,ENG,FW,17,2004,3,0,38,0.4,0,0,0,0,0,0,0,0,0.0,0.0,0.0,0.0,0.0,D. Mubama,,0.0,None,0
ENG-Premier League,2223,West Ham United,Emerson Palmieri,ITA,"MF,DF",27,1994,22,16,1320,14.7,1,0,1,1,0,0,2,0,0.07,0.0,0.07,0.07,0.07,E. Palmieri,,0.0,None,0
ENG-Premier League,2223,West Ham United,Flynn Downes,ENG,MF,23,1999,21,7,762,8.5,0,0,0,0,0,0,2,0,0.0,0.0,0.0,0.0,0.0,F. Downes,,0.0,None,0
ENG-Premier League,2223,West Ham United,Gianluca Scamacca,ITA,FW,23,1999,16,11,926,10.3,3,0,3,3,0,0,3,0,0.29,0.0,0.29,0.29,0.29,G. Scamacca,G. Scamacca,17.0,"Illness, Ankle Injury, Knee Injury",1
ENG-Premier League,2223,West Ham United,Jarrod Bowen,ENG,"MF,FW",25,1996,38,36,3233,35.9,6,5,11,5,1,2,2,0,0.17,0.14,0.31,0.14,0.28,J. Bowen,J. Bowen,3.0,"Knee Injury, Hip Injury, Injury",1
ENG-Premier League,2223,West Ham United,Kurt Zouma,FRA,DF,27,1994,25,24,1989,22.1,2,0,2,2,0,0,0,0,0.09,0.0,0.09,0.09,0.09,K. Zouma,K. Zouma,11.0,"Knee Injury, Thigh Injury, Ankle Injury, Injury",1
ENG-Premier League,2223,West Ham United,Lucas Paquetá,BRA,MF,24,1997,28,27,2151,23.9,4,3,7,3,1,1,5,0,0.17,0.13,0.29,0.13,0.25,L. Paquetá,,0.0,None,0
ENG-Premier League,2223,West Ham United,Manuel Lanzini,ARG,MF,29,1993,10,2,252,2.8,1,0,1,1,0,0,0,0,0.36,0.0,0.36,0.36,0.36,M. Lanzini,,0.0,None,0
ENG-Premier League,2223,West Ham United,Maxwel Cornet,CIV,MF,25,1996,14,2,245,2.7,0,0,0,0,0,0,0,0,0.0,0.0,0.0,0.0,0.0,M. Cornet,M. Cornet,20.0,"Calf Injury, Thigh Injury",1
ENG-Premier League,2223,West Ham United,Michail Antonio,JAM,FW,32,1990,33,21,1829,20.3,5,3,8,5,0,0,2,0,0.25,0.15,0.39,0.25,0.39,M. Antonio,M. Antonio,14.0,"Calf Injury, Injury, Knee Injury",1
ENG-Premier League,2223,West Ham United,Nayef Aguerd,MAR,DF,26,1996,18,17,1595,17.7,2,0,2,2,0,0,4,0,0.11,0.0,0.11,0.11,0.11,N. Aguerd,N. Aguerd,23.0,"Ankle Injury, Muscle Injury, Illness, National selection, International duty",1
ENG-Premier League,2223,West Ham United,Pablo Fornals,ESP,MF,26,1996,32,17,1503,16.7,3,1,4,3,0,0,0,0,0.18,0.06,0.24,0.18,0.24,P. Fornals,,0.0,None,0
ENG-Premier League,2223,West Ham United,Saïd Benrahma,ALG,"MF,FW",26,1995,35,22,2069,23.0,6,3,9,2,4,4,0,0,0.26,0.13,0.39,0.09,0.22,S. Benrahma,,0.0,None,0
ENG-Premier League,2223,West Ham United,Thilo Kehrer,GER,DF,25,1996,27,25,2230,24.8,0,2,2,0,0,0,4,0,0.0,0.08,0.08,0.0,0.08,T. Kehrer,,0.0,None,0
ENG-Premier League,2223,West Ham United,Tomáš Souček,CZE,MF,27,1995,36,32,2815,31.3,2,3,5,2,0,0,3,0,0.06,0.1,0.16,0.06,0.16,T. Souček,,0.0,None,0
ENG-Premier League,2223,West Ham United,Vladimír Coufal,CZE,"DF,MF",29,1992,27,24,2136,23.7,0,1,1,0,0,0,5,0,0.0,0.04,0.04,0.0,0.04,V. Coufal,V. Coufal,6.0,"Heel Injury, Thigh Injury, Illness, Red Card",1
ENG-Premier League,2223,West Ham United,Łukasz Fabiański,POL,GK,37,1985,36,36,3111,34.6,0,0,0,0,0,0,1,0,0.0,0.0,0.0,0.0,0.0,Ł. Fabiański,,0.0,None,0
ENG-Premier League,2223,Wolves,Adama Traoré,ESP,"MF,FW",26,1996,34,12,1496,16.6,2,1,3,2,0,0,2,0,0.12,0.06,0.18,0.12,0.18,A. Traoré,,0.0,None,0
ENG-Premier League,2223,Wolves,Boubacar Traoré,MLI,MF,20,2001,10,4,411,4.6,0,1,1,0,0,0,2,0,0.0,0.22,0.22,0.0,0.22,B. Traoré,,0.0,None,0
ENG-Premier League,2223,Wolves,Chem Campbell,WAL,"FW,MF",19,2002,5,0,74,0.8,0,0,0,0,0,0,0,0,0.0,0.0,0.0,0.0,0.0,C. Campbell,,0.0,None,0
ENG-Premier League,2223,Wolves,Connor Ronan,IRL,MF,24,1998,1,0,1,0.0,0,0,0,0,0,0,0,0,0.0,0.0,0.0,0.0,0.0,C. Ronan,,0.0,None,0
ENG-Premier League,2223,Wolves,Craig Dawson,ENG,DF,32,1990,17,17,1414,15.7,1,0,1,1,0,0,4,0,0.06,0.0,0.06,0.06,0.06,C. Dawson,C. Dawson,18.0,"Thigh Injury, Yellow Cards, Knee Injury, Groin Injury",1
ENG-Premier League,2223,Wolves,Daniel Bentley,ENG,GK,29,1993,2,2,180,2.0,0,0,0,0,0,0,0,0,0.0,0.0,0.0,0.0,0.0,D. Bentley,,0.0,None,0
ENG-Premier League,2223,Wolves,Daniel Podence,POR,"MF,FW",26,1995,32,20,1771,19.7,6,0,6,6,0,0,5,0,0.3,0.0,0.3,0.3,0.3,D. Podence,,0.0,None,0
ENG-Premier League,2223,Wolves,Dexter Lembikisa,JAM,"DF,MF",18,2003,1,0,23,0.3,0,0,0,0,0,0,0,0,0.0,0.0,0.0,0.0,0.0,D. Lembikisa,,0.0,None,0
ENG-Premier League,2223,Wolves,Diego Costa,ESP,FW,33,1988,23,16,1241,13.8,1,0,1,1,0,0,5,1,0.07,0.0,0.07,0.07,0.07,D. Costa,D. Costa,5.0,"Lacking Match Fitness, Red Card, Knock, Knee Injury",1
ENG-Premier League,2223,Wolves,Gonçalo Guedes,POR,"FW,MF",25,1996,13,8,707,7.9,1,1,2,1,0,0,1,0,0.13,0.13,0.25,0.13,0.25,G. Guedes,,0.0,None,0
ENG-Premier League,2223,Wolves,Hugo Bueno,ESP,DF,19,2002,21,16,1310,14.6,0,1,1,0,0,0,1,0,0.0,0.07,0.07,0.0,0.07,H. Bueno,H. Bueno,7.0,"Muscle Injury, Thigh Injury",1
ENG-Premier League,2223,Wolves,Hwang Hee-chan,KOR,"FW,MF",26,1996,27,12,1130,12.6,3,1,4,3,0,0,1,0,0.24,0.08,0.32,0.24,0.32,H. Hee-chan,,0.0,None,0
ENG-Premier League,2223,Wolves,Jonny Castro,ESP,DF,28,1994,18,14,1261,14.0,1,0,1,1,0,0,3,1,0.07,0.0,0.07,0.07,0.07,J. Castro,,0.0,None,0
ENG-Premier League,2223,Wolves,Joseph Hodge,IRL,MF,19,2002,6,1,175,1.9,0,0,0,0,0,0,1,0,0.0,0.0,0.0,0.0,0.0,J. Hodge,J. Hodge,12.0,"Thigh Injury, Shoulder Injury",1
ENG-Premier League,2223,Wolves,José Sá,POR,GK,29,1993,36,36,3240,36.0,0,0,0,0,0,0,2,0,0.0,0.0,0.0,0.0,0.0,J. Sá,,0.0,None,0
ENG-Premier League,2223,Wolves,João Gomes,BRA,MF,21,2001,11,7,653,7.3,1,0,1,1,0,0,5,0,0.14,0.0,0.14,0.14,0.14,J. Gomes,J. Gomes,1.0,Red Card,1
ENG-Premier League,2223,Wolves,João Moutinho,POR,MF,35,1986,31,20,1780,19.8,0,2,2,0,0,0,3,0,0.0,0.1,0.1,0.0,0.1,J. Moutinho,J. Moutinho,1.0,Foot Injury,1
ENG-Premier League,2223,Wolves,Leander Dendoncker,BEL,MF,27,1995,4,2,214,2.4,0,0,0,0,0,0,0,0,0.0,0.0,0.0,0.0,0.0,L. Dendoncker,L. Dendoncker,8.0,"Illness, Red Card, Personal Reasons, Muscle Injury",1
ENG-Premier League,2223,Wolves,Mario Lemina,GAB,MF,28,1993,19,17,1299,14.4,0,1,1,0,0,0,4,1,0.0,0.07,0.07,0.0,0.07,M. Lemina,M. Lemina,4.0,"Red Card, Yellow Cards, Personal Reasons",1
ENG-Premier League,2223,Wolves,Matheus Cunha,BRA,FW,23,1999,17,12,965,10.7,2,0,2,2,0,0,1,0,0.19,0.0,0.19,0.19,0.19,M. Cunha,M. Cunha,6.0,"Ankle Injury, Thigh Injury, Calf Injury",1
ENG-Premier League,2223,Wolves,Matheus Nunes,POR,MF,23,1998,34,30,2467,27.4,1,1,2,1,0,0,2,1,0.04,0.04,0.07,0.04,0.07,M. Nunes,M. Nunes,2.0,Muscle Injury,1
ENG-Premier League,2223,Wolves,Max Kilman,ENG,DF,25,1997,37,37,3307,36.7,0,0,0,0,0,0,3,0,0.0,0.0,0.0,0.0,0.0,M. Kilman,,0.0,None,0
ENG-Premier League,2223,Wolves,Morgan Gibbs-White,ENG,MF,22,2000,2,2,180,2.0,0,0,0,0,0,0,1,0,0.0,0.0,0.0,0.0,0.0,M. Gibbs-White,M. Gibbs-White,2.0,"Knock, Muscle Injury",1
ENG-Premier League,2223,Wolves,Nathan Collins,IRL,DF,21,2001,26,19,1814,20.2,0,0,0,0,0,0,2,1,0.0,0.0,0.0,0.0,0.0,N. Collins,N. Collins,8.0,"Red Card, Ankle Injury, Injury",1
ENG-Premier League,2223,Wolves,Nélson Semedo,POR,DF,28,1993,36,31,2632,29.2,0,1,1,0,0,0,11,1,0.0,0.03,0.03,0.0,0.03,N. Semedo,N. Semedo,3.0,"Thigh Injury, Yellow Cards, Calf Injury",1
ENG-Premier League,2223,Wolves,Pablo Sarabia,ESP,"MF,FW",30,1992,13,9,765,8.5,1,0,1,1,0,0,3,0,0.12,0.0,0.12,0.12,0.12,P. Sarabia,P. Sarabia,1.0,Injury,1
ENG-Premier League,2223,Wolves,Pedro Neto,POR,"MF,FW",22,2000,18,13,964,10.7,0,0,0,0,0,0,1,0,0.0,0.0,0.0,0.0,0.0,P. Neto,P. Neto,29.0,"Ankle Injury, Thigh Injury, Hamstring Injury",1
ENG-Premier League,2223,Wolves,Rayan Aït-Nouri,ALG,"DF,MF",21,2001,21,9,1076,12.0,1,0,1,1,0,0,4,0,0.08,0.0,0.08,0.08,0.08,R. Aït-Nouri,,0.0,None,0
ENG-Premier League,2223,Wolves,Raúl Jiménez,MEX,FW,31,1991,15,8,846,9.4,0,1,1,0,0,0,0,0,0.0,0.11,0.11,0.0,0.11,R. Jiménez,,0.0,None,0
ENG-Premier League,2223,Wolves,Rúben Neves,POR,MF,25,1997,35,33,3019,33.5,6,1,7,3,3,3,12,0,0.18,0.03,0.21,0.09,0.12,R. Neves,R. Neves,3.0,Yellow Cards,1
ENG-Premier League,2223,Wolves,Sasa Kalajdzic,AUT,FW,25,1997,1,1,45,0.5,0,0,0,0,0,0,0,0,0.0,0.0,0.0,0.0,0.0,S. Kalajdzic,S. Kalajdzic,32.0,Knee Injury,1
ENG-Premier League,2223,Wolves,Toti Gomes,POR,DF,23,1999,17,10,984,10.9,1,0,1,1,0,0,6,0,0.09,0.0,0.09,0.09,0.09,T. Gomes,,0.0,None,0
ENG-Premier League,2324,Arsenal,Aaron Ramsdale,ENG,GK,25,1998,6,6,540,6.0,0,0,0,0,0,0,0,0,0.0,0.0,0.0,0.0,0.0,A. Ramsdale,,0.0,None,0
ENG-Premier League,2324,Arsenal,Ben White,ENG,DF,25,1997,37,35,2988,33.2,4,4,8,4,0,0,8,0,0.12,0.12,0.24,0.12,0.24,B. White,,0.0,None,0
ENG-Premier League,2324,Arsenal,Bukayo Saka,ENG,FW,21,2001,35,35,2919,32.4,16,9,25,10,6,6,4,0,0.49,0.28,0.77,0.31,0.59,B. Saka,B. Saka,3.0,"Leg Injury, Injury, Muscle Injury",1
ENG-Premier League,2324,Arsenal,Cédric Soares,POR,"DF,MF",31,1991,3,0,62,0.7,0,0,0,0,0,0,0,0,0.0,0.0,0.0,0.0,0.0,C. Soares,C. Soares,1.0,Loan agreement,1
ENG-Premier League,2324,Arsenal,David Raya,ESP,GK,27,1995,32,32,2880,32.0,0,0,0,0,0,0,2,0,0.0,0.0,0.0,0.0,0.0,D. Raya,D. Raya,2.0,Loan agreement,1
ENG-Premier League,2324,Arsenal,Declan Rice,ENG,MF,24,1999,38,37,3225,35.8,7,8,15,7,0,0,5,0,0.2,0.22,0.42,0.2,0.42,D. Rice,D. Rice,1.0,Illness,1
ENG-Premier League,2324,Arsenal,Eddie Nketiah,ENG,FW,24,1999,27,10,1082,12.0,5,2,7,5,0,0,3,0,0.42,0.17,0.58,0.42,0.58,E. Nketiah,E. Nketiah,5.0,"Injury, Ankle Injury",1
ENG-Premier League,2324,Arsenal,Emile Smith Rowe,ENG,MF,23,2000,13,3,353,3.9,0,1,1,0,0,0,0,0,0.0,0.25,0.25,0.0,0.25,E. Smith Rowe,E. Smith Rowe,22.0,"Muscle Injury, Groin Injury, Thigh Injury, Knee Injury, Injury",1
ENG-Premier League,2324,Arsenal,Ethan Nwaneri,ENG,MF,16,2007,1,0,14,0.2,0,0,0,0,0,0,0,0,0.0,0.0,0.0,0.0,0.0,E. Nwaneri,,0.0,None,0
ENG-Premier League,2324,Arsenal,Fabio Vieira,POR,MF,23,2000,11,2,297,3.3,1,2,3,0,1,1,0,1,0.3,0.61,0.91,0.0,0.61,F. Vieira,F. Vieira,15.0,"Ankle Injury, Red Card, Groin Injury",1
ENG-Premier League,2324,Arsenal,Gabriel Jesus,BRA,FW,26,1997,27,17,1478,16.4,4,5,9,4,0,0,6,0,0.24,0.3,0.55,0.24,0.55,G. Jesus,G. Jesus,12.0,"Knee Injury, Convalescence",1
ENG-Premier League,2324,Arsenal,Gabriel Magalhães,BRA,DF,25,1997,36,34,3044,33.8,4,0,4,4,0,0,4,0,0.12,0.0,0.12,0.12,0.12,G. Magalhães,,0.0,None,0
ENG-Premier League,2324,Arsenal,Gabriel Martinelli,BRA,FW,22,2001,35,24,2019,22.4,6,4,10,6,0,0,1,0,0.27,0.18,0.45,0.27,0.45,G. Martinelli,G. Martinelli,5.0,"Ankle Injury, Muscle Injury",1
ENG-Premier League,2324,Arsenal,Jakub Kiwior,POL,DF,23,2000,20,11,946,10.5,1,3,4,1,0,0,1,0,0.1,0.29,0.38,0.1,0.38,J. Kiwior,,0.0,None,0
ENG-Premier League,2324,Arsenal,Jorginho,ITA,MF,31,1991,24,10,921,10.2,0,2,2,0,0,0,1,0,0.0,0.2,0.2,0.0,0.2,Jorginho,,0.0,None,0
ENG-Premier League,2324,Arsenal,Jurriën Timber,NED,DF,22,2001,2,1,71,0.8,0,0,0,0,0,0,2,0,0.0,0.0,0.0,0.0,0.0,J. Timber,J. Timber,35.0,"Knee Injury, Coach's decision, Lacking Match Fitness",1
ENG-Premier League,2324,Arsenal,Kai Havertz,GER,"MF,FW",24,1999,37,30,2634,29.3,13,7,20,12,1,1,11,0,0.44,0.24,0.68,0.41,0.65,K. Havertz,K. Havertz,2.0,"Knee Injury, Yellow Cards",1
ENG-Premier League,2324,Arsenal,Leandro Trossard,BEL,"FW,MF",28,1994,34,18,1649,18.3,12,1,13,12,0,0,2,0,0.65,0.05,0.71,0.65,0.71,L. Trossard,L. Trossard,2.0,"Coach's decision, Muscle Injury",1
ENG-Premier League,2324,Arsenal,Martin Ødegaard,NOR,MF,24,1998,35,35,3091,34.3,8,10,18,6,2,2,2,0,0.23,0.29,0.52,0.17,0.47,M. Ødegaard,,0.0,None,0
ENG-Premier League,2324,Arsenal,Mohamed Elneny,EGY,MF,31,1992,3,0,28,0.3,0,0,0,0,0,0,0,0,0.0,0.0,0.0,0.0,0.0,M. Elneny,M. Elneny,36.0,"Thigh Injury, Knock, National selection",1
ENG-Premier League,2324,Arsenal,Oleksandr Zinchenko,UKR,DF,26,1996,27,20,1722,19.1,1,2,3,1,0,0,2,0,0.05,0.1,0.16,0.05,0.16,O. Zinchenko,O. Zinchenko,16.0,"Knee Injury, Muscle Injury, Groin Injury, Calf Injury",1
ENG-Premier League,2324,Arsenal,Reiss Nelson,ENG,FW,23,1999,15,1,268,3.0,0,0,0,0,0,0,1,0,0.0,0.0,0.0,0.0,0.0,R. Nelson,R. Nelson,13.0,"Injury, Thigh Injury",1
ENG-Premier League,2324,Arsenal,Takehiro Tomiyasu,JPN,DF,24,1998,22,10,1149,12.8,2,1,3,2,0,0,2,1,0.16,0.08,0.23,0.16,0.23,T. Tomiyasu,T. Tomiyasu,28.0,"Thigh Injury, Injury, Knee Injury, Calf Injury, National selection, International duty, Health problems",1
ENG-Premier League,2324,Arsenal,Thomas Partey,GHA,"MF,DF",30,1993,14,9,788,8.8,0,0,0,0,0,0,3,0,0.0,0.0,0.0,0.0,0.0,T. Partey,T. Partey,26.0,"Thigh Injury, Muscle Injury",1
ENG-Premier League,2324,Arsenal,William Saliba,FRA,DF,22,2001,38,38,3420,38.0,2,1,3,2,0,0,4,0,0.05,0.03,0.08,0.05,0.08,W. Saliba,W. Saliba,11.0,Back Injury,1
ENG-Premier League,2324,Aston Villa,Bertrand Traoré,BFA,"FW,MF",27,1995,2,0,11,0.1,0,0,0,0,0,0,0,0,0.0,0.0,0.0,0.0,0.0,B. Traoré,,0.0,None,0
ENG-Premier League,2324,Aston Villa,Boubacar Kamara,FRA,MF,23,1999,20,20,1652,18.4,0,1,1,0,0,0,7,1,0.0,0.05,0.05,0.0,0.05,B. Kamara,B. Kamara,31.0,"Knee Injury, Ankle Injury, Yellow Cards, Red Card",1
ENG-Premier League,2324,Aston Villa,Calum Chambers,ENG,MF,28,1995,5,1,152,1.7,0,1,1,0,0,0,1,0,0.0,0.59,0.59,0.0,0.59,C. Chambers,,0.0,None,0
ENG-Premier League,2324,Aston Villa,Cameron Archer,ENG,"FW,MF",22,2001,1,0,6,0.1,0,0,0,0,0,0,1,0,0.0,0.0,0.0,0.0,0.0,C. Archer,C. Archer,5.0,Calf Injury,1
ENG-Premier League,2324,Aston Villa,Clément Lenglet,FRA,DF,28,1995,14,14,1153,12.8,0,1,1,0,0,0,3,0,0.0,0.08,0.08,0.0,0.08,C. Lenglet,C. Lenglet,1.0,Groin Injury,1
ENG-Premier League,2324,Aston Villa,Diego Carlos,BRA,DF,30,1993,27,20,1816,20.2,0,0,0,0,0,0,4,0,0.0,0.0,0.0,0.0,0.0,D. Carlos,,0.0,None,0
ENG-Premier League,2324,Aston Villa,Douglas Luiz,BRA,MF,25,1998,35,35,2993,33.3,9,5,14,5,4,4,12,0,0.27,0.15,0.42,0.15,0.3,D. Luiz,,0.0,None,0
ENG-Premier League,2324,Aston Villa,Emiliano Martínez,ARG,GK,30,1992,34,34,3015,33.5,0,0,0,0,0,0,4,0,0.0,0.0,0.0,0.0,0.0,E. Martínez,,0.0,None,0
ENG-Premier League,2324,Aston Villa,Ezri Konsa,ENG,DF,25,1997,35,35,3069,34.1,1,0,1,1,0,0,5,0,0.03,0.0,0.03,0.03,0.03,E. Konsa,E. Konsa,3.0,Knee Injury,1
ENG-Premier League,2324,Aston Villa,Finley Munroe,ENG,DF,18,2005,1,0,4,0.0,0,0,0,0,0,0,0,0,0.0,0.0,0.0,0.0,0.0,F. Munroe,,0.0,None,0
ENG-Premier League,2324,Aston Villa,Jacob Ramsey,ENG,MF,22,2001,16,8,853,9.5,1,1,2,1,0,0,2,0,0.11,0.11,0.21,0.11,0.21,J. Ramsey,J. Ramsey,24.0,"Thigh Injury, Foot Injury, Injury, Ankle Injury",1
ENG-Premier League,2324,Aston Villa,Jaden Philogene Bidace,ENG,"FW,MF",21,2002,1,0,4,0.0,0,0,0,0,0,0,0,0,0.0,0.0,0.0,0.0,0.0,J. Philogene Bidace,,0.0,None,0
ENG-Premier League,2324,Aston Villa,John McGinn,SCO,MF,28,1994,35,35,2999,33.3,6,4,10,6,0,0,9,1,0.18,0.12,0.3,0.18,0.3,J. McGinn,J. McGinn,4.0,"Thigh Injury, Red Card",1
ENG-Premier League,2324,Aston Villa,Jáder Durán,COL,FW,19,2003,23,3,475,5.3,5,0,5,5,0,0,5,0,0.95,0.0,0.95,0.95,0.95,J. Durán,,0.0,None,0
ENG-Premier League,2324,Aston Villa,Kaine Kesler-Hayden,ENG,"DF,MF",20,2002,3,0,6,0.1,0,0,0,0,0,0,0,0,0.0,0.0,0.0,0.0,0.0,K. Kesler-Hayden,,0.0,None,0
ENG-Premier League,2324,Aston Villa,Leander Dendoncker,BEL,MF,28,1995,8,1,119,1.3,1,0,1,1,0,0,0,0,0.76,0.0,0.76,0.76,0.76,L. Dendoncker,L. Dendoncker,8.0,"Illness, Red Card, Personal Reasons, Muscle Injury",1
ENG-Premier League,2324,Aston Villa,Leon Bailey,JAM,MF,25,1997,35,22,2068,23.0,10,9,19,10,0,0,5,0,0.44,0.39,0.83,0.44,0.83,L. Bailey,L. Bailey,6.0,"Muscle Injury, Thigh Injury",1
ENG-Premier League,2324,Aston Villa,Lucas Digne,FRA,DF,30,1993,33,27,2410,26.8,1,3,4,1,0,0,7,0,0.04,0.11,0.15,0.04,0.15,L. Digne,L. Digne,11.0,"Ankle Injury, Shoulder Injury, Yellow Cards, Thigh Injury",1
ENG-Premier League,2324,Aston Villa,Matty Cash,POL,"DF,MF",25,1997,29,23,2142,23.8,2,2,4,2,0,0,8,0,0.08,0.08,0.17,0.08,0.17,M. Cash,M. Cash,16.0,"Muscle Injury, Knock, Calf Injury, Yellow Cards, Hamstring Injury",1
ENG-Premier League,2324,Aston Villa,Morgan Rogers,ENG,MF,21,2002,11,8,638,7.1,3,1,4,3,0,0,3,0,0.42,0.14,0.56,0.42,0.56,M. Rogers,M. Rogers,2.0,Thigh Injury,1
ENG-Premier League,2324,Aston Villa,Moussa Diaby,FRA,"MF,FW",24,1999,38,25,2174,24.2,6,8,14,6,0,0,1,0,0.25,0.33,0.58,0.25,0.58,M. Diaby,,0.0,None,0
ENG-Premier League,2324,Aston Villa,Nicolò Zaniolo,ITA,"MF,FW",24,1999,25,9,839,9.3,2,0,2,2,0,0,7,0,0.21,0.0,0.21,0.21,0.21,N. Zaniolo,N. Zaniolo,5.0,"Injury, Muscle Injury, Leg Injury",1
ENG-Premier League,2324,Aston Villa,Ollie Watkins,ENG,FW,27,1995,37,37,3217,35.7,19,13,32,19,0,0,4,0,0.53,0.36,0.9,0.53,0.9,O. Watkins,O. Watkins,1.0,Thigh Injury,1
ENG-Premier League,2324,Aston Villa,Omari Kellyman,ENG,"FW,MF",17,2005,2,0,37,0.4,0,0,0,0,0,0,0,0,0.0,0.0,0.0,0.0,0.0,O. Kellyman,,0.0,None,0
ENG-Premier League,2324,Aston Villa,Pau Torres,ESP,DF,26,1997,29,27,2464,27.4,2,0,2,2,0,0,1,0,0.07,0.0,0.07,0.07,0.07,P. Torres,P. Torres,4.0,"Injury, Ankle Injury",1
ENG-Premier League,2324,Aston Villa,Philippe Coutinho,BRA,"FW,MF",31,1992,2,0,25,0.3,0,0,0,0,0,0,0,0,0.0,0.0,0.0,0.0,0.0,P. Coutinho,,0.0,None,0
ENG-Premier League,2324,Aston Villa,Robin Olsen,SWE,GK,33,1990,5,4,405,4.5,0,0,0,0,0,0,0,0,0.0,0.0,0.0,0.0,0.0,R. Olsen,R. Olsen,4.0,Knock,1
ENG-Premier League,2324,Aston Villa,Tim Iroegbunam,ENG,MF,20,2003,9,1,164,1.8,0,0,0,0,0,0,0,0,0.0,0.0,0.0,0.0,0.0,T. Iroegbunam,T. Iroegbunam,8.0,Surgery,1
ENG-Premier League,2324,Aston Villa,Tyrone Mings,ENG,DF,30,1993,1,1,30,0.3,0,0,0,0,0,0,0,0,0.0,0.0,0.0,0.0,0.0,T. Mings,T. Mings,37.0,Knee Injury,1
ENG-Premier League,2324,Aston Villa,Youri Tielemans,BEL,"MF,FW",26,1997,32,17,1622,18.0,2,6,8,2,0,0,3,0,0.11,0.33,0.44,0.11,0.44,Y. Tielemans,Y. Tielemans,12.0,"Ankle Injury, Knock, Injury, Muscle Injury",1
ENG-Premier League,2324,Aston Villa,Álex Moreno,ESP,DF,30,1993,21,11,1031,11.5,2,0,2,2,0,0,2,0,0.17,0.0,0.17,0.17,0.17,Á. Moreno,,0.0,None,0
ENG-Premier League,2324,Bournemouth,Adam Smith,ENG,DF,32,1991,28,25,2150,23.9,0,2,2,0,0,0,6,0,0.0,0.08,0.08,0.0,0.08,A. Smith,A. Smith,5.0,"Yellow Cards, Muscle Injury, Injury",1
ENG-Premier League,2324,Bournemouth,Alex Scott,ENG,MF,19,2003,23,11,1014,11.3,1,1,2,1,0,0,3,0,0.09,0.09,0.18,0.09,0.18,A. Scott,A. Scott,13.0,Knee Injury,1
ENG-Premier League,2324,Bournemouth,Antoine Semenyo,GHA,MF,23,2000,33,25,2105,23.4,8,2,10,8,0,0,6,0,0.34,0.09,0.43,0.34,0.43,A. Semenyo,A. Semenyo,4.0,"Leg Injury, National selection, Injury",1
ENG-Premier League,2324,Bournemouth,Chris Mepham,WAL,DF,25,1997,10,6,617,6.9,0,1,1,0,0,0,2,0,0.0,0.15,0.15,0.0,0.15,C. Mepham,C. Mepham,11.0,"Yellow Cards, Muscle Injury, Illness",1
ENG-Premier League,2324,Bournemouth,Dango Ouattara,BFA,"DF,MF",21,2002,30,12,1229,13.7,1,2,3,1,0,0,3,0,0.07,0.15,0.22,0.07,0.22,D. Ouattara,D. Ouattara,2.0,"National selection, International duty",1
ENG-Premier League,2324,Bournemouth,David Brooks,WAL,MF,26,1997,13,2,282,3.1,1,1,2,1,0,0,1,0,0.32,0.32,0.64,0.32,0.64,D. Brooks,D. Brooks,25.0,"Illness, Thigh Injury",1
ENG-Premier League,2324,Bournemouth,Dominic Sadi,ENG,MF,19,2003,1,0,1,0.0,0,0,0,0,0,0,0,0,0.0,0.0,0.0,0.0,0.0,D. Sadi,,0.0,None,0
ENG-Premier League,2324,Bournemouth,Dominic Solanke,ENG,FW,25,1997,38,37,3325,36.9,19,3,22,17,2,3,3,0,0.51,0.08,0.6,0.46,0.54,D. Solanke,D. Solanke,3.0,"Ankle Injury, Knee Injury",1
ENG-Premier League,2324,Bournemouth,Enes Ünal,TUR,FW,26,1997,16,2,328,3.6,2,2,4,2,0,0,1,0,0.55,0.55,1.1,0.55,1.1,E. Ünal,,0.0,None,0
ENG-Premier League,2324,Bournemouth,Hamed Junior Traorè,CIV,MF,23,2000,3,0,47,0.5,0,0,0,0,0,0,0,0,0.0,0.0,0.0,0.0,0.0,H. Junior Traorè,,0.0,None,0
ENG-Premier League,2324,Bournemouth,Illia Zabarnyi,UKR,DF,20,2002,37,37,3330,37.0,1,0,1,1,0,0,5,0,0.03,0.0,0.03,0.03,0.03,I. Zabarnyi,I. Zabarnyi,5.0,Ankle Injury,1
ENG-Premier League,2324,Bournemouth,Ionuț Radu,ROU,GK,26,1997,2,2,180,2.0,0,0,0,0,0,0,0,0,0.0,0.0,0.0,0.0,0.0,I. Radu,,0.0,None,0
ENG-Premier League,2324,Bournemouth,Jaidon Anthony,ENG,MF,23,1999,3,2,152,1.7,0,0,0,0,0,0,1,0,0.0,0.0,0.0,0.0,0.0,J. Anthony,,0.0,None,0
ENG-Premier League,2324,Bournemouth,James Hill,ENG,DF,21,2002,5,1,76,0.8,0,0,0,0,0,0,0,0,0.0,0.0,0.0,0.0,0.0,J. Hill,J. Hill,7.0,Ankle Injury,1
ENG-Premier League,2324,Bournemouth,Joe Rothwell,ENG,MF,28,1995,11,3,386,4.3,0,0,0,0,0,0,0,0,0.0,0.0,0.0,0.0,0.0,J. Rothwell,J. Rothwell,10.0,Thigh Injury,1
ENG-Premier League,2324,Bournemouth,Justin Kluivert,NED,MF,24,1999,32,26,1916,21.3,7,1,8,7,0,0,5,0,0.33,0.05,0.38,0.33,0.38,J. Kluivert,,0.0,None,0
ENG-Premier League,2324,Bournemouth,Kieffer Moore,WAL,"DF,FW",30,1992,8,0,108,1.2,1,0,1,1,0,0,0,0,0.83,0.0,0.83,0.83,0.83,K. Moore,K. Moore,1.0,Head Injury,1
ENG-Premier League,2324,Bournemouth,Lewis Cook,ENG,MF,26,1997,33,32,2786,31.0,0,3,3,0,0,0,5,1,0.0,0.1,0.1,0.0,0.1,L. Cook,L. Cook,9.0,"Knee Injury, Hip Injury, Red Card, Groin Injury",1
ENG-Premier League,2324,Bournemouth,Lloyd Kelly,ENG,DF,24,1998,23,17,1559,17.3,0,1,1,0,0,0,2,0,0.0,0.06,0.06,0.0,0.06,L. Kelly,L. Kelly,24.0,"Ankle Injury, Calf Injury, Injury, Thigh Injury, Hip Injury",1
ENG-Premier League,2324,Bournemouth,Luis Sinisterra,COL,MF,24,1999,20,7,699,7.8,2,2,4,2,0,0,0,0,0.26,0.26,0.52,0.26,0.52,L. Sinisterra,L. Sinisterra,27.0,"Thigh Injury, Red Card, Foot Injury, Injury",1
ENG-Premier League,2324,Bournemouth,Marcos Senesi,ARG,DF,26,1997,31,26,2242,24.9,4,5,9,4,0,0,13,0,0.16,0.2,0.36,0.16,0.36,M. Senesi,M. Senesi,6.0,"Thigh Injury, Yellow Cards",1
ENG-Premier League,2324,Bournemouth,Marcus Tavernier,ENG,MF,24,1999,30,25,2118,23.5,3,4,7,3,0,0,3,0,0.13,0.17,0.3,0.13,0.3,M. Tavernier,M. Tavernier,23.0,"Injury, Thigh Injury",1
ENG-Premier League,2324,Bournemouth,Mark Travers,IRL,GK,24,1999,4,4,360,4.0,0,0,0,0,0,0,0,0,0.0,0.0,0.0,0.0,0.0,M. Travers,,0.0,None,0
ENG-Premier League,2324,Bournemouth,Max Aarons,ENG,DF,23,2000,20,13,1237,13.7,0,1,1,0,0,0,1,0,0.0,0.07,0.07,0.0,0.07,M. Aarons,M. Aarons,13.0,Thigh Injury,1
ENG-Premier League,2324,Bournemouth,Milos Kerkez,HUN,DF,19,2003,28,22,1970,21.9,0,1,1,0,0,0,4,1,0.0,0.05,0.05,0.0,0.05,M. Kerkez,M. Kerkez,7.0,"Ankle Injury, Red Card",1
ENG-Premier League,2324,Bournemouth,Neto,BRA,GK,34,1989,32,32,2880,32.0,0,0,0,0,0,0,5,0,0.0,0.0,0.0,0.0,0.0,Neto,Neto,8.0,"Thigh Injury, Ankle Injury",1
ENG-Premier League,2324,Bournemouth,Philip Billing,DEN,MF,27,1996,29,13,1398,15.5,2,2,4,2,0,0,3,1,0.13,0.13,0.26,0.13,0.26,P. Billing,P. Billing,1.0,Red Card,1
ENG-Premier League,2324,Bournemouth,Romain Faivre,FRA,MF,25,1998,5,0,41,0.5,0,0,0,0,0,0,1,0,0.0,0.0,0.0,0.0,0.0,R. Faivre,R. Faivre,3.0,"Illness, Injury",1
ENG-Premier League,2324,Bournemouth,Ryan Christie,SCO,MF,28,1995,37,35,2907,32.3,0,5,5,0,0,0,6,0,0.0,0.15,0.15,0.0,0.15,R. Christie,,0.0,None,0
ENG-Premier League,2324,Bournemouth,Tyler Adams,USA,MF,24,1999,3,1,121,1.3,0,0,0,0,0,0,0,0,0.0,0.0,0.0,0.0,0.0,T. Adams,T. Adams,41.0,"Red Card, Thigh Injury, Injury",1
ENG-Premier League,2324,Brentford,Aaron Hickey,SCO,"DF,MF",21,2002,9,9,713,7.9,0,0,0,0,0,0,5,0,0.0,0.0,0.0,0.0,0.0,A. Hickey,A. Hickey,36.0,"Ankle Injury, Yellow Cards, Thigh Injury",1
ENG-Premier League,2324,Brentford,Ben Mee,ENG,DF,33,1989,16,15,1272,14.1,2,0,2,2,0,0,1,1,0.14,0.0,0.14,0.14,0.14,B. Mee,B. Mee,18.0,"Muscle Injury, Knock, Red Card, Broken ankle",1
ENG-Premier League,2324,Brentford,Bryan Mbeumo,CMR,FW,23,1999,25,22,1960,21.8,9,6,15,6,3,3,2,0,0.41,0.28,0.69,0.28,0.55,B. Mbeumo,B. Mbeumo,13.0,Ankle Injury,1
ENG-Premier League,2324,Brentford,Christian Nørgaard,DEN,MF,29,1994,31,30,2505,27.8,2,1,3,2,0,0,8,0,0.07,0.04,0.11,0.07,0.11,C. Nørgaard,,0.0,None,0
ENG-Premier League,2324,Brentford,Ethan Pinnock,JAM,DF,30,1993,29,28,2521,28.0,2,0,2,2,0,0,1,0,0.07,0.0,0.07,0.07,0.07,E. Pinnock,E. Pinnock,16.0,"Muscle Injury, Ankle Injury",1
ENG-Premier League,2324,Brentford,Frank Onyeka,NGA,MF,25,1998,26,11,1161,12.9,1,2,3,1,0,0,8,0,0.08,0.16,0.23,0.08,0.23,F. Onyeka,F. Onyeka,14.0,"Thigh Injury, Yellow Cards, National selection, International duty",1
ENG-Premier League,2324,Brentford,Ivan Toney,ENG,FW,27,1996,17,16,1450,16.1,4,2,6,4,0,0,5,0,0.25,0.12,0.37,0.25,0.37,I. Toney,I. Toney,22.0,"Yellow Cards, Suspended",1
ENG-Premier League,2324,Brentford,Josh Dasilva,ENG,MF,24,1998,3,0,24,0.3,0,0,0,0,0,0,0,0,0.0,0.0,0.0,0.0,0.0,J. Dasilva,J. Dasilva,33.0,"Thigh Injury, Knee Injury",1
ENG-Premier League,2324,Brentford,Keane Lewis-Potter,ENG,"FW,MF",22,2001,30,15,1441,16.0,3,1,4,3,0,0,0,0,0.19,0.06,0.25,0.19,0.25,K. Lewis-Potter,K. Lewis-Potter,20.0,"Ankle Injury, Knee Injury, Calf Injury",1
ENG-Premier League,2324,Brentford,Kevin Schade,GER,FW,21,2001,11,3,333,3.7,2,1,3,2,0,0,0,0,0.54,0.27,0.81,0.54,0.81,K. Schade,K. Schade,26.0,Hip Injury,1
ENG-Premier League,2324,Brentford,Kristoffer Ajer,NOR,DF,25,1998,28,21,1832,20.4,2,1,3,2,0,0,5,0,0.1,0.05,0.15,0.1,0.15,K. Ajer,K. Ajer,22.0,"Thigh Injury, Knee Injury, Calf Injury, Ankle Injury",1
ENG-Premier League,2324,Brentford,Mads Roerslev,DEN,"MF,DF",24,1999,34,22,1985,22.1,1,2,3,1,0,0,1,0,0.05,0.09,0.14,0.05,0.14,M. Roerslev,,0.0,None,0
ENG-Premier League,2324,Brentford,Mark Flekken,NED,GK,30,1993,37,37,3285,36.5,0,1,1,0,0,0,3,0,0.0,0.03,0.03,0.0,0.03,M. Flekken,,0.0,None,0
ENG-Premier League,2324,Brentford,Mathias Jensen,DEN,MF,27,1996,32,27,2204,24.5,3,3,6,3,0,0,5,0,0.12,0.12,0.25,0.12,0.25,M. Jensen,M. Jensen,4.0,Knock,1
ENG-Premier League,2324,Brentford,Mathias Jørgensen,DEN,DF,33,1990,14,12,1087,12.1,1,0,1,1,0,0,4,0,0.08,0.0,0.08,0.08,0.08,M. Jørgensen,,0.0,None,0
ENG-Premier League,2324,Brentford,Michael Olakigbe,ENG,MF,19,2004,8,0,59,0.7,0,0,0,0,0,0,0,0,0.0,0.0,0.0,0.0,0.0,M. Olakigbe,,0.0,None,0
ENG-Premier League,2324,Brentford,Mikkel Damsgaard,DEN,MF,23,2000,23,7,842,9.4,0,2,2,0,0,0,2,0,0.0,0.21,0.21,0.0,0.21,M. Damsgaard,M. Damsgaard,11.0,Knock,1
ENG-Premier League,2324,Brentford,Myles Peart-Harris,ENG,MF,20,2002,3,0,13,0.1,0,0,0,0,0,0,0,0,0.0,0.0,0.0,0.0,0.0,M. Peart-Harris,,0.0,None,0
ENG-Premier League,2324,Brentford,Nathan Collins,IRL,DF,22,2001,32,29,2652,29.5,1,1,2,1,0,0,3,0,0.03,0.03,0.07,0.03,0.07,N. Collins,N. Collins,8.0,"Red Card, Ankle Injury, Injury",1
ENG-Premier League,2324,Brentford,Neal Maupay,FRA,FW,26,1996,29,13,1321,14.7,6,3,9,6,0,0,8,0,0.41,0.2,0.61,0.41,0.61,N. Maupay,N. Maupay,2.0,Loan agreement,1
ENG-Premier League,2324,Brentford,Rico Henry,JAM,DF,26,1997,5,5,401,4.5,0,1,1,0,0,0,1,0,0.0,0.22,0.22,0.0,0.22,R. Henry,R. Henry,33.0,Knee Injury,1
ENG-Premier League,2324,Brentford,Saman Ghoddos,IRN,"DF,MF",29,1993,19,7,739,8.2,1,0,1,1,0,0,5,0,0.12,0.0,0.12,0.12,0.12,S. Ghoddos,S. Ghoddos,3.0,"National selection, International duty",1
ENG-Premier League,2324,Brentford,Sergio Reguilón,ESP,"MF,DF",26,1996,16,14,1118,12.4,0,4,4,0,0,0,4,1,0.0,0.32,0.32,0.0,0.32,S. Reguilón,,0.0,None,0
ENG-Premier League,2324,Brentford,Shandon Baptiste,GRN,MF,25,1998,10,2,229,2.5,1,1,2,1,0,0,1,0,0.39,0.39,0.79,0.39,0.79,S. Baptiste,S. Baptiste,17.0,"Muscle Injury, Red Card, Shoulder Injury, Foot Injury",1
ENG-Premier League,2324,Brentford,Thomas Strakosha,ALB,GK,28,1995,2,1,135,1.5,0,0,0,0,0,0,0,0,0.0,0.0,0.0,0.0,0.0,T. Strakosha,T. Strakosha,16.0,"Ankle Injury, Thigh Injury, Calf Injury",1
ENG-Premier League,2324,Brentford,Vitaly Janelt,GER,"MF,DF",25,1998,38,37,3054,33.9,1,3,4,1,0,0,8,0,0.03,0.09,0.12,0.03,0.12,V. Janelt,V. Janelt,3.0,Knee Injury,1
ENG-Premier League,2324,Brentford,Yehor Yarmoliuk,UKR,MF,19,2004,27,6,688,7.6,0,0,0,0,0,0,2,0,0.0,0.0,0.0,0.0,0.0,Y. Yarmoliuk,,0.0,None,0
ENG-Premier League,2324,Brentford,Yoane Wissa,COD,FW,26,1996,34,29,2493,27.7,12,3,15,12,0,0,7,0,0.43,0.11,0.54,0.43,0.54,Y. Wissa,Y. Wissa,4.0,"National selection, International duty",1
ENG-Premier League,2324,Brighton,Adam Lallana,ENG,MF,35,1988,25,13,850,9.4,0,1,1,0,0,0,2,0,0.0,0.11,0.11,0.0,0.11,A. Lallana,A. Lallana,24.0,"Calf Injury, Injury, Thigh Injury, Lacking Match Fitness",1
ENG-Premier League,2324,Brighton,Adam Webster,ENG,DF,28,1995,15,13,1144,12.7,0,0,0,0,0,0,2,0,0.0,0.0,0.0,0.0,0.0,A. Webster,A. Webster,16.0,"Knock, Muscle Injury",1
ENG-Premier League,2324,Brighton,Ansu Fati,ESP,"MF,FW",20,2002,19,3,521,5.8,2,0,2,2,0,0,2,0,0.35,0.0,0.35,0.35,0.35,A. Fati,A. Fati,9.0,Calf Injury,1
ENG-Premier League,2324,Brighton,Bart Verbruggen,NED,GK,20,2002,21,21,1890,21.0,0,0,0,0,0,0,3,0,0.0,0.0,0.0,0.0,0.0,B. Verbruggen,,0.0,None,0
ENG-Premier League,2324,Brighton,Benicio Boaitey,ENG,FW,19,2004,5,0,40,0.4,0,0,0,0,0,0,1,0,0.0,0.0,0.0,0.0,0.0,B. Boaitey,,0.0,None,0
ENG-Premier League,2324,Brighton,Billy Gilmour,SCO,MF,22,2001,30,24,2120,23.6,0,1,1,0,0,0,8,1,0.0,0.04,0.04,0.0,0.04,B. Gilmour,B. Gilmour,5.0,"Knock, Knee Injury",1
ENG-Premier League,2324,Brighton,Carlos Baleba,CMR,MF,19,2004,27,15,1325,14.7,0,0,0,0,0,0,7,0,0.0,0.0,0.0,0.0,0.0,C. Baleba,,0.0,None,0
ENG-Premier League,2324,Brighton,Danny Welbeck,ENG,"FW,MF",32,1990,29,21,1693,18.8,5,1,6,5,0,0,4,0,0.27,0.05,0.32,0.27,0.32,D. Welbeck,D. Welbeck,12.0,"Knock, Calf Injury, Muscle Injury",1
ENG-Premier League,2324,Brighton,Evan Ferguson,IRL,FW,18,2004,27,15,1367,15.2,6,0,6,6,0,0,1,0,0.4,0.0,0.4,0.4,0.4,E. Ferguson,E. Ferguson,12.0,"Knee Injury, Ankle Injury",1
ENG-Premier League,2324,Brighton,Facundo Buonanotte,ARG,"MF,FW",18,2004,27,17,1364,15.2,3,1,4,3,0,0,7,0,0.2,0.07,0.26,0.2,0.26,F. Buonanotte,,0.0,None,0
ENG-Premier League,2324,Brighton,Igor,BRA,DF,25,1998,24,17,1637,18.2,0,0,0,0,0,0,4,0,0.0,0.0,0.0,0.0,0.0,Igor,Igor,2.0,"Ankle Injury, Knock",1
ENG-Premier League,2324,Brighton,Jack Hinshelwood,ENG,"DF,MF",18,2005,12,8,869,9.7,3,0,3,3,0,0,1,0,0.31,0.0,0.31,0.31,0.31,J. Hinshelwood,J. Hinshelwood,14.0,Ankle Injury,1
ENG-Premier League,2324,Brighton,Jakub Moder,POL,"MF,DF",24,1999,17,6,618,6.9,0,0,0,0,0,0,2,0,0.0,0.0,0.0,0.0,0.0,J. Moder,J. Moder,38.0,Knee Injury,1
ENG-Premier League,2324,Brighton,James Milner,ENG,"DF,MF",37,1986,15,11,773,8.6,0,2,2,0,0,0,3,0,0.0,0.23,0.23,0.0,0.23,J. Milner,J. Milner,24.0,"Head Injury, Thigh Injury, Muscle Injury, Injury, Knee Injury",1
ENG-Premier League,2324,Brighton,Jan Paul van Hecke,NED,DF,23,2000,28,26,2369,26.3,0,0,0,0,0,0,4,0,0.0,0.0,0.0,0.0,0.0,J. Paul van Hecke,,0.0,None,0
ENG-Premier League,2324,Brighton,Jason Steele,ENG,GK,32,1990,17,17,1530,17.0,0,0,0,0,0,0,0,0,0.0,0.0,0.0,0.0,0.0,J. Steele,,0.0,None,0
ENG-Premier League,2324,Brighton,João Pedro,BRA,"MF,FW",21,2001,31,19,2045,22.7,9,3,12,5,4,5,2,0,0.4,0.13,0.53,0.22,0.35,J. Pedro,,0.0,None,0
ENG-Premier League,2324,Brighton,Joël Veltman,NED,DF,31,1992,27,17,1588,17.6,1,1,2,1,0,0,4,0,0.06,0.06,0.11,0.06,0.11,J. Veltman,J. Veltman,13.0,"Muscle Injury, Knee Injury, Knock",1
ENG-Premier League,2324,Brighton,Julio Enciso,PAR,MF,19,2004,12,5,475,5.3,0,2,2,0,0,0,2,0,0.0,0.38,0.38,0.0,0.38,J. Enciso,J. Enciso,24.0,"Knee Injury, Knock",1
ENG-Premier League,2324,Brighton,Kaoru Mitoma,JPN,"MF,FW",26,1997,19,15,1486,16.5,3,4,7,3,0,0,4,0,0.18,0.24,0.42,0.18,0.42,K. Mitoma,K. Mitoma,21.0,"Ankle Injury, Injury, National selection, International duty, Back Injury",1
ENG-Premier League,2324,Brighton,Lewis Dunk,ENG,DF,31,1991,33,33,2869,31.9,3,1,4,3,0,0,7,1,0.09,0.03,0.13,0.09,0.13,L. Dunk,L. Dunk,5.0,"Groin Injury, Red Card, Yellow Cards, Knee Injury",1
ENG-Premier League,2324,Brighton,Mahmoud Dahoud,GER,MF,27,1996,9,6,452,5.0,0,1,1,0,0,0,1,1,0.0,0.2,0.2,0.0,0.2,M. Dahoud,M. Dahoud,3.0,Red Card,1
ENG-Premier League,2324,Brighton,Mark O'Mahony,IRL,FW,18,2005,3,1,63,0.7,0,0,0,0,0,0,1,0,0.0,0.0,0.0,0.0,0.0,M. O'Mahony,,0.0,None,0
ENG-Premier League,2324,Brighton,Odeluga Offiah,ENG,DF,20,2002,4,1,128,1.4,0,0,0,0,0,0,0,0,0.0,0.0,0.0,0.0,0.0,O. Offiah,,0.0,None,0
ENG-Premier League,2324,Brighton,Pascal Groß,GER,"MF,DF",32,1991,36,34,3114,34.6,4,10,14,3,1,1,6,0,0.12,0.29,0.4,0.09,0.38,P. Groß,,0.0,None,0
ENG-Premier League,2324,Brighton,Pervis Estupiñán,ECU,"DF,MF",25,1998,19,15,1243,13.8,2,3,5,2,0,0,4,0,0.14,0.22,0.36,0.14,0.36,P. Estupiñán,,0.0,None,0
ENG-Premier League,2324,Brighton,Simon Adingra,CIV,MF,21,2002,31,25,2222,24.7,6,1,7,6,0,0,3,0,0.24,0.04,0.28,0.24,0.28,S. Adingra,S. Adingra,5.0,"Thigh Injury, National selection, International duty",1
ENG-Premier League,2324,Brighton,Solly March,ENG,"MF,DF",29,1994,7,7,554,6.2,3,1,4,3,0,0,1,0,0.49,0.16,0.65,0.49,0.65,S. March,S. March,34.0,"Thigh Injury, Knee Injury",1
ENG-Premier League,2324,Brighton,Tariq Lamptey,GHA,"DF,MF",22,2000,19,10,914,10.2,0,3,3,0,0,0,3,0,0.0,0.3,0.3,0.0,0.3,T. Lamptey,T. Lamptey,29.0,"Knee Injury, Injury, Muscle Injury",1
ENG-Premier League,2324,Brighton,Valentín Barco,ARG,DF,19,2004,6,3,307,3.4,0,0,0,0,0,0,1,0,0.0,0.0,0.0,0.0,0.0,V. Barco,,0.0,None,0
ENG-Premier League,2324,Burnley,Aaron Ramsey,ENG,MF,20,2003,14,5,527,5.9,0,0,0,0,0,0,1,0,0.0,0.0,0.0,0.0,0.0,A. Ramsey,A. Ramsey,17.0,"Knock, Injury, Knee Injury",1
ENG-Premier League,2324,Burnley,Ameen Al-Dakhil,BEL,DF,21,2002,13,12,1056,11.7,1,0,1,1,0,0,1,0,0.09,0.0,0.09,0.09,0.09,A. Al-Dakhil,,0.0,None,0
ENG-Premier League,2324,Burnley,Anass Zaroury,MAR,FW,22,2000,6,1,152,1.7,0,0,0,0,0,0,0,1,0.0,0.0,0.0,0.0,0.0,A. Zaroury,A. Zaroury,1.0,Red Card,1
ENG-Premier League,2324,Burnley,Arijanet Muric,KVX,GK,24,1998,10,10,900,10.0,0,0,0,0,0,0,0,0,0.0,0.0,0.0,0.0,0.0,A. Muric,A. Muric,2.0,Illness,1
ENG-Premier League,2324,Burnley,Benson Manuel,ANG,MF,26,1997,8,1,116,1.3,0,0,0,0,0,0,0,0,0.0,0.0,0.0,0.0,0.0,B. Manuel,,0.0,None,0
ENG-Premier League,2324,Burnley,Charlie Taylor,ENG,DF,29,1993,28,25,2331,25.9,1,1,2,1,0,0,8,0,0.04,0.04,0.08,0.04,0.08,C. Taylor,C. Taylor,5.0,"Yellow Cards, Shoulder Injury",1
ENG-Premier League,2324,Burnley,Connor Roberts,WAL,DF,27,1995,14,8,823,9.1,0,1,1,0,0,0,5,1,0.0,0.11,0.11,0.0,0.11,C. Roberts,C. Roberts,1.0,Red Card,1
ENG-Premier League,2324,Burnley,Dara O'Shea,IRL,DF,24,1999,33,32,2892,32.1,3,4,7,3,0,0,5,1,0.09,0.12,0.22,0.09,0.22,D. O'Shea,D. O'Shea,1.0,Red Card,1
ENG-Premier League,2324,Burnley,David Datro Fofana,CIV,FW,20,2002,15,10,879,9.8,4,1,5,4,0,0,1,0,0.41,0.1,0.51,0.41,0.51,D. Datro Fofana,,0.0,None,0
ENG-Premier League,2324,Burnley,Han-Noah Massengo,FRA,MF,22,2001,3,0,16,0.2,0,0,0,0,0,0,0,0,0.0,0.0,0.0,0.0,0.0,H. Massengo,,0.0,None,0
ENG-Premier League,2324,Burnley,Hannes Delcroix,HAI,DF,24,1999,12,5,589,6.5,0,0,0,0,0,0,2,0,0.0,0.0,0.0,0.0,0.0,H. Delcroix,H. Delcroix,1.0,Knock,1
ENG-Premier League,2324,Burnley,Hjalmar Ekdal,SWE,DF,24,1998,8,5,437,4.9,0,0,0,0,0,0,2,0,0.0,0.0,0.0,0.0,0.0,H. Ekdal,H. Ekdal,10.0,Knee Injury,1
ENG-Premier League,2324,Burnley,Jack Cork,ENG,"DF,MF",34,1989,4,0,27,0.3,0,0,0,0,0,0,0,0,0.0,0.0,0.0,0.0,0.0,J. Cork,J. Cork,8.0,Injury,1
ENG-Premier League,2324,Burnley,Jacob Bruun Larsen,DEN,MF,24,1998,32,16,1249,13.9,6,0,6,5,1,1,1,0,0.43,0.0,0.43,0.36,0.36,J. Bruun Larsen,,0.0,None,0
ENG-Premier League,2324,Burnley,James Trafford,ENG,GK,20,2002,28,28,2520,28.0,0,0,0,0,0,0,2,0,0.0,0.0,0.0,0.0,0.0,J. Trafford,,0.0,None,0
ENG-Premier League,2324,Burnley,Jay Rodriguez,ENG,FW,34,1989,21,7,822,9.1,2,1,3,1,1,1,0,0,0.22,0.11,0.33,0.11,0.22,J. Rodriguez,,0.0,None,0
ENG-Premier League,2324,Burnley,Jordan Beyer,GER,DF,23,2000,15,15,1234,13.7,0,1,1,0,0,0,6,0,0.0,0.07,0.07,0.0,0.07,J. Beyer,J. Beyer,21.0,"Thigh Injury, Knock, Yellow Cards, Injury",1
ENG-Premier League,2324,Burnley,Josh Brownhill,ENG,MF,27,1995,33,23,2252,25.0,4,2,6,4,0,0,4,1,0.16,0.08,0.24,0.16,0.24,J. Brownhill,J. Brownhill,1.0,Red Card,1
ENG-Premier League,2324,Burnley,Josh Cullen,IRL,MF,27,1996,25,23,2057,22.9,2,3,5,2,0,0,9,0,0.09,0.13,0.22,0.09,0.22,J. Cullen,J. Cullen,3.0,"Yellow Cards, Knock",1
ENG-Premier League,2324,Burnley,Jóhann Berg Guðmundsson,ISL,MF,32,1990,26,12,1192,13.2,1,3,4,1,0,0,2,0,0.08,0.23,0.3,0.08,0.3,J. Berg Guðmundsson,,0.0,None,0
ENG-Premier League,2324,Burnley,Lorenz Assignon,TOG,DF,23,2000,15,15,1234,13.7,1,2,3,1,0,0,5,1,0.07,0.15,0.22,0.07,0.22,L. Assignon,L. Assignon,1.0,Red Card,1
ENG-Premier League,2324,Burnley,Luca Koleosho,ITA,"MF,FW",18,2004,15,13,974,10.8,1,1,2,1,0,0,0,0,0.09,0.09,0.18,0.09,0.18,L. Koleosho,L. Koleosho,23.0,Knee Injury,1
ENG-Premier League,2324,Burnley,Lyle Foster,RSA,"FW,MF",22,2000,24,22,1899,21.1,5,3,8,5,0,0,0,1,0.24,0.14,0.38,0.24,0.38,L. Foster,L. Foster,13.0,"Red Card, Illness, Injury",1
ENG-Premier League,2324,Burnley,Maxime Estève,FRA,DF,21,2002,16,15,1309,14.5,0,0,0,0,0,0,6,0,0.0,0.0,0.0,0.0,0.0,M. Estève,,0.0,None,0
ENG-Premier League,2324,Burnley,Michael Obafemi,IRL,FW,23,2000,2,0,20,0.2,0,0,0,0,0,0,0,0,0.0,0.0,0.0,0.0,0.0,M. Obafemi,M. Obafemi,11.0,Thigh Injury,1
ENG-Premier League,2324,Burnley,Mike Trésor,BEL,"MF,FW",24,1999,16,3,420,4.7,0,0,0,0,0,0,0,0,0.0,0.0,0.0,0.0,0.0,M. Trésor,,0.0,None,0
ENG-Premier League,2324,Burnley,Nathan Redmond,ENG,"FW,MF",29,1994,12,0,142,1.6,0,0,0,0,0,0,1,0,0.0,0.0,0.0,0.0,0.0,N. Redmond,N. Redmond,20.0,"Injury, Muscle Injury",1
ENG-Premier League,2324,Burnley,Sander Berge,NOR,MF,25,1998,37,34,3005,33.4,1,2,3,1,0,0,10,1,0.03,0.06,0.09,0.03,0.09,S. Berge,S. Berge,1.0,Red Card,1
ENG-Premier League,2324,Burnley,Vitinho,BRA,"DF,MF",24,1999,32,26,2314,25.7,0,2,2,0,0,0,1,0,0.0,0.08,0.08,0.0,0.08,Vitinho,Vitinho,2.0,Knee Injury,1
ENG-Premier League,2324,Burnley,Wilson Odobert,FRA,"MF,FW",18,2004,29,25,2098,23.3,3,2,5,3,0,0,3,0,0.13,0.09,0.21,0.13,0.21,W. Odobert,,0.0,None,0
ENG-Premier League,2324,Burnley,Zeki Amdouni,SUI,FW,22,2000,34,27,1953,21.7,5,1,6,4,1,1,2,0,0.23,0.05,0.28,0.18,0.23,Z. Amdouni,,0.0,None,0
ENG-Premier League,2324,Chelsea,Alex Matos,ENG,MF,18,2004,1,0,1,0.0,0,0,0,0,0,0,0,0,0.0,0.0,0.0,0.0,0.0,A. Matos,,0.0,None,0
ENG-Premier League,2324,Chelsea,Alfie Gilchrist,ENG,DF,19,2003,11,2,207,2.3,1,0,1,1,0,0,1,0,0.43,0.0,0.43,0.43,0.43,A. Gilchrist,,0.0,None,0
ENG-Premier League,2324,Chelsea,Armando Broja,ALB,FW,21,2001,13,6,454,5.0,1,0,1,1,0,0,0,0,0.2,0.0,0.2,0.2,0.2,A. Broja,A. Broja,33.0,"Injury, Knee Injury",1
ENG-Premier League,2324,Chelsea,Axel Disasi,FRA,DF,25,1998,31,29,2579,28.7,2,0,2,2,0,0,6,0,0.07,0.0,0.07,0.07,0.07,A. Disasi,A. Disasi,2.0,"Injury, Knock",1
ENG-Premier League,2324,Chelsea,Ben Chilwell,ENG,"MF,DF",26,1996,13,9,756,8.4,0,1,1,0,0,0,5,0,0.0,0.12,0.12,0.0,0.12,B. Chilwell,B. Chilwell,34.0,"Thigh Injury, Muscle Injury, Knee Injury",1
ENG-Premier League,2324,Chelsea,Benoît Badiashile,FRA,DF,22,2001,18,15,1338,14.9,0,1,1,0,0,0,3,0,0.0,0.07,0.07,0.0,0.07,B. Badiashile,B. Badiashile,14.0,Groin Injury,1
ENG-Premier League,2324,Chelsea,Carney Chukwuemeka,AUT,MF,19,2003,9,2,227,2.5,1,1,2,1,0,0,2,0,0.4,0.4,0.79,0.4,0.79,C. Chukwuemeka,C. Chukwuemeka,29.0,"Illness, Thigh Injury, Muscle Injury, Knee Injury, Injury",1
ENG-Premier League,2324,Chelsea,Cesare Casadei,ITA,MF,20,2003,11,0,79,0.9,0,0,0,0,0,0,0,0,0.0,0.0,0.0,0.0,0.0,C. Casadei,,0.0,None,0
ENG-Premier League,2324,Chelsea,Christopher Nkunku,FRA,"MF,FW",25,1997,11,2,443,4.9,3,0,3,3,0,0,0,0,0.61,0.0,0.61,0.61,0.61,C. Nkunku,C. Nkunku,26.0,"Knee Injury, Hip Injury, Injury",1
ENG-Premier League,2324,Chelsea,Cole Palmer,ENG,"MF,FW",21,2002,33,29,2607,29.0,22,11,33,13,9,9,7,0,0.76,0.38,1.14,0.45,0.83,C. Palmer,C. Palmer,3.0,"Knock, Yellow Cards, Illness",1
ENG-Premier League,2324,Chelsea,Conor Gallagher,ENG,MF,23,2000,37,37,3128,34.8,5,7,12,5,0,0,9,1,0.14,0.2,0.35,0.14,0.35,C. Gallagher,C. Gallagher,2.0,Red Card,1
ENG-Premier League,2324,Chelsea,Deivid Washington,BRA,FW,18,2005,2,0,13,0.1,0,0,0,0,0,0,0,0,0.0,0.0,0.0,0.0,0.0,D. Washington,,0.0,None,0
ENG-Premier League,2324,Chelsea,Enzo Fernández,ARG,MF,22,2001,28,26,2209,24.5,3,2,5,2,1,2,7,0,0.12,0.08,0.2,0.08,0.16,E. Fernández,,0.0,None,0
ENG-Premier League,2324,Chelsea,Ian Maatsen,NED,MF,21,2002,12,1,209,2.3,0,0,0,0,0,0,1,0,0.0,0.0,0.0,0.0,0.0,I. Maatsen,,0.0,None,0
ENG-Premier League,2324,Chelsea,Jimi Tauriainen,ENG,FW,19,2004,1,0,1,0.0,0,0,0,0,0,0,0,0,0.0,0.0,0.0,0.0,0.0,J. Tauriainen,,0.0,None,0
ENG-Premier League,2324,Chelsea,Joshua Acheampong,ENG,DF,17,2006,1,0,6,0.1,0,0,0,0,0,0,0,0,0.0,0.0,0.0,0.0,0.0,J. Acheampong,,0.0,None,0
ENG-Premier League,2324,Chelsea,Lesley Ugochukwu,FRA,MF,19,2004,12,3,301,3.3,0,0,0,0,0,0,2,0,0.0,0.0,0.0,0.0,0.0,L. Ugochukwu,L. Ugochukwu,18.0,"Injury, Thigh Injury",1
ENG-Premier League,2324,Chelsea,Levi Colwill,ENG,DF,20,2003,23,20,1797,20.0,1,1,2,1,0,0,2,0,0.05,0.05,0.1,0.05,0.1,L. Colwill,L. Colwill,14.0,"Muscle Injury, Loan agreement, Injury, Ankle Injury",1
ENG-Premier League,2324,Chelsea,Malo Gusto,FRA,"DF,MF",20,2003,27,19,1751,19.5,0,6,6,0,0,0,7,1,0.0,0.31,0.31,0.0,0.31,M. Gusto,M. Gusto,8.0,"Red Card, Tendon Injury, Knee Injury",1
ENG-Premier League,2324,Chelsea,Marc Cucurella,ESP,DF,25,1998,21,20,1782,19.8,0,2,2,0,0,0,10,0,0.0,0.1,0.1,0.0,0.1,M. Cucurella,M. Cucurella,17.0,"Illness, Thigh Injury, Yellow Cards, Ankle Injury",1
ENG-Premier League,2324,Chelsea,Mason Burstow,ENG,FW,19,2003,2,0,9,0.1,0,0,0,0,0,0,0,0,0.0,0.0,0.0,0.0,0.0,M. Burstow,,0.0,None,0
ENG-Premier League,2324,Chelsea,Moisés Caicedo,ECU,MF,21,2001,35,33,2866,31.8,1,3,4,1,0,0,11,0,0.03,0.09,0.13,0.03,0.13,M. Caicedo,M. Caicedo,4.0,"Suspended, Thigh Injury, Inactive, Illness",1
ENG-Premier League,2324,Chelsea,Mykhailo Mudryk,UKR,MF,22,2001,31,18,1576,17.5,5,2,7,5,0,0,5,0,0.29,0.11,0.4,0.29,0.4,M. Mudryk,M. Mudryk,3.0,"Injury, Muscle Injury, Head Injury",1
ENG-Premier League,2324,Chelsea,Nicolas Jackson,SEN,FW,22,2001,35,31,2799,31.1,14,5,19,14,0,0,10,0,0.45,0.16,0.61,0.45,0.61,N. Jackson,N. Jackson,3.0,"Yellow Cards, National selection, International duty",1
ENG-Premier League,2324,Chelsea,Noni Madueke,ENG,MF,21,2002,23,13,1053,11.7,5,2,7,4,1,1,2,0,0.43,0.17,0.6,0.34,0.51,N. Madueke,N. Madueke,3.0,"Muscle Injury, Injury",1
ENG-Premier League,2324,Chelsea,Raheem Sterling,ENG,MF,28,1994,31,22,1978,22.0,8,4,12,8,0,0,7,0,0.36,0.18,0.55,0.36,0.55,R. Sterling,R. Sterling,11.0,"Thigh Injury, Knee Injury, Yellow Cards, Illness, Back Injury",1
ENG-Premier League,2324,Chelsea,Reece James,ENG,"DF,MF",23,1999,10,5,419,4.7,0,2,2,0,0,0,2,2,0.0,0.43,0.43,0.0,0.43,R. James,R. James,48.0,"Knee Injury, Thigh Injury, Illness, Hamstring Injury, Suspended, Red Card",1
ENG-Premier League,2324,Chelsea,Robert Sánchez,ESP,GK,25,1997,16,16,1433,15.9,0,0,0,0,0,0,2,0,0.0,0.0,0.0,0.0,0.0,R. Sánchez,,0.0,None,0
ENG-Premier League,2324,Chelsea,Roméo Lavia,BEL,MF,19,2004,1,0,33,0.4,0,0,0,0,0,0,0,0,0.0,0.0,0.0,0.0,0.0,R. Lavia,R. Lavia,43.0,"Muscle Injury, Thigh Injury, Lacking Match Fitness, Ankle Injury, Injury",1
ENG-Premier League,2324,Chelsea,Thiago Silva,BRA,DF,38,1984,31,28,2527,28.1,3,1,4,3,0,0,4,0,0.11,0.04,0.14,0.11,0.14,T. Silva,T. Silva,8.0,"Knee Injury, Groin Injury",1
ENG-Premier League,2324,Chelsea,Trevoh Chalobah,ENG,DF,24,1999,13,10,952,10.6,1,0,1,1,0,0,1,0,0.09,0.0,0.09,0.09,0.09,T. Chalobah,T. Chalobah,23.0,"Injury, Thigh Injury",1
ENG-Premier League,2324,Chelsea,Đorđe Petrović,SRB,GK,23,1999,23,22,1987,22.1,0,0,0,0,0,0,2,0,0.0,0.0,0.0,0.0,0.0,Đ. Petrović,,0.0,None,0
ENG-Premier League,2324,Crystal Palace,Adam Wharton,ENG,MF,19,2004,16,15,1297,14.4,0,3,3,0,0,0,2,0,0.0,0.21,0.21,0.0,0.21,A. Wharton,,0.0,None,0
ENG-Premier League,2324,Crystal Palace,Cheick Doucouré,MLI,MF,23,2000,11,11,919,10.2,0,0,0,0,0,0,2,0,0.0,0.0,0.0,0.0,0.0,C. Doucouré,,0.0,None,0
ENG-Premier League,2324,Crystal Palace,Chris Richards,USA,"DF,MF",23,2000,26,23,2094,23.3,1,1,2,1,0,0,3,0,0.04,0.04,0.09,0.04,0.09,C. Richards,C. Richards,11.0,"Leg Injury, Injury, Knee Injury",1
ENG-Premier League,2324,Crystal Palace,Daniel Muñoz,COL,"MF,DF",27,1996,16,16,1439,16.0,0,4,4,0,0,0,4,0,0.0,0.25,0.25,0.0,0.25,D. Muñoz,,0.0,None,0
ENG-Premier League,2324,Crystal Palace,David Ozoh,ENG,MF,18,2005,9,0,156,1.7,0,0,0,0,0,0,1,0,0.0,0.0,0.0,0.0,0.0,D. Ozoh,,0.0,None,0
ENG-Premier League,2324,Crystal Palace,Dean Henderson,ENG,GK,26,1997,18,18,1620,18.0,0,0,0,0,0,0,2,0,0.0,0.0,0.0,0.0,0.0,D. Henderson,D. Henderson,30.0,"Injury, Thigh Injury",1
ENG-Premier League,2324,Crystal Palace,Eberechi Eze,ENG,"MF,FW",25,1998,27,24,2055,22.8,11,4,15,10,1,1,3,0,0.48,0.18,0.66,0.44,0.61,E. Eze,E. Eze,11.0,"Muscle Injury, Ankle Injury, Thigh Injury, Knee Injury",1
ENG-Premier League,2324,Crystal Palace,James Tomkins,ENG,"DF,MF",34,1989,4,0,10,0.1,0,0,0,0,0,0,0,0,0.0,0.0,0.0,0.0,0.0,J. Tomkins,J. Tomkins,19.0,"Muscle Injury, Red Card, Calf Injury",1
ENG-Premier League,2324,Crystal Palace,Jaïro Riedewald,NED,MF,26,1996,9,2,235,2.6,0,0,0,0,0,0,0,0,0.0,0.0,0.0,0.0,0.0,J. Riedewald,,0.0,None,0
ENG-Premier League,2324,Crystal Palace,Jean-Philippe Mateta,FRA,FW,26,1997,35,25,2282,25.4,16,5,21,14,2,2,3,0,0.63,0.2,0.83,0.55,0.75,J. Mateta,,0.0,None,0
ENG-Premier League,2324,Crystal Palace,Jefferson Lerma,COL,"MF,DF",28,1994,28,27,2400,26.7,1,1,2,1,0,0,8,0,0.04,0.04,0.07,0.04,0.07,J. Lerma,J. Lerma,10.0,Thigh Injury,1
ENG-Premier League,2324,Crystal Palace,Jeffrey Schlupp,GHA,"MF,FW",30,1992,29,17,1352,15.0,2,2,4,2,0,0,1,0,0.13,0.13,0.27,0.13,0.27,J. Schlupp,J. Schlupp,5.0,"Knock, Thigh Injury",1
ENG-Premier League,2324,Crystal Palace,Jesurun Rak Sakyi,ENG,"FW,MF",20,2002,6,0,136,1.5,0,0,0,0,0,0,0,0,0.0,0.0,0.0,0.0,0.0,J. Rak Sakyi,,0.0,None,0
ENG-Premier League,2324,Crystal Palace,Joachim Andersen,DEN,DF,27,1996,38,38,3415,37.9,2,3,5,2,0,0,7,0,0.05,0.08,0.13,0.05,0.13,J. Andersen,J. Andersen,4.0,Calf Injury,1
ENG-Premier League,2324,Crystal Palace,Joel Ward,ENG,DF,33,1989,26,23,1980,22.0,0,1,1,0,0,0,4,0,0.0,0.05,0.05,0.0,0.05,J. Ward,J. Ward,9.0,"Muscle Injury, Thigh Injury",1
ENG-Premier League,2324,Crystal Palace,Jordan Ayew,GHA,"MF,FW",31,1991,35,30,2543,28.3,4,7,11,4,0,0,9,1,0.14,0.25,0.39,0.14,0.39,J. Ayew,J. Ayew,2.0,"Red Card, National selection",1
ENG-Premier League,2324,Crystal Palace,Marc Guéhi,ENG,DF,23,2000,25,23,2021,22.5,0,1,1,0,0,0,2,0,0.0,0.04,0.04,0.0,0.04,M. Guéhi,,0.0,None,0
ENG-Premier League,2324,Crystal Palace,Matheus França,BRA,MF,19,2004,10,1,232,2.6,0,1,1,0,0,0,1,0,0.0,0.39,0.39,0.0,0.39,M. França,,0.0,None,0
ENG-Premier League,2324,Crystal Palace,Michael Olise,FRA,"MF,FW",21,2001,19,14,1275,14.2,10,6,16,9,1,1,0,0,0.71,0.42,1.13,0.64,1.06,M. Olise,M. Olise,20.0,"Foot Injury, Thigh Injury, Muscle Injury",1
ENG-Premier League,2324,Crystal Palace,Naouirou Ahamada,FRA,MF,21,2002,20,0,349,3.9,0,0,0,0,0,0,4,1,0.0,0.0,0.0,0.0,0.0,N. Ahamada,N. Ahamada,5.0,"Ankle Injury, Red Card",1
ENG-Premier League,2324,Crystal Palace,Nathaniel Clyne,ENG,DF,32,1991,19,14,1338,14.9,0,0,0,0,0,0,0,0,0.0,0.0,0.0,0.0,0.0,N. Clyne,N. Clyne,8.0,"Ankle Injury, Knee Injury",1
ENG-Premier League,2324,Crystal Palace,Odsonne Édouard,FRA,"FW,MF",25,1998,30,17,1555,17.3,7,0,7,7,0,0,4,0,0.41,0.0,0.41,0.41,0.41,O. Édouard,,0.0,None,0
ENG-Premier League,2324,Crystal Palace,Remi Matthews,ENG,GK,29,1994,1,0,4,0.0,0,0,0,0,0,0,0,0,0.0,0.0,0.0,0.0,0.0,R. Matthews,,0.0,None,0
ENG-Premier League,2324,Crystal Palace,Sam Johnstone,ENG,GK,30,1993,20,20,1796,20.0,0,0,0,0,0,0,1,0,0.0,0.0,0.0,0.0,0.0,S. Johnstone,S. Johnstone,21.0,"Lower Back Injury, Calf Injury, Elbow Injury",1
ENG-Premier League,2324,Crystal Palace,Tyrick Mitchell,ENG,"DF,MF",23,1999,37,37,3204,35.6,2,3,5,2,0,0,6,0,0.06,0.08,0.14,0.06,0.14,T. Mitchell,T. Mitchell,3.0,"Red Card, Groin Injury",1
ENG-Premier League,2324,Crystal Palace,Will Hughes,ENG,MF,28,1995,30,23,1891,21.0,0,1,1,0,0,0,6,0,0.0,0.05,0.05,0.0,0.05,W. Hughes,W. Hughes,9.0,"Illness, Knee Injury, Ankle Injury",1
ENG-Premier League,2324,Everton,Abdoulaye Doucouré,MLI,MF,30,1993,32,32,2629,29.2,7,1,8,7,0,0,7,0,0.24,0.03,0.27,0.24,0.27,A. Doucouré,,0.0,None,0
ENG-Premier League,2324,Everton,Alex Iwobi,NGA,MF,27,1996,2,2,140,1.6,0,0,0,0,0,0,0,0,0.0,0.0,0.0,0.0,0.0,A. Iwobi,A. Iwobi,5.0,"Thigh Injury, National selection, International duty",1
ENG-Premier League,2324,Everton,Amadou Onana,BEL,MF,21,2001,30,23,2091,23.2,2,0,2,2,0,0,5,0,0.09,0.0,0.09,0.09,0.09,A. Onana,A. Onana,6.0,"Yellow Cards, Muscle Injury, Calf Injury, Knee Injury",1
ENG-Premier League,2324,Everton,André Gomes,POR,MF,30,1993,12,3,508,5.6,1,0,1,1,0,0,4,0,0.18,0.0,0.18,0.18,0.18,A. Gomes,A. Gomes,25.0,"Injury, Calf Injury, Face Injury",1
ENG-Premier League,2324,Everton,Arnaut Danjuma,NED,"MF,FW",26,1997,14,5,595,6.6,1,0,1,1,0,0,0,0,0.15,0.0,0.15,0.15,0.15,A. Danjuma,A. Danjuma,9.0,Ankle Injury,1
ENG-Premier League,2324,Everton,Ashley Young,ENG,"DF,MF",38,1985,31,27,2280,25.3,0,0,0,0,0,0,7,1,0.0,0.0,0.0,0.0,0.0,A. Young,A. Young,6.0,"Red Card, Injury",1
ENG-Premier League,2324,Everton,Ben Godfrey,ENG,DF,25,1998,15,13,1120,12.4,0,0,0,0,0,0,2,0,0.0,0.0,0.0,0.0,0.0,B. Godfrey,B. Godfrey,17.0,"Ankle Injury, Groin Injury",1
ENG-Premier League,2324,Everton,Beto,GNB,FW,25,1998,30,9,951,10.6,3,0,3,3,0,1,2,0,0.28,0.0,0.28,0.28,0.28,Beto,Beto,2.0,Head Injury,1
ENG-Premier League,2324,Everton,Dominic Calvert-Lewin,ENG,FW,26,1997,32,26,2171,24.1,7,2,9,5,2,2,2,0,0.29,0.08,0.37,0.21,0.29,D. Calvert-Lewin,D. Calvert-Lewin,22.0,"Knee Injury, Muscle Injury, Thigh Injury, Head Injury",1
ENG-Premier League,2324,Everton,Dwight McNeil,ENG,MF,23,1999,35,33,2892,32.1,3,6,9,3,0,0,2,0,0.09,0.19,0.28,0.09,0.28,D. McNeil,D. McNeil,3.0,Ankle Injury,1
ENG-Premier League,2324,Everton,Idrissa Gana Gueye,SEN,MF,33,1989,25,24,1884,20.9,4,0,4,4,0,0,8,0,0.19,0.0,0.19,0.19,0.19,I. Gana Gueye,,0.0,None,0
ENG-Premier League,2324,Everton,Jack Harrison,ENG,MF,26,1996,29,25,2214,24.6,3,3,6,3,0,0,1,0,0.12,0.12,0.24,0.12,0.24,J. Harrison,J. Harrison,6.0,"Muscle Injury, Injury, Thigh Injury",1
ENG-Premier League,2324,Everton,James Garner,ENG,MF,22,2001,37,34,3004,33.4,1,2,3,1,0,0,7,0,0.03,0.06,0.09,0.03,0.09,J. Garner,J. Garner,9.0,"Back Injury, Lacking Match Fitness",1
ENG-Premier League,2324,Everton,James Tarkowski,ENG,DF,30,1992,38,38,3419,38.0,1,1,2,1,0,0,11,0,0.03,0.03,0.05,0.03,0.05,J. Tarkowski,,0.0,None,0
ENG-Premier League,2324,Everton,Jarrad Branthwaite,ENG,DF,21,2002,35,35,3116,34.6,3,0,3,3,0,0,8,0,0.09,0.0,0.09,0.09,0.09,J. Branthwaite,J. Branthwaite,1.0,Yellow Cards,1
ENG-Premier League,2324,Everton,Jordan Pickford,ENG,GK,29,1994,38,38,3420,38.0,0,0,0,0,0,0,5,0,0.0,0.0,0.0,0.0,0.0,J. Pickford,J. Pickford,1.0,Muscle Injury,1
ENG-Premier League,2324,Everton,Lewis Dobbin,ENG,MF,20,2003,12,1,232,2.6,1,0,1,1,0,0,1,0,0.39,0.0,0.39,0.39,0.39,L. Dobbin,L. Dobbin,7.0,Ankle Injury,1
ENG-Premier League,2324,Everton,Lewis Warrington,ENG,MF,20,2002,1,0,1,0.0,0,0,0,0,0,0,0,0,0.0,0.0,0.0,0.0,0.0,L. Warrington,,0.0,None,0
ENG-Premier League,2324,Everton,Michael Keane,ENG,DF,30,1993,9,4,439,4.9,1,0,1,1,0,0,2,0,0.21,0.0,0.21,0.21,0.21,M. Keane,M. Keane,4.0,Knee Injury,1
ENG-Premier League,2324,Everton,Nathan Patterson,SCO,DF,21,2001,20,9,1005,11.2,0,2,2,0,0,0,4,0,0.0,0.18,0.18,0.0,0.18,N. Patterson,N. Patterson,20.0,"Knee Injury, Thigh Injury",1
ENG-Premier League,2324,Everton,Neal Maupay,FRA,FW,26,1996,2,1,111,1.2,0,0,0,0,0,0,0,0,0.0,0.0,0.0,0.0,0.0,N. Maupay,N. Maupay,2.0,Loan agreement,1
ENG-Premier League,2324,Everton,Séamus Coleman,IRL,DF,34,1988,12,7,665,7.4,0,0,0,0,0,0,0,0,0.0,0.0,0.0,0.0,0.0,S. Coleman,S. Coleman,25.0,"Thigh Injury, Knee Injury, Lacking Match Fitness, Injury, Groin Injury",1
ENG-Premier League,2324,Everton,Thomas Cannon,IRL,FW,20,2002,1,0,1,0.0,0,0,0,0,0,0,0,0,0.0,0.0,0.0,0.0,0.0,T. Cannon,,0.0,None,0
ENG-Premier League,2324,Everton,Tyler Onyango,ENG,MF,20,2003,1,0,1,0.0,0,0,0,0,0,0,0,0,0.0,0.0,0.0,0.0,0.0,T. Onyango,,0.0,None,0
ENG-Premier League,2324,Everton,Vitaliy Mykolenko,UKR,DF,24,1999,28,28,2469,27.4,2,0,2,2,0,0,1,0,0.07,0.0,0.07,0.07,0.07,V. Mykolenko,V. Mykolenko,7.0,"Thigh Injury, Ankle Injury",1
ENG-Premier League,2324,Everton,Youssef Chermiti,POR,FW,19,2004,18,1,208,2.3,0,0,0,0,0,0,3,0,0.0,0.0,0.0,0.0,0.0,Y. Chermiti,,0.0,None,0
ENG-Premier League,2324,Fulham,Adama Traoré,ESP,MF,27,1996,17,1,377,4.2,2,3,5,2,0,0,2,0,0.48,0.72,1.19,0.48,1.19,A. Traoré,,0.0,None,0
ENG-Premier League,2324,Fulham,Aleksandar Mitrović,SRB,FW,28,1994,1,0,33,0.4,0,0,0,0,0,0,0,0,0.0,0.0,0.0,0.0,0.0,A. Mitrović,,0.0,None,0
ENG-Premier League,2324,Fulham,Alex Iwobi,NGA,MF,27,1996,30,25,2192,24.4,5,2,7,5,0,0,2,0,0.21,0.08,0.29,0.21,0.29,A. Iwobi,A. Iwobi,5.0,"Thigh Injury, National selection, International duty",1
ENG-Premier League,2324,Fulham,Andreas Pereira,BRA,MF,27,1996,37,34,2613,29.0,3,7,10,3,0,0,6,0,0.1,0.24,0.34,0.1,0.34,A. Pereira,A. Pereira,5.0,Ankle Injury,1
ENG-Premier League,2324,Fulham,Antonee Robinson,USA,DF,25,1997,37,37,3265,36.3,0,6,6,0,0,0,6,0,0.0,0.17,0.17,0.0,0.17,A. Robinson,A. Robinson,3.0,"Ankle Injury, Yellow Cards",1
ENG-Premier League,2324,Fulham,Armando Broja,ALB,FW,21,2001,8,0,88,1.0,0,1,1,0,0,0,0,0,0.0,1.02,1.02,0.0,1.02,A. Broja,A. Broja,33.0,"Injury, Knee Injury",1
ENG-Premier League,2324,Fulham,Bernd Leno,GER,GK,31,1992,38,38,3420,38.0,0,0,0,0,0,0,3,0,0.0,0.0,0.0,0.0,0.0,B. Leno,,0.0,None,0
ENG-Premier League,2324,Fulham,Bobby De Cordova-Reid,JAM,"MF,FW",30,1993,33,17,1423,15.8,6,2,8,6,0,0,4,0,0.38,0.13,0.51,0.38,0.51,B. De Cordova-Reid,,0.0,None,0
ENG-Premier League,2324,Fulham,Calvin Bassey,NGA,DF,23,1999,29,25,2303,25.6,1,0,1,1,0,0,6,1,0.04,0.0,0.04,0.04,0.04,C. Bassey,C. Bassey,4.0,"National selection, International duty",1
ENG-Premier League,2324,Fulham,Carlos Vinícius,BRA,FW,28,1995,13,2,315,3.5,2,0,2,2,0,0,2,0,0.57,0.0,0.57,0.57,0.57,C. Vinícius,,0.0,None,0
ENG-Premier League,2324,Fulham,Fodé Ballo-Touré,SEN,"DF,MF",26,1997,6,0,71,0.8,0,0,0,0,0,0,1,0,0.0,0.0,0.0,0.0,0.0,F. Ballo-Touré,,0.0,None,0
ENG-Premier League,2324,Fulham,Harrison Reed,ENG,MF,28,1995,27,15,1325,14.7,0,2,2,0,0,0,6,0,0.0,0.14,0.14,0.0,0.14,H. Reed,H. Reed,2.0,"Yellow Cards, Injury",1
ENG-Premier League,2324,Fulham,Harry Wilson,WAL,"MF,FW",26,1997,35,16,1620,18.0,4,6,10,4,0,0,6,0,0.22,0.33,0.56,0.22,0.56,H. Wilson,H. Wilson,10.0,"Knee Injury, Injury",1
ENG-Premier League,2324,Fulham,Issa Diop,MAR,DF,26,1997,18,16,1424,15.8,0,0,0,0,0,0,4,1,0.0,0.0,0.0,0.0,0.0,I. Diop,I. Diop,11.0,"Knock, Foot Injury, Thigh Injury, Red Card",1
ENG-Premier League,2324,Fulham,João Palhinha,POR,MF,28,1995,33,31,2699,30.0,4,1,5,4,0,0,13,0,0.13,0.03,0.17,0.13,0.17,J. Palhinha,J. Palhinha,6.0,"Yellow Cards, Shoulder Injury",1
ENG-Premier League,2324,Fulham,Kenny Tete,NED,DF,27,1995,14,10,867,9.6,1,0,1,1,0,0,2,0,0.1,0.0,0.1,0.1,0.1,K. Tete,K. Tete,11.0,"Knock, Yellow Cards, Injury, Achilles Tendon Injury",1
ENG-Premier League,2324,Fulham,Luke Harris,WAL,MF,18,2005,1,0,75,0.8,0,0,0,0,0,0,0,0,0.0,0.0,0.0,0.0,0.0,L. Harris,,0.0,None,0
ENG-Premier League,2324,Fulham,Raúl Jiménez,MEX,FW,32,1991,24,18,1395,15.5,7,0,7,7,0,0,3,1,0.45,0.0,0.45,0.45,0.45,R. Jiménez,,0.0,None,0
ENG-Premier League,2324,Fulham,Rodrigo Muniz,BRA,FW,22,2001,26,18,1593,17.7,9,1,10,9,0,0,1,0,0.51,0.06,0.56,0.51,0.56,R. Muniz,,0.0,None,0
ENG-Premier League,2324,Fulham,Saša Lukić,SRB,MF,26,1996,24,13,1122,12.5,1,0,1,1,0,0,3,0,0.08,0.0,0.08,0.08,0.08,S. Lukić,,0.0,None,0
ENG-Premier League,2324,Fulham,Tim Ream,USA,DF,35,1987,18,17,1503,16.7,1,0,1,1,0,0,4,1,0.06,0.0,0.06,0.06,0.06,T. Ream,T. Ream,9.0,"Arm Injury, Calf Injury",1
ENG-Premier League,2324,Fulham,Timothy Castagne,BEL,DF,27,1995,34,29,2634,29.3,1,3,4,1,0,0,3,0,0.03,0.1,0.14,0.03,0.14,T. Castagne,,0.0,None,0
ENG-Premier League,2324,Fulham,Tom Cairney,SCO,MF,32,1991,34,14,1488,16.5,1,4,5,1,0,0,3,0,0.06,0.24,0.3,0.06,0.3,T. Cairney,T. Cairney,5.0,Ankle Injury,1
ENG-Premier League,2324,Fulham,Tosin Adarabioyo,ENG,DF,25,1997,20,18,1617,18.0,2,0,2,2,0,0,2,0,0.11,0.0,0.11,0.11,0.11,T. Adarabioyo,T. Adarabioyo,8.0,Injury,1
ENG-Premier League,2324,Fulham,Willian,BRA,"MF,FW",34,1988,31,24,2053,22.8,4,2,6,2,2,2,1,0,0.18,0.09,0.26,0.09,0.18,Willian,Willian,6.0,"Calf Injury, Red Card, Injury, Muscle Injury",1
ENG-Premier League,2324,Liverpool,Alexis Mac Allister,ARG,MF,24,1998,33,31,2599,28.9,5,5,10,4,1,1,7,1,0.17,0.17,0.35,0.14,0.31,A. Mac Allister,A. Mac Allister,8.0,"Rest, Yellow Cards, Knee Injury",1
ENG-Premier League,2324,Liverpool,Alisson,BRA,GK,30,1992,28,28,2520,28.0,0,0,0,0,0,0,1,0,0.0,0.0,0.0,0.0,0.0,Alisson,Alisson,9.0,"Muscle Injury, Hamstring Injury",1
ENG-Premier League,2324,Liverpool,Andrew Robertson,SCO,DF,29,1994,23,18,1693,18.8,3,2,5,3,0,0,2,0,0.16,0.11,0.27,0.16,0.27,A. Robertson,A. Robertson,17.0,"Knee Injury, Groin Injury, Shoulder Injury, Ankle Injury",1
ENG-Premier League,2324,Liverpool,Ben Gannon-Doak,SCO,MF,17,2005,1,0,14,0.2,0,0,0,0,0,0,0,0,0.0,0.0,0.0,0.0,0.0,B. Gannon-Doak,,0.0,None,0
ENG-Premier League,2324,Liverpool,Bobby Clark,ENG,MF,18,2005,5,1,89,1.0,0,0,0,0,0,0,0,0,0.0,0.0,0.0,0.0,0.0,B. Clark,,0.0,None,0
ENG-Premier League,2324,Liverpool,Caoimhín Kelleher,IRL,GK,24,1998,10,10,900,10.0,0,0,0,0,0,0,0,0,0.0,0.0,0.0,0.0,0.0,C. Kelleher,C. Kelleher,8.0,"Muscle Injury, Injury",1
ENG-Premier League,2324,Liverpool,Cody Gakpo,NED,"FW,MF",24,1999,35,17,1649,18.3,8,5,13,8,0,0,1,0,0.44,0.27,0.71,0.44,0.71,C. Gakpo,C. Gakpo,3.0,"Knee Injury, Personal Reasons",1
ENG-Premier League,2324,Liverpool,Conor Bradley,NIR,DF,20,2003,11,10,753,8.4,1,3,4,1,0,0,2,0,0.12,0.36,0.48,0.12,0.48,C. Bradley,C. Bradley,4.0,"Personal Reasons, Ankle Injury",1
ENG-Premier League,2324,Liverpool,Curtis Jones,ENG,MF,22,2001,23,14,1167,13.0,1,1,2,1,0,0,3,1,0.08,0.08,0.15,0.08,0.15,C. Jones,C. Jones,18.0,"Calf Injury, Leg Injury, Ankle Injury, Red Card, Illness",1
ENG-Premier League,2324,Liverpool,Darwin Núñez,URU,FW,24,1999,36,22,2047,22.7,11,8,19,11,0,1,9,0,0.48,0.35,0.84,0.48,0.84,D. Núñez,,0.0,None,0
ENG-Premier League,2324,Liverpool,Diogo Jota,POR,FW,26,1996,21,14,1145,12.7,10,3,13,10,0,0,3,1,0.79,0.24,1.02,0.79,1.02,D. Jota,,0.0,None,0
ENG-Premier League,2324,Liverpool,Dominik Szoboszlai,HUN,MF,22,2000,33,25,2104,23.4,3,2,5,3,0,0,1,0,0.13,0.09,0.21,0.13,0.21,D. Szoboszlai,D. Szoboszlai,4.0,"Thigh Injury, Knee Injury",1
ENG-Premier League,2324,Liverpool,Harvey Elliott,ENG,"MF,FW",20,2003,34,11,1352,15.0,3,6,9,3,0,0,2,0,0.2,0.4,0.6,0.2,0.6,H. Elliott,,0.0,None,0
ENG-Premier League,2324,Liverpool,Ibrahima Konaté,FRA,DF,24,1999,22,17,1574,17.5,0,0,0,0,0,0,5,1,0.0,0.0,0.0,0.0,0.0,I. Konaté,,0.0,None,0
ENG-Premier League,2324,Liverpool,James McConnell,ENG,MF,18,2004,3,0,4,0.0,0,0,0,0,0,0,0,0,0.0,0.0,0.0,0.0,0.0,J. McConnell,,0.0,None,0
ENG-Premier League,2324,Liverpool,Jarell Quansah,ENG,DF,20,2003,17,13,1190,13.2,2,0,2,2,0,0,1,0,0.15,0.0,0.15,0.15,0.15,J. Quansah,,0.0,None,0
ENG-Premier League,2324,Liverpool,Jayden Danns,ENG,FW,17,2006,2,0,9,0.1,0,0,0,0,0,0,1,0,0.0,0.0,0.0,0.0,0.0,J. Danns,,0.0,None,0
ENG-Premier League,2324,Liverpool,Joe Gomez,ENG,DF,26,1997,32,17,1786,19.8,0,1,1,0,0,0,5,0,0.0,0.05,0.05,0.0,0.05,J. Gomez,J. Gomez,4.0,"Injury, Muscle Injury",1
ENG-Premier League,2324,Liverpool,Joël Matip,CMR,DF,31,1991,10,9,781,8.7,0,0,0,0,0,0,2,0,0.0,0.0,0.0,0.0,0.0,J. Matip,J. Matip,33.0,"Groin Injury, Calf Injury, Knee Injury",1
ENG-Premier League,2324,Liverpool,Kaide Gordon,ENG,FW,18,2004,1,0,1,0.0,0,0,0,0,0,0,0,0,0.0,0.0,0.0,0.0,0.0,K. Gordon,,0.0,None,0
ENG-Premier League,2324,Liverpool,Kostas Tsimikas,GRE,DF,27,1996,13,8,679,7.5,0,3,3,0,0,0,0,0,0.0,0.4,0.4,0.0,0.4,K. Tsimikas,K. Tsimikas,6.0,"Knock, Collarbone injury",1
ENG-Premier League,2324,Liverpool,Luis Díaz,COL,FW,26,1997,37,32,2629,29.2,8,5,13,8,0,0,3,0,0.27,0.17,0.45,0.27,0.45,L. Díaz,,0.0,None,0
ENG-Premier League,2324,Liverpool,Mohamed Salah,EGY,FW,31,1992,32,28,2534,28.2,18,10,28,13,5,7,2,0,0.64,0.36,0.99,0.46,0.82,M. Salah,M. Salah,6.0,"National selection, Thigh Injury",1
ENG-Premier League,2324,Liverpool,Owen Beck,WAL,"DF,MF",20,2002,1,0,8,0.1,0,0,0,0,0,0,0,0,0.0,0.0,0.0,0.0,0.0,O. Beck,,0.0,None,0
ENG-Premier League,2324,Liverpool,Ryan Gravenberch,NED,MF,21,2002,26,12,1121,12.5,1,0,1,1,0,0,0,0,0.08,0.0,0.08,0.08,0.08,R. Gravenberch,R. Gravenberch,3.0,"Knee Injury, Ankle Injury",1
ENG-Premier League,2324,Liverpool,Stefan Bajcetic,ESP,MF,18,2004,1,0,26,0.3,0,0,0,0,0,0,0,0,0.0,0.0,0.0,0.0,0.0,S. Bajcetic,S. Bajcetic,38.0,"Muscle Injury, Calf Injury, Lacking Match Fitness",1
ENG-Premier League,2324,Liverpool,Thiago Alcántara,ESP,MF,32,1991,1,0,6,0.1,0,0,0,0,0,0,0,0,0.0,0.0,0.0,0.0,0.0,T. Alcántara,,0.0,None,0
ENG-Premier League,2324,Liverpool,Trent Alexander-Arnold,ENG,DF,24,1998,28,25,2155,23.9,3,4,7,3,0,0,6,0,0.13,0.17,0.29,0.13,0.29,T. Alexander-Arnold,T. Alexander-Arnold,10.0,"Muscle Injury, Knee Injury",1
ENG-Premier League,2324,Liverpool,Virgil van Dijk,NED,DF,32,1991,36,36,3177,35.3,2,2,4,2,0,0,3,1,0.06,0.06,0.11,0.06,0.11,V. van Dijk,V. van Dijk,5.0,"Thigh Injury, Red Card",1
ENG-Premier League,2324,Liverpool,Wataru Endo,JPN,MF,30,1993,29,20,1722,19.1,1,0,1,1,0,0,10,0,0.05,0.0,0.05,0.05,0.05,W. Endo,W. Endo,4.0,"National selection, International duty, Knock",1
ENG-Premier League,2324,Luton Town,Albert Sambi Lokonga,BEL,MF,23,1999,17,16,1303,14.5,1,3,4,1,0,0,4,0,0.07,0.21,0.28,0.07,0.28,A. Sambi Lokonga,,0.0,None,0
ENG-Premier League,2324,Luton Town,Alfie Doughty,ENG,"MF,DF",23,1999,37,34,2925,32.5,2,8,10,2,0,0,5,0,0.06,0.25,0.31,0.06,0.31,A. Doughty,,0.0,None,0
ENG-Premier League,2324,Luton Town,Amari'i Bell,JAM,DF,29,1994,21,21,1720,19.1,0,0,0,0,0,0,0,0,0.0,0.0,0.0,0.0,0.0,A. Bell,A. Bell,17.0,Thigh Injury,1
ENG-Premier League,2324,Luton Town,Andros Townsend,ENG,"MF,FW",32,1991,27,14,1210,13.4,1,3,4,1,0,0,1,0,0.07,0.22,0.3,0.07,0.3,A. Townsend,A. Townsend,38.0,Knee Injury,1
ENG-Premier League,2324,Luton Town,Carlton Morris,ENG,"FW,MF",27,1995,38,32,2862,31.8,11,4,15,6,5,5,4,0,0.35,0.13,0.47,0.19,0.31,C. Morris,,0.0,None,0
ENG-Premier League,2324,Luton Town,Cauley Woodrow,ENG,FW,28,1994,24,2,427,4.7,1,1,2,1,0,0,2,0,0.21,0.21,0.42,0.21,0.42,C. Woodrow,C. Woodrow,5.0,Calf Injury,1
ENG-Premier League,2324,Luton Town,Chiedozie Ogbene,IRL,MF,26,1997,30,20,1995,22.2,4,1,5,4,0,0,1,0,0.18,0.05,0.23,0.18,0.23,C. Ogbene,C. Ogbene,7.0,Thigh Injury,1
ENG-Premier League,2324,Luton Town,Daiki Hashioka,JPN,"DF,MF",24,1999,10,6,595,6.6,0,0,0,0,0,0,0,0,0.0,0.0,0.0,0.0,0.0,D. Hashioka,D. Hashioka,2.0,Injury,1
ENG-Premier League,2324,Luton Town,Elijah Adebayo,ENG,FW,25,1998,27,16,1419,15.8,10,0,10,10,0,0,1,0,0.63,0.0,0.63,0.63,0.63,E. Adebayo,E. Adebayo,10.0,Thigh Injury,1
ENG-Premier League,2324,Luton Town,Fred Onyedinma,ENG,MF,26,1996,8,4,407,4.5,0,0,0,0,0,0,1,0,0.0,0.0,0.0,0.0,0.0,F. Onyedinma,,0.0,None,0
ENG-Premier League,2324,Luton Town,Gabriel Osho,NGA,DF,24,1998,21,21,1846,20.5,2,0,2,2,0,0,3,0,0.1,0.0,0.1,0.1,0.1,G. Osho,G. Osho,15.0,"Knee Injury, Injury",1
ENG-Premier League,2324,Luton Town,Issa Kaboré,BFA,"MF,DF",22,2001,24,21,1729,19.2,0,2,2,0,0,0,7,0,0.0,0.1,0.1,0.0,0.1,I. Kaboré,,0.0,None,0
ENG-Premier League,2324,Luton Town,Jacob Brown,SCO,"MF,FW",25,1998,19,12,1019,11.3,2,0,2,2,0,0,4,0,0.18,0.0,0.18,0.18,0.18,J. Brown,J. Brown,15.0,Knee Injury,1
ENG-Premier League,2324,Luton Town,James Shea,ENG,GK,32,1991,1,0,15,0.2,0,0,0,0,0,0,0,0,0.0,0.0,0.0,0.0,0.0,J. Shea,,0.0,None,0
ENG-Premier League,2324,Luton Town,Jordan Clark,ENG,MF,29,1993,23,14,1304,14.5,1,1,2,1,0,0,4,0,0.07,0.07,0.14,0.07,0.14,J. Clark,J. Clark,10.0,Ankle Injury,1
ENG-Premier League,2324,Luton Town,Joseph Johnson,ENG,DF,17,2006,2,0,77,0.9,0,0,0,0,0,0,1,0,0.0,0.0,0.0,0.0,0.0,J. Johnson,J. Johnson,3.0,Illness,1
ENG-Premier League,2324,Luton Town,Luke Berry,ENG,MF,31,1992,17,2,323,3.6,2,1,3,2,0,0,1,0,0.56,0.28,0.84,0.56,0.84,L. Berry,L. Berry,1.0,Calf Injury,1
ENG-Premier League,2324,Luton Town,Mads Juel Andersen,DEN,DF,25,1997,8,4,400,4.4,1,0,1,1,0,0,1,0,0.23,0.0,0.23,0.23,0.23,M. Juel Andersen,,0.0,None,0
ENG-Premier League,2324,Luton Town,Marvelous Nakamba,ZIM,MF,29,1994,13,13,1130,12.6,0,0,0,0,0,0,5,0,0.0,0.0,0.0,0.0,0.0,M. Nakamba,M. Nakamba,22.0,Knee Injury,1
ENG-Premier League,2324,Luton Town,Pelly Ruddock Mpanzu,COD,MF,30,1993,27,11,1101,12.2,0,0,0,0,0,0,1,0,0.0,0.0,0.0,0.0,0.0,P. Ruddock Mpanzu,,0.0,None,0
ENG-Premier League,2324,Luton Town,Reece Burke,ENG,DF,26,1996,22,20,1660,18.4,0,4,4,0,0,0,5,0,0.0,0.22,0.22,0.0,0.22,R. Burke,R. Burke,13.0,"Injury, Calf Injury",1
ENG-Premier League,2324,Luton Town,Ross Barkley,ENG,MF,29,1993,32,30,2618,29.1,5,4,9,5,0,0,6,0,0.17,0.14,0.31,0.17,0.31,R. Barkley,R. Barkley,3.0,"Thigh Injury, Calf Injury",1
ENG-Premier League,2324,Luton Town,Ryan Giles,ENG,"MF,DF",23,2000,11,5,503,5.6,0,0,0,0,0,0,0,0,0.0,0.0,0.0,0.0,0.0,R. Giles,,0.0,None,0
ENG-Premier League,2324,Luton Town,Tahith Chong,CUW,"MF,FW",23,1999,33,20,1982,22.0,4,0,4,4,0,0,4,0,0.18,0.0,0.18,0.18,0.18,T. Chong,,0.0,None,0
ENG-Premier League,2324,Luton Town,Teden Mengi,ENG,DF,21,2002,30,28,2469,27.4,1,0,1,1,0,0,3,0,0.04,0.0,0.04,0.04,0.04,T. Mengi,,0.0,None,0
ENG-Premier League,2324,Luton Town,Thomas Kaminski,BEL,GK,30,1992,38,38,3405,37.8,0,0,0,0,0,0,3,0,0.0,0.0,0.0,0.0,0.0,T. Kaminski,,0.0,None,0
ENG-Premier League,2324,Luton Town,Tom Lockyer,WAL,DF,28,1994,14,14,1169,13.0,1,1,2,1,0,0,4,0,0.08,0.08,0.15,0.08,0.15,T. Lockyer,T. Lockyer,23.0,"Back Injury, Heart Problems",1
ENG-Premier League,2324,Luton Town,Zack Nelson,ENG,MF,18,2005,2,0,7,0.1,0,0,0,0,0,0,0,0,0.0,0.0,0.0,0.0,0.0,Z. Nelson,,0.0,None,0
ENG-Premier League,2324,Manchester City,Aymeric Laporte,ESP,DF,29,1994,1,0,12,0.1,0,0,0,0,0,0,0,0,0.0,0.0,0.0,0.0,0.0,A. Laporte,A. Laporte,9.0,"Knee Injury, Back Injury, Illness",1
ENG-Premier League,2324,Manchester City,Bernardo Silva,POR,MF,28,1994,33,29,2578,28.6,6,9,15,6,0,0,8,0,0.21,0.31,0.52,0.21,0.52,B. Silva,B. Silva,3.0,"Illness, Injury",1
ENG-Premier League,2324,Manchester City,Cole Palmer,ENG,"FW,MF",21,2002,1,0,11,0.1,0,0,0,0,0,0,0,0,0.0,0.0,0.0,0.0,0.0,C. Palmer,C. Palmer,3.0,"Knock, Yellow Cards, Illness",1
ENG-Premier League,2324,Manchester City,Ederson,BRA,GK,29,1993,33,33,2785,30.9,0,0,0,0,0,0,5,0,0.0,0.0,0.0,0.0,0.0,Ederson,Ederson,3.0,"Ankle Injury, Muscle Injury, Eye injury",1
ENG-Premier League,2324,Manchester City,Erling Haaland,NOR,"FW,MF",23,2000,31,29,2552,28.4,27,5,32,20,7,8,1,0,0.95,0.18,1.13,0.71,0.88,E. Haaland,E. Haaland,9.0,"Foot Injury, Groin Injury, Ankle Injury, Injury, Health problems",1
ENG-Premier League,2324,Manchester City,Jack Grealish,ENG,"MF,FW",27,1995,20,10,1009,11.2,3,1,4,3,0,0,6,0,0.27,0.09,0.36,0.27,0.36,J. Grealish,J. Grealish,8.0,"Knee Injury, Thigh Injury, Yellow Cards, Groin Injury",1
ENG-Premier League,2324,Manchester City,James Mcatee,ENG,MF,20,2002,1,0,1,0.0,0,0,0,0,0,0,0,0,0.0,0.0,0.0,0.0,0.0,J. Mcatee,,0.0,None,0
ENG-Premier League,2324,Manchester City,Jeremy Doku,BEL,"MF,FW",21,2002,29,18,1595,17.7,3,8,11,3,0,0,3,0,0.17,0.45,0.62,0.17,0.62,J. Doku,J. Doku,5.0,Knock,1
ENG-Premier League,2324,Manchester City,John Stones,ENG,DF,29,1994,16,12,1064,11.8,1,0,1,1,0,0,2,0,0.08,0.0,0.08,0.08,0.08,J. Stones,J. Stones,19.0,"Thigh Injury, Injury, Muscle Injury, Ankle Injury",1
ENG-Premier League,2324,Manchester City,Joško Gvardiol,CRO,DF,21,2002,28,26,2328,25.9,4,1,5,4,0,0,3,0,0.15,0.04,0.19,0.15,0.19,J. Gvardiol,J. Gvardiol,3.0,Ankle Injury,1
ENG-Premier League,2324,Manchester City,Julián Álvarez,ARG,"MF,FW",23,2000,36,31,2647,29.4,11,8,19,9,2,2,2,0,0.37,0.27,0.65,0.31,0.58,J. Álvarez,,0.0,None,0
ENG-Premier League,2324,Manchester City,Kalvin Phillips,ENG,"DF,MF",27,1995,4,0,93,1.0,0,0,0,0,0,0,0,0,0.0,0.0,0.0,0.0,0.0,K. Phillips,K. Phillips,15.0,"Knock, Shoulder Injury, Red Card, Thigh Injury, Injury",1
ENG-Premier League,2324,Manchester City,Kevin De Bruyne,BEL,MF,32,1991,18,15,1221,13.6,4,10,14,4,0,0,2,0,0.29,0.74,1.03,0.29,1.03,K. De Bruyne,K. De Bruyne,19.0,"Injury, Thigh Injury",1
ENG-Premier League,2324,Manchester City,Kyle Walker,ENG,"DF,MF",33,1990,32,30,2767,30.7,0,4,4,0,0,0,2,0,0.0,0.13,0.13,0.0,0.13,K. Walker,K. Walker,9.0,"Muscle Injury, Thigh Injury",1
ENG-Premier League,2324,Manchester City,Manuel Akanji,SUI,"DF,MF",28,1995,30,28,2511,27.9,2,0,2,2,0,0,4,1,0.07,0.0,0.07,0.07,0.07,M. Akanji,M. Akanji,3.0,"Injury, Red Card",1
ENG-Premier League,2324,Manchester City,Mateo Kovačić,CRO,MF,29,1994,30,16,1551,17.2,1,0,1,1,0,0,4,0,0.06,0.0,0.06,0.06,0.06,M. Kovačić,,0.0,None,0
ENG-Premier League,2324,Manchester City,Matheus Nunes,POR,"MF,FW",24,1998,17,7,661,7.3,0,2,2,0,0,0,0,0,0.0,0.27,0.27,0.0,0.27,M. Nunes,M. Nunes,2.0,Muscle Injury,1
ENG-Premier League,2324,Manchester City,Nathan Aké,NED,DF,28,1995,29,24,2042,22.7,2,2,4,2,0,0,0,0,0.09,0.09,0.18,0.09,0.18,N. Aké,,0.0,None,0
ENG-Premier League,2324,Manchester City,Oscar Bobb,NOR,MF,20,2003,14,2,302,3.4,1,1,2,1,0,0,0,0,0.3,0.3,0.6,0.3,0.6,O. Bobb,,0.0,None,0
ENG-Premier League,2324,Manchester City,Phil Foden,ENG,MF,23,2000,35,33,2857,31.7,19,8,27,19,0,0,2,0,0.6,0.25,0.85,0.6,0.85,P. Foden,P. Foden,4.0,"Health problems, Illness",1
ENG-Premier League,2324,Manchester City,Rico Lewis,ENG,"DF,MF",18,2004,16,8,809,9.0,2,0,2,2,0,0,1,0,0.22,0.0,0.22,0.22,0.22,R. Lewis,,0.0,None,0
ENG-Premier League,2324,Manchester City,Rodri,ESP,"MF,DF",27,1996,34,34,2931,32.6,8,9,17,8,0,0,8,1,0.25,0.28,0.52,0.25,0.52,Rodri,Rodri,3.0,"Red Card, Yellow Cards",1
ENG-Premier League,2324,Manchester City,Rúben Dias,POR,"DF,MF",26,1997,30,28,2559,28.4,0,0,0,0,0,0,0,0,0.0,0.0,0.0,0.0,0.0,R. Dias,R. Dias,5.0,"Thigh Injury, Illness",1
ENG-Premier League,2324,Manchester City,Sergio Gómez,ESP,"DF,MF",22,2000,6,0,53,0.6,0,1,1,0,0,0,0,0,0.0,1.7,1.7,0.0,1.7,S. Gómez,,0.0,None,0
ENG-Premier League,2324,Manchester City,Stefan Ortega,GER,GK,30,1992,9,5,635,7.1,0,0,0,0,0,0,0,0,0.0,0.0,0.0,0.0,0.0,S. Ortega,,0.0,None,0
ENG-Premier League,2324,Manchester Utd,Aaron Wan-Bissaka,COD,DF,25,1997,22,20,1780,19.8,0,2,2,0,0,0,4,0,0.0,0.1,0.1,0.0,0.1,A. Wan-Bissaka,A. Wan-Bissaka,18.0,"Knock, Injury, Thigh Injury",1
ENG-Premier League,2324,Manchester Utd,Alejandro Garnacho,ARG,MF,19,2004,36,30,2565,28.5,7,4,11,7,0,0,4,0,0.25,0.14,0.39,0.25,0.39,A. Garnacho,A. Garnacho,7.0,"Foot Injury, Ankle Injury",1
ENG-Premier League,2324,Manchester Utd,Amad Diallo,CIV,MF,21,2002,9,3,390,4.3,1,1,2,1,0,0,1,0,0.23,0.23,0.46,0.23,0.46,A. Diallo,A. Diallo,20.0,"Knee Injury, Red Card",1
ENG-Premier League,2324,Manchester Utd,André Onana,CMR,GK,27,1996,38,38,3420,38.0,0,0,0,0,0,0,5,0,0.0,0.0,0.0,0.0,0.0,A. Onana,A. Onana,6.0,"Yellow Cards, Muscle Injury, Calf Injury, Knee Injury",1
ENG-Premier League,2324,Manchester Utd,Anthony Martial,FRA,FW,27,1995,13,5,448,5.0,1,0,1,1,0,0,0,0,0.2,0.0,0.2,0.2,0.2,A. Martial,A. Martial,36.0,"Thigh Injury, Achilles Tendon Injury, Back Injury, Injury, Muscle Injury, Illness, Surgery, Lacking Match Fitness",1
ENG-Premier League,2324,Manchester Utd,Antony,BRA,MF,23,2000,29,15,1324,14.7,1,1,2,1,0,0,5,0,0.07,0.07,0.14,0.07,0.14,Antony,Antony,9.0,"Injury, Ankle Injury, Inactive",1
ENG-Premier League,2324,Manchester Utd,Bruno Fernandes,POR,MF,28,1994,35,35,3118,34.6,10,8,18,6,4,5,9,0,0.29,0.23,0.52,0.17,0.4,B. Fernandes,B. Fernandes,4.0,"Yellow Cards, Health problems",1
ENG-Premier League,2324,Manchester Utd,Casemiro,BRA,"MF,DF",31,1992,25,24,1982,22.0,1,2,3,1,0,0,7,0,0.05,0.09,0.14,0.05,0.14,Casemiro,Casemiro,20.0,"Inactive, Yellow Cards, Red Card, Ankle Injury, Hamstring Injury",1
ENG-Premier League,2324,Manchester Utd,Christian Eriksen,DEN,MF,31,1992,22,12,1141,12.7,1,2,3,1,0,0,1,0,0.08,0.16,0.24,0.08,0.24,C. Eriksen,C. Eriksen,12.0,"Ankle Injury, Knee Injury",1
ENG-Premier League,2324,Manchester Utd,Daniel Gore,ENG,MF,18,2004,1,0,1,0.0,0,0,0,0,0,0,0,0,0.0,0.0,0.0,0.0,0.0,D. Gore,,0.0,None,0
ENG-Premier League,2324,Manchester Utd,Diogo Dalot,POR,DF,24,1999,36,35,3174,35.3,2,3,5,2,0,0,6,1,0.06,0.09,0.14,0.06,0.14,D. Dalot,D. Dalot,6.0,"Yellow Cards, Muscle Injury, Thigh Injury, Red Card",1
ENG-Premier League,2324,Manchester Utd,Donny van de Beek,NED,MF,26,1997,1,0,3,0.0,0,0,0,0,0,0,0,0,0.0,0.0,0.0,0.0,0.0,D. van de Beek,D. van de Beek,26.0,"Knock, Muscle Injury, Knee Injury",1
ENG-Premier League,2324,Manchester Utd,Ethan Wheatley,ENG,FW,17,2006,3,0,16,0.2,0,0,0,0,0,0,0,0,0.0,0.0,0.0,0.0,0.0,E. Wheatley,,0.0,None,0
ENG-Premier League,2324,Manchester Utd,Facundo Pellistri,URU,MF,21,2001,9,1,172,1.9,0,1,1,0,0,0,0,0,0.0,0.52,0.52,0.0,0.52,F. Pellistri,F. Pellistri,6.0,Ankle Injury,1
ENG-Premier League,2324,Manchester Utd,Hannibal Mejbri,TUN,MF,20,2003,5,1,133,1.5,1,0,1,1,0,0,1,0,0.68,0.0,0.68,0.68,0.68,H. Mejbri,,0.0,None,0
ENG-Premier League,2324,Manchester Utd,Harry Maguire,ENG,DF,30,1993,22,18,1653,18.4,2,2,4,2,0,0,4,0,0.11,0.11,0.22,0.11,0.22,H. Maguire,H. Maguire,17.0,"Muscle Injury, Injury, Groin Injury",1
ENG-Premier League,2324,Manchester Utd,Jadon Sancho,ENG,"FW,MF",23,2000,3,0,79,0.9,0,0,0,0,0,0,0,0,0.0,0.0,0.0,0.0,0.0,J. Sancho,J. Sancho,24.0,"Illness, Lacking Match Fitness, Suspended, Coach's decision",1
ENG-Premier League,2324,Manchester Utd,Jonny Evans,NIR,DF,35,1988,23,15,1392,15.5,0,1,1,0,0,0,2,0,0.0,0.06,0.06,0.0,0.06,J. Evans,J. Evans,29.0,"Calf Injury, Muscle Injury, Injury, Illness",1
ENG-Premier League,2324,Manchester Utd,Kobbie Mainoo,ENG,MF,18,2005,24,24,1924,21.4,3,1,4,3,0,0,3,0,0.14,0.05,0.19,0.14,0.19,K. Mainoo,K. Mainoo,9.0,Ankle Injury,1
ENG-Premier League,2324,Manchester Utd,Lisandro Martínez,ARG,DF,25,1998,11,8,646,7.2,0,1,1,0,0,0,3,0,0.0,0.14,0.14,0.0,0.14,L. Martínez,,0.0,None,0
ENG-Premier League,2324,Manchester Utd,Luke Shaw,ENG,DF,28,1995,12,12,959,10.7,0,0,0,0,0,0,6,0,0.0,0.0,0.0,0.0,0.0,L. Shaw,L. Shaw,27.0,"Thigh Injury, Muscle Injury, Leg Injury",1
ENG-Premier League,2324,Manchester Utd,Marcus Rashford,ENG,"MF,FW",25,1997,33,26,2271,25.2,7,2,9,5,2,2,2,0,0.28,0.08,0.36,0.2,0.28,M. Rashford,M. Rashford,8.0,"Muscle Injury, Leg Injury, Illness, Ankle Injury",1
ENG-Premier League,2324,Manchester Utd,Mason Mount,ENG,MF,24,1999,14,5,516,5.7,1,0,1,1,0,0,2,0,0.17,0.0,0.17,0.17,0.17,M. Mount,M. Mount,36.0,"Injury, Abdominal strain, Muscle Injury, Pelvis Injury, Hamstring Injury",1
ENG-Premier League,2324,Manchester Utd,Omari Forson,ENG,MF,19,2004,4,1,70,0.8,0,1,1,0,0,0,0,0,0.0,1.29,1.29,0.0,1.29,O. Forson,O. Forson,1.0,Injury,1
ENG-Premier League,2324,Manchester Utd,Raphaël Varane,FRA,DF,30,1993,22,16,1375,15.3,1,0,1,1,0,0,2,0,0.07,0.0,0.07,0.07,0.07,R. Varane,R. Varane,17.0,"Muscle Injury, Injury",1
ENG-Premier League,2324,Manchester Utd,Rasmus Højlund,DEN,FW,20,2003,30,25,2158,24.0,10,2,12,10,0,0,2,0,0.42,0.08,0.5,0.42,0.5,R. Højlund,,0.0,None,0
ENG-Premier League,2324,Manchester Utd,Scott McTominay,SCO,"MF,FW",26,1996,32,18,1901,21.1,7,1,8,7,0,0,2,0,0.33,0.05,0.38,0.33,0.38,S. McTominay,S. McTominay,15.0,"Yellow Cards, Illness, Injury, Health problems, Knee Injury",1
ENG-Premier League,2324,Manchester Utd,Sergio Reguilón,ESP,DF,26,1996,9,4,412,4.6,0,0,0,0,0,0,3,0,0.0,0.0,0.0,0.0,0.0,S. Reguilón,,0.0,None,0
ENG-Premier League,2324,Manchester Utd,Sofyan Amrabat,MAR,"MF,DF",26,1996,21,10,938,10.4,0,0,0,0,0,0,6,0,0.0,0.0,0.0,0.0,0.0,S. Amrabat,S. Amrabat,4.0,"Back Injury, Muscle Injury, National selection, International duty",1
ENG-Premier League,2324,Manchester Utd,Victor Lindelöf,SWE,DF,29,1994,19,14,1328,14.8,1,1,2,1,0,0,2,0,0.07,0.07,0.14,0.07,0.14,V. Lindelöf,,0.0,None,0
ENG-Premier League,2324,Manchester Utd,Willy Kambwala,FRA,DF,18,2004,8,3,330,3.7,0,0,0,0,0,0,1,0,0.0,0.0,0.0,0.0,0.0,W. Kambwala,W. Kambwala,3.0,Injury,1
ENG-Premier League,2324,Newcastle United,Alex Murphy,IRL,DF,19,2004,2,0,13,0.1,0,0,0,0,0,0,0,0,0.0,0.0,0.0,0.0,0.0,A. Murphy,,0.0,None,0
ENG-Premier League,2324,Newcastle United,Alexander Isak,SWE,FW,23,1999,30,27,2255,25.1,21,2,23,16,5,6,1,0,0.84,0.08,0.92,0.64,0.72,A. Isak,A. Isak,18.0,"Injury, Muscle Injury, Head Injury, Groin Injury",1
ENG-Premier League,2324,Newcastle United,Amadou Diallo,ENG,FW,20,2003,1,0,1,0.0,0,0,0,0,0,0,0,0,0.0,0.0,0.0,0.0,0.0,A. Diallo,A. Diallo,20.0,"Knee Injury, Red Card",1
ENG-Premier League,2324,Newcastle United,Anthony Gordon,ENG,FW,22,2001,35,34,2890,32.1,11,10,21,10,1,1,12,1,0.34,0.31,0.65,0.31,0.62,A. Gordon,A. Gordon,6.0,"Yellow Cards, Illness, Ankle Injury, Red Card",1
ENG-Premier League,2324,Newcastle United,Ben Parkinson,ENG,FW,18,2005,1,0,25,0.3,0,0,0,0,0,0,0,0,0.0,0.0,0.0,0.0,0.0,B. Parkinson,,0.0,None,0
ENG-Premier League,2324,Newcastle United,Bruno Guimarães,BRA,MF,25,1997,37,37,3263,36.3,7,8,15,7,0,0,9,0,0.19,0.22,0.41,0.19,0.41,B. Guimarães,,0.0,None,0
ENG-Premier League,2324,Newcastle United,Callum Wilson,ENG,FW,31,1992,20,9,991,11.0,9,1,10,7,2,2,3,0,0.82,0.09,0.91,0.64,0.73,C. Wilson,C. Wilson,21.0,"Thigh Injury, Calf Injury, Chest Injury",1
ENG-Premier League,2324,Newcastle United,Dan Burn,ENG,DF,31,1992,33,32,2726,30.3,2,2,4,2,0,0,4,0,0.07,0.07,0.13,0.07,0.13,D. Burn,D. Burn,5.0,Back Injury,1
ENG-Premier League,2324,Newcastle United,Elliot Anderson,ENG,"MF,FW",20,2002,21,10,1027,11.4,0,2,2,0,0,0,3,0,0.0,0.18,0.18,0.0,0.18,E. Anderson,E. Anderson,17.0,Back Injury,1
ENG-Premier League,2324,Newcastle United,Emil Krafth,SWE,DF,28,1994,17,8,913,10.1,0,0,0,0,0,0,2,0,0.0,0.0,0.0,0.0,0.0,E. Krafth,E. Krafth,42.0,"Thigh Injury, Knee Injury",1
ENG-Premier League,2324,Newcastle United,Fabian Schär,SUI,DF,31,1991,36,35,3054,33.9,4,1,5,4,0,0,5,0,0.12,0.03,0.15,0.12,0.15,F. Schär,,0.0,None,0
ENG-Premier League,2324,Newcastle United,Harvey Barnes,ENG,"FW,MF",25,1997,21,7,802,8.9,5,3,8,5,0,0,2,0,0.56,0.34,0.9,0.56,0.9,H. Barnes,H. Barnes,20.0,"Knee Injury, Thigh Injury, Ankle Injury",1
ENG-Premier League,2324,Newcastle United,Jacob Murphy,ENG,"FW,MF",28,1995,21,14,1189,13.2,3,7,10,3,0,0,1,0,0.23,0.53,0.76,0.23,0.76,J. Murphy,J. Murphy,10.0,Shoulder Injury,1
ENG-Premier League,2324,Newcastle United,Jamaal Lascelles,ENG,DF,29,1993,16,13,1080,12.0,1,0,1,1,0,0,4,0,0.08,0.0,0.08,0.08,0.08,J. Lascelles,J. Lascelles,17.0,"Calf Injury, Injury, Knock, Knee Injury",1
ENG-Premier League,2324,Newcastle United,Joe White,ENG,MF,20,2002,4,0,13,0.1,0,0,0,0,0,0,1,0,0.0,0.0,0.0,0.0,0.0,J. White,,0.0,None,0
ENG-Premier League,2324,Newcastle United,Joe Willock,ENG,MF,23,1999,9,5,419,4.7,1,0,1,1,0,0,0,0,0.21,0.0,0.21,0.21,0.21,J. Willock,J. Willock,31.0,"Thigh Injury, Muscle Injury, Achilles Tendon Injury",1
ENG-Premier League,2324,Newcastle United,Joelinton,BRA,"MF,FW",26,1996,20,15,1279,14.2,2,1,3,2,0,0,6,0,0.14,0.07,0.21,0.14,0.21,Joelinton,Joelinton,22.0,"Yellow Cards, Injury, Knee Injury, Calf Injury, Muscle Injury, Thigh Injury",1
ENG-Premier League,2324,Newcastle United,Kieran Trippier,ENG,DF,32,1990,28,26,2236,24.8,1,10,11,1,0,0,5,0,0.04,0.4,0.44,0.04,0.44,K. Trippier,K. Trippier,10.0,"Injury, Groin Injury, Calf Injury",1
ENG-Premier League,2324,Newcastle United,Lewis Hall,ENG,DF,18,2004,18,8,781,8.7,1,0,1,1,0,0,2,0,0.12,0.0,0.12,0.12,0.12,L. Hall,L. Hall,2.0,Loan agreement,1
ENG-Premier League,2324,Newcastle United,Lewis Miley,ENG,MF,17,2006,17,14,1202,13.4,1,3,4,1,0,0,1,0,0.07,0.22,0.3,0.07,0.3,L. Miley,L. Miley,12.0,"Illness, Back Injury",1
ENG-Premier League,2324,Newcastle United,Loris Karius,GER,GK,30,1993,1,1,90,1.0,0,0,0,0,0,0,0,0,0.0,0.0,0.0,0.0,0.0,L. Karius,,0.0,None,0
ENG-Premier League,2324,Newcastle United,Martin Dúbravka,SVK,GK,34,1989,23,22,1985,22.1,0,0,0,0,0,0,1,0,0.0,0.0,0.0,0.0,0.0,M. Dúbravka,,0.0,None,0
ENG-Premier League,2324,Newcastle United,Matt Ritchie,SCO,"DF,MF",33,1989,13,0,128,1.4,1,0,1,1,0,0,1,0,0.7,0.0,0.7,0.7,0.7,M. Ritchie,M. Ritchie,12.0,"Calf Injury, Knee Injury",1
ENG-Premier League,2324,Newcastle United,Matt Targett,ENG,DF,27,1995,3,1,78,0.9,0,0,0,0,0,0,1,0,0.0,0.0,0.0,0.0,0.0,M. Targett,M. Targett,32.0,"Thigh Injury, Heel Injury, Injury, Achilles Tendon Injury",1
ENG-Premier League,2324,Newcastle United,Michael Ndiweni,ENG,MF,19,2003,1,0,1,0.0,0,0,0,0,0,0,0,0,0.0,0.0,0.0,0.0,0.0,M. Ndiweni,,0.0,None,0
ENG-Premier League,2324,Newcastle United,Miguel Almirón,PAR,FW,29,1994,33,23,1937,21.5,3,1,4,3,0,0,2,0,0.14,0.05,0.19,0.14,0.19,M. Almirón,,0.0,None,0
ENG-Premier League,2324,Newcastle United,Nick Pope,ENG,GK,31,1992,15,15,1345,14.9,0,0,0,0,0,0,1,0,0.0,0.0,0.0,0.0,0.0,N. Pope,N. Pope,21.0,"Hand Injury, Shoulder Injury",1
ENG-Premier League,2324,Newcastle United,Paul Dummett,WAL,DF,31,1991,5,0,20,0.2,0,0,0,0,0,0,0,0,0.0,0.0,0.0,0.0,0.0,P. Dummett,P. Dummett,6.0,Calf Injury,1
ENG-Premier League,2324,Newcastle United,Sandro Tonali,ITA,MF,23,2000,8,5,438,4.9,1,0,1,1,0,0,2,0,0.21,0.0,0.21,0.21,0.21,S. Tonali,S. Tonali,29.0,Suspended,1
ENG-Premier League,2324,Newcastle United,Sean Longstaff,ENG,MF,25,1997,35,30,2747,30.5,6,2,8,6,0,0,7,0,0.2,0.07,0.26,0.2,0.26,S. Longstaff,S. Longstaff,6.0,"Foot Injury, Ankle Injury",1
ENG-Premier League,2324,Newcastle United,Sven Botman,NED,DF,23,2000,17,15,1377,15.3,2,2,4,2,0,0,2,0,0.13,0.13,0.26,0.13,0.26,S. Botman,S. Botman,21.0,"Ankle Injury, Knee Injury",1
ENG-Premier League,2324,Newcastle United,Valentino Livramento,ENG,DF,20,2002,26,12,1314,14.6,1,0,1,1,0,0,1,0,0.07,0.0,0.07,0.07,0.07,V. Livramento,V. Livramento,38.0,"Knee Injury, Lacking Match Fitness, Ankle Injury",1
ENG-Premier League,2324,Nottingham Forest,Andrew Omobamidele,IRL,DF,21,2002,11,8,783,8.7,0,0,0,0,0,0,2,0,0.0,0.0,0.0,0.0,0.0,A. Omobamidele,,0.0,None,0
ENG-Premier League,2324,Nottingham Forest,Andrey Santos,BRA,MF,19,2004,1,0,8,0.1,0,0,0,0,0,0,0,0,0.0,0.0,0.0,0.0,0.0,A. Santos,,0.0,None,0
ENG-Premier League,2324,Nottingham Forest,Anthony Elanga,SWE,"MF,FW",21,2002,36,25,2433,27.0,5,9,14,5,0,0,1,0,0.18,0.33,0.52,0.18,0.52,A. Elanga,A. Elanga,1.0,Knock,1
ENG-Premier League,2324,Nottingham Forest,Brandon Aguilera,CRC,MF,20,2003,1,0,5,0.1,0,0,0,0,0,0,0,0,0.0,0.0,0.0,0.0,0.0,B. Aguilera,,0.0,None,0
ENG-Premier League,2324,Nottingham Forest,Brennan Johnson,WAL,"FW,MF",22,2001,3,3,237,2.6,0,0,0,0,0,0,0,0,0.0,0.0,0.0,0.0,0.0,B. Johnson,B. Johnson,8.0,"Thigh Injury, Leg Injury, Groin Injury",1
ENG-Premier League,2324,Nottingham Forest,Callum Hudson-Odoi,ENG,"MF,FW",22,2000,29,20,1854,20.6,8,1,9,8,0,0,0,0,0.39,0.05,0.44,0.39,0.44,C. Hudson-Odoi,C. Hudson-Odoi,3.0,Thigh Injury,1
ENG-Premier League,2324,Nottingham Forest,Cheikhou Kouyaté,SEN,MF,33,1989,12,2,212,2.4,0,0,0,0,0,0,2,0,0.0,0.0,0.0,0.0,0.0,C. Kouyaté,,0.0,None,0
ENG-Premier League,2324,Nottingham Forest,Chris Wood,NZL,FW,31,1991,31,20,1812,20.1,14,1,15,14,0,0,0,0,0.7,0.05,0.75,0.7,0.75,C. Wood,C. Wood,18.0,Thigh Injury,1
ENG-Premier League,2324,Nottingham Forest,Danilo Santos,BRA,MF,22,2001,29,20,1792,19.9,2,2,4,2,0,0,4,0,0.1,0.1,0.2,0.1,0.2,D. Santos,,0.0,None,0
ENG-Premier League,2324,Nottingham Forest,Divock Origi,BEL,"MF,FW",28,1995,20,6,606,6.7,0,1,1,0,0,0,1,0,0.0,0.15,0.15,0.0,0.15,D. Origi,D. Origi,5.0,Groin Injury,1
ENG-Premier League,2324,Nottingham Forest,Felipe,BRA,DF,34,1989,7,4,375,4.2,0,0,0,0,0,0,4,0,0.0,0.0,0.0,0.0,0.0,Felipe,Felipe,16.0,"Injury, Knee Injury, Muscle Injury",1
ENG-Premier League,2324,Nottingham Forest,Gio Reyna,USA,MF,20,2002,9,2,235,2.6,0,1,1,0,0,0,0,0,0.0,0.38,0.38,0.0,0.38,G. Reyna,G. Reyna,1.0,Knock,1
ENG-Premier League,2324,Nottingham Forest,Gonzalo Montiel,ARG,DF,26,1997,14,8,801,8.9,0,2,2,0,0,0,5,0,0.0,0.22,0.22,0.0,0.22,G. Montiel,G. Montiel,7.0,"Muscle Injury, Thigh Injury",1
ENG-Premier League,2324,Nottingham Forest,Harry Toffolo,ENG,"DF,MF",27,1995,23,15,1459,16.2,1,3,4,1,0,0,3,0,0.06,0.19,0.25,0.06,0.25,H. Toffolo,H. Toffolo,4.0,Thigh Injury,1
ENG-Premier League,2324,Nottingham Forest,Ibrahim Sangaré,CIV,MF,25,1997,17,13,1035,11.5,0,0,0,0,0,0,6,0,0.0,0.0,0.0,0.0,0.0,I. Sangaré,,0.0,None,0
ENG-Premier League,2324,Nottingham Forest,Joe Worrall,ENG,DF,26,1997,7,5,439,4.9,0,0,0,0,0,0,0,1,0.0,0.0,0.0,0.0,0.0,J. Worrall,,0.0,None,0
ENG-Premier League,2324,Nottingham Forest,Matt Turner,USA,GK,29,1994,17,17,1530,17.0,0,0,0,0,0,0,2,0,0.0,0.0,0.0,0.0,0.0,M. Turner,M. Turner,1.0,Groin Injury,1
ENG-Premier League,2324,Nottingham Forest,Matz Sels,BEL,GK,31,1992,16,16,1440,16.0,0,0,0,0,0,0,1,0,0.0,0.0,0.0,0.0,0.0,M. Sels,,0.0,None,0
ENG-Premier League,2324,Nottingham Forest,Morgan Gibbs-White,ENG,"MF,FW",23,2000,37,35,3156,35.1,5,10,15,4,1,1,9,0,0.14,0.29,0.43,0.11,0.4,M. Gibbs-White,M. Gibbs-White,2.0,"Knock, Muscle Injury",1
ENG-Premier League,2324,Nottingham Forest,Moussa Niakhate,SEN,DF,27,1996,21,15,1460,16.2,1,0,1,1,0,0,5,1,0.06,0.0,0.06,0.06,0.06,M. Niakhate,M. Niakhate,25.0,"Thigh Injury, Red Card, National selection",1
ENG-Premier League,2324,Nottingham Forest,Murillo,BRA,DF,21,2002,32,32,2789,31.0,0,2,2,0,0,0,5,0,0.0,0.06,0.06,0.0,0.06,Murillo,,0.0,None,0
ENG-Premier League,2324,Nottingham Forest,Neco Williams,WAL,"DF,MF",22,2001,26,18,1637,18.2,0,1,1,0,0,0,4,0,0.0,0.05,0.05,0.0,0.05,N. Williams,N. Williams,8.0,"Concussion, Thigh Injury",1
ENG-Premier League,2324,Nottingham Forest,Nicolás Domínguez,ARG,MF,25,1998,26,19,1495,16.6,2,2,4,2,0,0,4,0,0.12,0.12,0.24,0.12,0.24,N. Domínguez,,0.0,None,0
ENG-Premier League,2324,Nottingham Forest,Nuno Tavares,POR,DF,23,2000,8,5,457,5.1,0,0,0,0,0,0,2,0,0.0,0.0,0.0,0.0,0.0,N. Tavares,N. Tavares,10.0,"Muscle Injury, Loan agreement, Injury",1
ENG-Premier League,2324,Nottingham Forest,Odysseas Vlachodimos,GRE,GK,29,1994,5,5,450,5.0,0,0,0,0,0,0,0,0,0.0,0.0,0.0,0.0,0.0,O. Vlachodimos,,0.0,None,0
ENG-Premier League,2324,Nottingham Forest,Ola Aina,NGA,"DF,MF",26,1996,22,20,1692,18.8,1,1,2,1,0,0,3,0,0.05,0.05,0.11,0.05,0.11,O. Aina,O. Aina,10.0,"Injury, National selection, International duty, Rest",1
ENG-Premier League,2324,Nottingham Forest,Orel Mangala,BEL,MF,25,1998,20,19,1563,17.4,1,0,1,1,0,0,6,0,0.06,0.0,0.06,0.06,0.06,O. Mangala,O. Mangala,4.0,"Muscle Injury, Red Card",1
ENG-Premier League,2324,Nottingham Forest,Rodrigo Ribeiro,POR,FW,18,2005,4,0,17,0.2,0,0,0,0,0,0,0,0,0.0,0.0,0.0,0.0,0.0,R. Ribeiro,,0.0,None,0
ENG-Premier League,2324,Nottingham Forest,Ryan Yates,ENG,MF,25,1997,35,21,1992,22.1,1,1,2,1,0,0,6,0,0.05,0.05,0.09,0.05,0.09,R. Yates,R. Yates,12.0,"Knee Injury, Illness, Shoulder Injury",1
ENG-Premier League,2324,Nottingham Forest,Scott McKenna,SCO,DF,26,1996,5,5,416,4.6,0,0,0,0,0,0,0,0,0.0,0.0,0.0,0.0,0.0,S. McKenna,S. McKenna,13.0,"Thigh Injury, Shoulder Injury",1
ENG-Premier League,2324,Nottingham Forest,Serge Aurier,CIV,"DF,MF",30,1992,12,10,833,9.3,0,2,2,0,0,0,2,0,0.0,0.22,0.22,0.0,0.22,S. Aurier,S. Aurier,14.0,"Calf Injury, Knock, Injury, National selection",1
ENG-Premier League,2324,Nottingham Forest,Taiwo Awoniyi,NGA,FW,25,1997,20,12,1042,11.6,6,3,9,6,0,0,2,0,0.52,0.26,0.78,0.52,0.78,T. Awoniyi,T. Awoniyi,25.0,"Lacking Match Fitness, Groin Injury, Muscle Injury",1
ENG-Premier League,2324,Nottingham Forest,Willy Boly,CIV,DF,32,1991,20,18,1438,16.0,2,1,3,2,0,0,3,1,0.13,0.06,0.19,0.13,0.19,W. Boly,W. Boly,28.0,"Suspended, Ankle Injury, Thigh Injury, Muscle Injury, Red Card, National selection, International duty, Rest, Injury",1
ENG-Premier League,2324,Sheffield United,Andre Brooks,JAM,MF,19,2003,20,12,938,10.4,0,0,0,0,0,0,1,0,0.0,0.0,0.0,0.0,0.0,A. Brooks,,0.0,None,0
ENG-Premier League,2324,Sheffield United,Anel Ahmedhodžić,BIH,DF,24,1999,31,29,2649,29.4,2,0,2,2,0,0,11,1,0.07,0.0,0.07,0.07,0.07,A. Ahmedhodžić,,0.0,None,0
ENG-Premier League,2324,Sheffield United,Anis Ben Slimane,TUN,MF,22,2001,15,4,419,4.7,0,0,0,0,0,0,2,0,0.0,0.0,0.0,0.0,0.0,A. Ben Slimane,,0.0,None,0
ENG-Premier League,2324,Sheffield United,Antwoine Hackford,ENG,FW,19,2004,2,0,13,0.1,0,0,0,0,0,0,0,0,0.0,0.0,0.0,0.0,0.0,A. Hackford,,0.0,None,0
ENG-Premier League,2324,Sheffield United,Auston Trusty,USA,DF,24,1998,32,28,2572,28.6,0,0,0,0,0,0,4,0,0.0,0.0,0.0,0.0,0.0,A. Trusty,,0.0,None,0
ENG-Premier League,2324,Sheffield United,Ben Brereton,CHI,"FW,MF",24,1999,14,14,1105,12.3,6,1,7,5,1,1,3,0,0.49,0.08,0.57,0.41,0.49,B. Brereton,,0.0,None,0
ENG-Premier League,2324,Sheffield United,Ben Osborn,ENG,MF,28,1994,24,14,1367,15.2,0,2,2,0,0,0,3,0,0.0,0.13,0.13,0.0,0.13,B. Osborn,B. Osborn,5.0,Groin Injury,1
ENG-Premier League,2324,Sheffield United,Bénie Traoré,CIV,"FW,MF",20,2002,8,3,387,4.3,0,0,0,0,0,0,0,0,0.0,0.0,0.0,0.0,0.0,B. Traoré,,0.0,None,0
ENG-Premier League,2324,Sheffield United,Cameron Archer,ENG,"FW,MF",22,2001,29,21,1832,20.4,4,1,5,4,0,0,1,0,0.2,0.05,0.25,0.2,0.25,C. Archer,C. Archer,5.0,Calf Injury,1
ENG-Premier League,2324,Sheffield United,Chris Basham,ENG,"DF,MF",35,1988,8,3,321,3.6,0,0,0,0,0,0,1,0,0.0,0.0,0.0,0.0,0.0,C. Basham,C. Basham,30.0,Ankle Injury,1
ENG-Premier League,2324,Sheffield United,Daniel Jebbison,CAN,FW,19,2003,1,0,21,0.2,0,0,0,0,0,0,0,0,0.0,0.0,0.0,0.0,0.0,D. Jebbison,D. Jebbison,37.0,Muscle Injury,1
ENG-Premier League,2324,Sheffield United,George Baldock,GRE,"DF,MF",30,1993,13,11,969,10.8,0,1,1,0,0,0,4,0,0.0,0.09,0.09,0.0,0.09,G. Baldock,G. Baldock,22.0,"Calf Injury, Thigh Injury, Injury",1
ENG-Premier League,2324,Sheffield United,Gustavo Hamer,NED,MF,26,1997,36,34,2910,32.3,4,6,10,4,0,0,9,0,0.12,0.19,0.31,0.12,0.31,G. Hamer,G. Hamer,1.0,Yellow Cards,1
ENG-Premier League,2324,Sheffield United,Ivo Grbić,CRO,GK,27,1996,9,9,771,8.6,0,0,0,0,0,0,1,0,0.0,0.0,0.0,0.0,0.0,I. Grbić,,0.0,None,0
ENG-Premier League,2324,Sheffield United,Jack Robinson,ENG,DF,29,1993,34,31,2885,32.1,1,1,2,1,0,0,10,0,0.03,0.03,0.06,0.03,0.06,J. Robinson,J. Robinson,4.0,"Yellow Cards, Ankle Injury",1
ENG-Premier League,2324,Sheffield United,James Mcatee,ENG,"MF,FW",20,2002,30,20,1822,20.2,3,3,6,2,1,1,2,0,0.15,0.15,0.3,0.1,0.25,J. Mcatee,,0.0,None,0
ENG-Premier League,2324,Sheffield United,Jayden Bogle,ENG,"MF,DF",23,2000,34,32,2788,31.0,3,0,3,3,0,0,9,0,0.1,0.0,0.1,0.1,0.1,J. Bogle,J. Bogle,3.0,"Knee Injury, Yellow Cards",1
ENG-Premier League,2324,Sheffield United,John Egan,IRL,DF,30,1992,6,6,482,5.4,0,0,0,0,0,0,2,0,0.0,0.0,0.0,0.0,0.0,J. Egan,J. Egan,32.0,"Knee Injury, Ankle Injury",1
ENG-Premier League,2324,Sheffield United,John Fleck,SCO,MF,31,1991,4,1,92,1.0,0,0,0,0,0,0,1,0,0.0,0.0,0.0,0.0,0.0,J. Fleck,J. Fleck,7.0,Calf Injury,1
ENG-Premier League,2324,Sheffield United,Luke Thomas,ENG,"MF,DF",22,2001,12,11,917,10.2,0,0,0,0,0,0,3,0,0.0,0.0,0.0,0.0,0.0,L. Thomas,,0.0,None,0
ENG-Premier League,2324,Sheffield United,Mason Holgate,JAM,DF,26,1996,10,9,710,7.9,0,0,0,0,0,0,3,1,0.0,0.0,0.0,0.0,0.0,M. Holgate,M. Holgate,11.0,"Knee Injury, Red Card, Loan agreement",1
ENG-Premier League,2324,Sheffield United,Max Lowe,ENG,"MF,DF",26,1997,10,4,503,5.6,0,0,0,0,0,0,1,0,0.0,0.0,0.0,0.0,0.0,M. Lowe,M. Lowe,23.0,"Ankle Injury, Injury",1
ENG-Premier League,2324,Sheffield United,Oliver Arblaster,ENG,MF,19,2004,12,11,943,10.5,0,0,0,0,0,0,2,0,0.0,0.0,0.0,0.0,0.0,O. Arblaster,,0.0,None,0
ENG-Premier League,2324,Sheffield United,Oliver McBurnie,SCO,FW,27,1996,21,15,1280,14.2,6,3,9,4,2,2,7,2,0.42,0.21,0.63,0.28,0.49,O. McBurnie,O. McBurnie,12.0,"Ankle Injury, Red Card, Groin Injury, Calf Injury, Thigh Injury",1
ENG-Premier League,2324,Sheffield United,Oliver Norwood,NIR,MF,32,1991,27,16,1440,16.0,1,0,1,0,1,1,8,0,0.06,0.0,0.06,0.0,0.0,O. Norwood,O. Norwood,1.0,Yellow Cards,1
ENG-Premier League,2324,Sheffield United,Rhian Brewster,ENG,FW,23,2000,13,3,346,3.8,0,0,0,0,0,0,0,1,0.0,0.0,0.0,0.0,0.0,R. Brewster,R. Brewster,23.0,"Muscle Injury, Thigh Injury, Red Card",1
ENG-Premier League,2324,Sheffield United,Rhys Norrington-Davies,WAL,DF,24,1999,5,2,110,1.2,0,0,0,0,0,0,1,0,0.0,0.0,0.0,0.0,0.0,R. Norrington-Davies,R. Norrington-Davies,32.0,"Muscle Injury, Thigh Injury",1
ENG-Premier League,2324,Sheffield United,Ryan One,SCO,MF,17,2006,1,0,8,0.1,0,0,0,0,0,0,0,0,0.0,0.0,0.0,0.0,0.0,R. One,,0.0,None,0
ENG-Premier League,2324,Sheffield United,Sam Curtis,IRL,DF,17,2005,1,0,28,0.3,0,0,0,0,0,0,0,0,0.0,0.0,0.0,0.0,0.0,S. Curtis,,0.0,None,0
ENG-Premier League,2324,Sheffield United,Sydie Peck,ENG,MF,18,2004,1,0,10,0.1,0,0,0,0,0,0,0,0,0.0,0.0,0.0,0.0,0.0,S. Peck,,0.0,None,0
ENG-Premier League,2324,Sheffield United,Tom Davies,ENG,MF,25,1998,9,2,221,2.5,0,0,0,0,0,0,2,0,0.0,0.0,0.0,0.0,0.0,T. Davies,T. Davies,26.0,"Injury, Thigh Injury, Knock",1
ENG-Premier League,2324,Sheffield United,Vinicius Souza,BRA,MF,24,1999,36,29,2668,29.6,1,0,1,1,0,0,3,0,0.03,0.0,0.03,0.03,0.03,V. Souza,,0.0,None,0
ENG-Premier League,2324,Sheffield United,Wes Foderingham,ENG,GK,32,1991,30,29,2649,29.4,0,0,0,0,0,0,2,0,0.0,0.0,0.0,0.0,0.0,W. Foderingham,,0.0,None,0
ENG-Premier League,2324,Sheffield United,William Osula,DEN,FW,19,2003,21,9,786,8.7,0,0,0,0,0,0,4,0,0.0,0.0,0.0,0.0,0.0,W. Osula,W. Osula,5.0,Muscle Injury,1
ENG-Premier League,2324,Sheffield United,Yasser Larouci,ALG,MF,22,2001,11,6,531,5.9,0,0,0,0,0,0,1,0,0.0,0.0,0.0,0.0,0.0,Y. Larouci,Y. Larouci,1.0,National selection,1
ENG-Premier League,2324,Tottenham Hotspur,Alejo Véliz,ARG,FW,19,2003,8,0,50,0.6,1,0,1,1,0,0,1,0,1.8,0.0,1.8,1.8,1.8,A. Véliz,,0.0,None,0
ENG-Premier League,2324,Tottenham Hotspur,Ben Davies,WAL,DF,30,1993,17,12,1090,12.1,1,0,1,1,0,0,2,0,0.08,0.0,0.08,0.08,0.08,B. Davies,B. Davies,11.0,"Knee Injury, Muscle Injury, Ankle Injury, Thigh Injury, Calf Injury",1
ENG-Premier League,2324,Tottenham Hotspur,Brennan Johnson,WAL,"MF,FW",22,2001,32,23,2085,23.2,5,10,15,5,0,0,3,0,0.22,0.43,0.65,0.22,0.65,B. Johnson,B. Johnson,8.0,"Thigh Injury, Leg Injury, Groin Injury",1
ENG-Premier League,2324,Tottenham Hotspur,Bryan Gil,ESP,MF,22,2001,11,2,209,2.3,0,0,0,0,0,0,0,0,0.0,0.0,0.0,0.0,0.0,B. Gil,B. Gil,10.0,"Injury, Muscle Injury",1
ENG-Premier League,2324,Tottenham Hotspur,Cristian Romero,ARG,DF,25,1998,33,33,2790,31.0,5,0,5,5,0,0,7,1,0.16,0.0,0.16,0.16,0.16,C. Romero,C. Romero,13.0,"Groin Injury, Muscle Injury, Rest, Red Card, Injury, Thigh Injury",1
ENG-Premier League,2324,Tottenham Hotspur,Dane Scarlett,ENG,FW,19,2004,4,0,22,0.2,0,0,0,0,0,0,0,0,0.0,0.0,0.0,0.0,0.0,D. Scarlett,,0.0,None,0
ENG-Premier League,2324,Tottenham Hotspur,Davinson Sánchez,COL,DF,27,1996,1,0,77,0.9,0,0,0,0,0,0,1,0,0.0,0.0,0.0,0.0,0.0,D. Sánchez,,0.0,None,0
ENG-Premier League,2324,Tottenham Hotspur,Dejan Kulusevski,SWE,"MF,FW",23,2000,36,31,2762,30.7,8,3,11,8,0,0,7,0,0.26,0.1,0.36,0.26,0.36,D. Kulusevski,D. Kulusevski,8.0,"Thigh Injury, Muscle Injury, Yellow Cards",1
ENG-Premier League,2324,Tottenham Hotspur,Destiny Udogie,ITA,DF,20,2002,28,28,2391,26.6,2,3,5,2,0,0,7,1,0.08,0.11,0.19,0.08,0.19,D. Udogie,D. Udogie,10.0,"Muscle Injury, Red Card, Yellow Cards, Knock, Thigh Injury",1
ENG-Premier League,2324,Tottenham Hotspur,Emerson,BRA,DF,24,1999,22,11,1161,12.9,1,0,1,1,0,0,4,0,0.08,0.0,0.08,0.08,0.08,Emerson,Emerson,2.0,"Yellow Cards, Muscle Injury",1
ENG-Premier League,2324,Tottenham Hotspur,Eric Dier,ENG,DF,29,1994,4,1,201,2.2,0,0,0,0,0,0,0,0,0.0,0.0,0.0,0.0,0.0,E. Dier,E. Dier,3.0,"Groin Injury, Muscle Injury",1
ENG-Premier League,2324,Tottenham Hotspur,Giovani Lo Celso,ARG,MF,27,1996,22,4,506,5.6,2,2,4,2,0,0,2,0,0.36,0.36,0.71,0.36,0.71,G. Lo Celso,G. Lo Celso,8.0,"Thigh Injury, Injury",1
ENG-Premier League,2324,Tottenham Hotspur,Guglielmo Vicario,ITA,GK,26,1996,38,38,3420,38.0,0,0,0,0,0,0,2,0,0.0,0.0,0.0,0.0,0.0,G. Vicario,,0.0,None,0
ENG-Premier League,2324,Tottenham Hotspur,Ivan Perišić,CRO,"FW,MF",34,1989,5,0,103,1.1,0,1,1,0,0,0,2,0,0.0,0.87,0.87,0.0,0.87,I. Perišić,,0.0,None,0
ENG-Premier League,2324,Tottenham Hotspur,James Maddison,ENG,MF,26,1996,28,26,2135,23.7,4,9,13,4,0,0,5,0,0.17,0.38,0.55,0.17,0.55,J. Maddison,J. Maddison,17.0,"Injury, Yellow Cards, Knee Injury, Ankle Injury",1
ENG-Premier League,2324,Tottenham Hotspur,Jamie Donley,NIR,MF,18,2005,3,0,3,0.0,0,0,0,0,0,0,1,0,0.0,0.0,0.0,0.0,0.0,J. Donley,,0.0,None,0
ENG-Premier League,2324,Tottenham Hotspur,Manor Solomon,ISR,MF,24,1999,5,2,199,2.2,0,2,2,0,0,0,1,0,0.0,0.9,0.9,0.0,0.9,M. Solomon,M. Solomon,47.0,Knee Injury,1
ENG-Premier League,2324,Tottenham Hotspur,Micky van de Ven,NED,DF,22,2001,27,27,2339,26.0,3,0,3,3,0,0,5,0,0.12,0.0,0.12,0.12,0.12,M. van de Ven,M. van de Ven,10.0,"Thigh Injury, Hamstring Injury",1
ENG-Premier League,2324,Tottenham Hotspur,Mikey Moore,ENG,MF,15,2007,2,0,4,0.0,0,0,0,0,0,0,0,0,0.0,0.0,0.0,0.0,0.0,M. Moore,,0.0,None,0
ENG-Premier League,2324,Tottenham Hotspur,Oliver Skipp,ENG,"MF,DF",22,2000,21,5,707,7.9,0,0,0,0,0,0,3,0,0.0,0.0,0.0,0.0,0.0,O. Skipp,O. Skipp,5.0,"Leg Injury, Knock",1
ENG-Premier League,2324,Tottenham Hotspur,Pape Matar Sarr,SEN,MF,20,2002,34,27,2069,23.0,3,3,6,3,0,0,9,0,0.13,0.13,0.26,0.13,0.26,P. Matar Sarr,,0.0,None,0
ENG-Premier League,2324,Tottenham Hotspur,Pedro Porro,ESP,DF,23,1999,35,35,3089,34.3,3,7,10,3,0,0,3,0,0.09,0.2,0.29,0.09,0.29,P. Porro,P. Porro,2.0,Muscle Injury,1
ENG-Premier League,2324,Tottenham Hotspur,Pierre Højbjerg,DEN,MF,27,1995,36,8,1311,14.6,0,0,0,0,0,0,4,0,0.0,0.0,0.0,0.0,0.0,P. Højbjerg,,0.0,None,0
ENG-Premier League,2324,Tottenham Hotspur,Radu Drăgușin,ROU,DF,21,2002,9,4,429,4.8,0,0,0,0,0,0,1,0,0.0,0.0,0.0,0.0,0.0,R. Drăgușin,,0.0,None,0
ENG-Premier League,2324,Tottenham Hotspur,Richarlison,BRA,"FW,MF",26,1997,28,18,1491,16.6,11,4,15,11,0,0,3,0,0.66,0.24,0.91,0.66,0.91,Richarlison,Richarlison,18.0,"Suspended, Calf Injury, Thigh Injury, Health problems, Pelvis Injury, Knee Injury",1
ENG-Premier League,2324,Tottenham Hotspur,Rodrigo Bentancur,URU,MF,26,1997,23,13,1005,11.2,1,1,2,1,0,0,7,0,0.09,0.09,0.18,0.09,0.18,R. Bentancur,R. Bentancur,34.0,"Head Injury, Muscle Injury, Knee Injury, Ankle Injury",1
ENG-Premier League,2324,Tottenham Hotspur,Son Heung-min,KOR,"FW,MF",31,1992,35,34,2934,32.6,17,10,27,15,2,2,1,0,0.52,0.31,0.83,0.46,0.77,S. Heung-min,,0.0,None,0
ENG-Premier League,2324,Tottenham Hotspur,Timo Werner,GER,"MF,FW",27,1996,13,10,809,9.0,2,3,5,2,0,0,1,0,0.22,0.33,0.56,0.22,0.56,T. Werner,T. Werner,6.0,"Muscle Injury, Thigh Injury",1
ENG-Premier League,2324,Tottenham Hotspur,Yves Bissouma,MLI,MF,26,1996,28,26,2068,23.0,0,0,0,0,0,0,10,2,0.0,0.0,0.0,0.0,0.0,Y. Bissouma,Y. Bissouma,23.0,"Yellow Cards, Ankle Injury, Red Card, National selection, International duty, Knee Injury",1
ENG-Premier League,2324,West Ham United,Aaron Cresswell,ENG,DF,33,1989,11,4,436,4.8,0,0,0,0,0,0,1,0,0.0,0.0,0.0,0.0,0.0,A. Cresswell,A. Cresswell,5.0,"Muscle Injury, Thigh Injury",1
ENG-Premier League,2324,West Ham United,Alphonse Areola,FRA,GK,30,1993,31,31,2699,30.0,0,0,0,0,0,0,1,0,0.0,0.0,0.0,0.0,0.0,A. Areola,A. Areola,5.0,"Thigh Injury, Wrist Injury, Injury, Groin Injury",1
ENG-Premier League,2324,West Ham United,Angelo Ogbonna,ITA,DF,35,1988,11,7,635,7.1,0,0,0,0,0,0,1,0,0.0,0.0,0.0,0.0,0.0,A. Ogbonna,A. Ogbonna,2.0,Lacking Match Fitness,1
ENG-Premier League,2324,West Ham United,Ben Johnson,ENG,"MF,DF",23,2000,14,4,544,6.0,0,0,0,0,0,0,1,0,0.0,0.0,0.0,0.0,0.0,B. Johnson,B. Johnson,8.0,"Thigh Injury, Leg Injury, Groin Injury",1
ENG-Premier League,2324,West Ham United,Danny Ings,ENG,"FW,MF",31,1992,20,3,404,4.5,1,0,1,1,0,0,1,0,0.22,0.0,0.22,0.22,0.22,D. Ings,,0.0,None,0
ENG-Premier League,2324,West Ham United,Divin Mubama,ENG,FW,18,2004,5,0,80,0.9,0,0,0,0,0,0,0,0,0.0,0.0,0.0,0.0,0.0,D. Mubama,,0.0,None,0
ENG-Premier League,2324,West Ham United,Edson Álvarez,MEX,MF,25,1997,31,28,2377,26.4,1,1,2,1,0,0,11,0,0.04,0.04,0.08,0.04,0.08,E. Álvarez,,0.0,None,0
ENG-Premier League,2324,West Ham United,Emerson Palmieri,ITA,DF,28,1994,36,35,3137,34.9,1,2,3,1,0,0,10,0,0.03,0.06,0.09,0.03,0.09,E. Palmieri,,0.0,None,0
ENG-Premier League,2324,West Ham United,George Earthy,ENG,MF,18,2004,3,0,34,0.4,1,0,1,1,0,0,0,0,2.65,0.0,2.65,2.65,2.65,G. Earthy,G. Earthy,2.0,Concussion,1
ENG-Premier League,2324,West Ham United,James Ward-Prowse,ENG,MF,28,1994,37,34,3001,33.3,7,7,14,5,2,2,4,0,0.21,0.21,0.42,0.15,0.36,J. Ward-Prowse,,0.0,None,0
ENG-Premier League,2324,West Ham United,Jarrod Bowen,ENG,"MF,FW",26,1996,34,34,3019,33.5,16,6,22,16,0,0,2,0,0.48,0.18,0.66,0.48,0.66,J. Bowen,J. Bowen,3.0,"Knee Injury, Hip Injury, Injury",1
ENG-Premier League,2324,West Ham United,Kaelan Casey,ENG,DF,18,2004,1,0,1,0.0,0,0,0,0,0,0,0,0,0.0,0.0,0.0,0.0,0.0,K. Casey,,0.0,None,0
ENG-Premier League,2324,West Ham United,Kalvin Phillips,ENG,MF,27,1995,8,3,309,3.4,0,0,0,0,0,0,3,1,0.0,0.0,0.0,0.0,0.0,K. Phillips,K. Phillips,15.0,"Knock, Shoulder Injury, Red Card, Thigh Injury, Injury",1
ENG-Premier League,2324,West Ham United,Konstantinos Mavropanos,GRE,DF,25,1997,19,16,1500,16.7,1,0,1,1,0,0,2,0,0.06,0.0,0.06,0.06,0.06,K. Mavropanos,K. Mavropanos,5.0,"Lower Back Injury, Knock",1
ENG-Premier League,2324,West Ham United,Kurt Zouma,FRA,DF,28,1994,33,32,2838,31.5,3,0,3,3,0,0,3,0,0.1,0.0,0.1,0.1,0.1,K. Zouma,K. Zouma,11.0,"Knee Injury, Thigh Injury, Ankle Injury, Injury",1
ENG-Premier League,2324,West Ham United,Lucas Paquetá,BRA,MF,25,1997,31,31,2622,29.1,4,6,10,2,2,2,10,0,0.14,0.21,0.34,0.07,0.27,L. Paquetá,,0.0,None,0
ENG-Premier League,2324,West Ham United,Maxwel Cornet,CIV,MF,26,1996,7,1,112,1.2,1,0,1,1,0,0,0,0,0.8,0.0,0.8,0.8,0.8,M. Cornet,M. Cornet,20.0,"Calf Injury, Thigh Injury",1
ENG-Premier League,2324,West Ham United,Michail Antonio,JAM,FW,33,1990,26,21,1695,18.8,6,2,8,6,0,0,6,0,0.32,0.11,0.42,0.32,0.42,M. Antonio,M. Antonio,14.0,"Calf Injury, Injury, Knee Injury",1
ENG-Premier League,2324,West Ham United,Mohammed Kudus,GHA,MF,22,2000,33,27,2484,27.6,8,6,14,8,0,0,6,0,0.29,0.22,0.51,0.29,0.51,M. Kudus,M. Kudus,2.0,National selection,1
ENG-Premier League,2324,West Ham United,Nayef Aguerd,MAR,DF,27,1996,21,21,1857,20.6,1,0,1,1,0,0,3,1,0.05,0.0,0.05,0.05,0.05,N. Aguerd,N. Aguerd,23.0,"Ankle Injury, Muscle Injury, Illness, National selection, International duty",1
ENG-Premier League,2324,West Ham United,Pablo Fornals,ESP,MF,27,1996,15,4,426,4.7,0,0,0,0,0,0,0,0,0.0,0.0,0.0,0.0,0.0,P. Fornals,,0.0,None,0
ENG-Premier League,2324,West Ham United,Saïd Benrahma,ALG,MF,27,1995,13,5,620,6.9,0,1,1,0,0,1,1,0,0.0,0.15,0.15,0.0,0.15,S. Benrahma,,0.0,None,0
ENG-Premier League,2324,West Ham United,Thilo Kehrer,GER,DF,26,1996,4,0,22,0.2,0,0,0,0,0,0,2,0,0.0,0.0,0.0,0.0,0.0,T. Kehrer,,0.0,None,0
ENG-Premier League,2324,West Ham United,Tomáš Souček,CZE,MF,28,1995,37,34,2870,31.9,7,2,9,7,0,0,7,0,0.22,0.06,0.28,0.22,0.28,T. Souček,,0.0,None,0
ENG-Premier League,2324,West Ham United,Vladimír Coufal,CZE,DF,30,1992,36,36,3132,34.8,0,7,7,0,0,0,7,1,0.0,0.2,0.2,0.0,0.2,V. Coufal,V. Coufal,6.0,"Heel Injury, Thigh Injury, Illness, Red Card",1
ENG-Premier League,2324,West Ham United,Łukasz Fabiański,POL,GK,38,1985,10,7,721,8.0,0,0,0,0,0,0,0,0,0.0,0.0,0.0,0.0,0.0,Ł. Fabiański,,0.0,None,0
ENG-Premier League,2324,Wolves,Boubacar Traoré,MLI,MF,21,2001,24,7,819,9.1,0,0,0,0,0,0,4,0,0.0,0.0,0.0,0.0,0.0,B. Traoré,,0.0,None,0
ENG-Premier League,2324,Wolves,Craig Dawson,ENG,DF,33,1990,25,25,2209,24.5,1,1,2,1,0,0,7,0,0.04,0.04,0.08,0.04,0.08,C. Dawson,C. Dawson,18.0,"Thigh Injury, Yellow Cards, Knee Injury, Groin Injury",1
ENG-Premier League,2324,Wolves,Daniel Bentley,ENG,GK,30,1993,5,3,383,4.3,0,0,0,0,0,0,0,0,0.0,0.0,0.0,0.0,0.0,D. Bentley,,0.0,None,0
ENG-Premier League,2324,Wolves,Enso Gonzalez,PAR,FW,18,2005,1,0,1,0.0,0,0,0,0,0,0,0,0,0.0,0.0,0.0,0.0,0.0,E. Gonzalez,,0.0,None,0
ENG-Premier League,2324,Wolves,Fábio Silva,POR,FW,21,2002,8,3,264,2.9,0,0,0,0,0,0,2,0,0.0,0.0,0.0,0.0,0.0,F. Silva,,0.0,None,0
ENG-Premier League,2324,Wolves,Hugo Bueno,ESP,"MF,DF",20,2002,22,7,741,8.2,0,0,0,0,0,0,1,0,0.0,0.0,0.0,0.0,0.0,H. Bueno,H. Bueno,7.0,"Muscle Injury, Thigh Injury",1
ENG-Premier League,2324,Wolves,Hwang Hee-chan,KOR,"FW,MF",27,1996,29,25,2119,23.5,12,3,15,11,1,1,6,0,0.51,0.13,0.64,0.47,0.59,H. Hee-chan,,0.0,None,0
ENG-Premier League,2324,Wolves,Jean-Ricner Bellegarde,HAI,"MF,FW",25,1998,22,10,958,10.6,2,1,3,2,0,0,0,1,0.19,0.09,0.28,0.19,0.28,J. Bellegarde,J. Bellegarde,10.0,"Red Card, Muscle Injury, Knee Injury",1
ENG-Premier League,2324,Wolves,Jonny Castro,ESP,"DF,MF",29,1994,1,0,5,0.1,0,0,0,0,0,0,0,0,0.0,0.0,0.0,0.0,0.0,J. Castro,,0.0,None,0
ENG-Premier League,2324,Wolves,José Sá,POR,GK,30,1993,35,35,3037,33.7,0,1,1,0,0,0,1,0,0.0,0.03,0.03,0.0,0.03,J. Sá,,0.0,None,0
ENG-Premier League,2324,Wolves,João Gomes,BRA,MF,22,2001,34,32,2649,29.4,2,1,3,2,0,0,11,0,0.07,0.03,0.1,0.07,0.1,J. Gomes,J. Gomes,1.0,Red Card,1
ENG-Premier League,2324,Wolves,Leon Chiwome,ENG,FW,17,2006,3,2,174,1.9,0,0,0,0,0,0,0,0,0.0,0.0,0.0,0.0,0.0,L. Chiwome,L. Chiwome,6.0,Ankle Injury,1
ENG-Premier League,2324,Wolves,Mario Lemina,GAB,MF,29,1993,35,34,2968,33.0,4,1,5,4,0,0,12,1,0.12,0.03,0.15,0.12,0.15,M. Lemina,M. Lemina,4.0,"Red Card, Yellow Cards, Personal Reasons",1
ENG-Premier League,2324,Wolves,Matheus Cunha,BRA,"FW,MF",24,1999,32,29,2440,27.1,12,7,19,11,1,1,9,0,0.44,0.26,0.7,0.41,0.66,M. Cunha,M. Cunha,6.0,"Ankle Injury, Thigh Injury, Calf Injury",1
ENG-Premier League,2324,Wolves,Matheus Nunes,POR,MF,24,1998,2,2,179,2.0,0,0,0,0,0,0,2,1,0.0,0.0,0.0,0.0,0.0,M. Nunes,M. Nunes,2.0,Muscle Injury,1
ENG-Premier League,2324,Wolves,Matt Doherty,IRL,"MF,DF",31,1992,30,9,1150,12.8,1,0,1,1,0,0,2,0,0.08,0.0,0.08,0.08,0.08,M. Doherty,,0.0,None,0
ENG-Premier League,2324,Wolves,Max Kilman,ENG,DF,26,1997,38,38,3420,38.0,2,0,2,2,0,0,7,0,0.05,0.0,0.05,0.05,0.05,M. Kilman,,0.0,None,0
ENG-Premier League,2324,Wolves,Nathan Fraser,IRL,FW,18,2005,7,1,186,2.1,0,0,0,0,0,0,1,0,0.0,0.0,0.0,0.0,0.0,N. Fraser,,0.0,None,0
ENG-Premier League,2324,Wolves,Nélson Semedo,POR,"MF,DF",29,1993,36,36,3084,34.3,0,1,1,0,0,0,10,1,0.0,0.03,0.03,0.0,0.03,N. Semedo,N. Semedo,3.0,"Thigh Injury, Yellow Cards, Calf Injury",1
ENG-Premier League,2324,Wolves,Pablo Sarabia,ESP,"MF,FW",31,1992,30,20,1745,19.4,4,7,11,2,2,2,5,0,0.21,0.36,0.57,0.1,0.46,P. Sarabia,P. Sarabia,1.0,Injury,1
ENG-Premier League,2324,Wolves,Pedro Neto,POR,"MF,FW",23,2000,20,18,1516,16.8,2,9,11,2,0,0,4,0,0.12,0.53,0.65,0.12,0.65,P. Neto,P. Neto,29.0,"Ankle Injury, Thigh Injury, Hamstring Injury",1
ENG-Premier League,2324,Wolves,Rayan Aït-Nouri,ALG,"MF,DF",22,2001,33,29,2329,25.9,2,1,3,2,0,0,7,0,0.08,0.04,0.12,0.08,0.12,R. Aït-Nouri,,0.0,None,0
ENG-Premier League,2324,Wolves,Santiago Bueno,URU,DF,24,1998,12,9,822,9.1,0,0,0,0,0,0,1,0,0.0,0.0,0.0,0.0,0.0,S. Bueno,S. Bueno,1.0,Thigh Injury,1
ENG-Premier League,2324,Wolves,Sasa Kalajdzic,AUT,FW,26,1997,11,1,166,1.8,2,0,2,2,0,0,0,0,1.08,0.0,1.08,1.08,1.08,S. Kalajdzic,S. Kalajdzic,32.0,Knee Injury,1
ENG-Premier League,2324,Wolves,Tawanda Chirewa,ZIM,FW,19,2003,8,1,145,1.6,0,0,0,0,0,0,1,0,0.0,0.0,0.0,0.0,0.0,T. Chirewa,,0.0,None,0
ENG-Premier League,2324,Wolves,Tommy Doyle,ENG,MF,21,2001,26,11,1222,13.6,0,0,0,0,0,0,2,0,0.0,0.0,0.0,0.0,0.0,T. Doyle,T. Doyle,1.0,Loan agreement,1
ENG-Premier League,2324,Wolves,Toti Gomes,POR,DF,24,1999,35,31,2772,30.8,1,3,4,1,0,0,7,0,0.03,0.1,0.13,0.03,0.13,T. Gomes,,0.0,None,0
